Date,eps,sps,prof_mar,roic,ninc,gmar,cfo,cf,sg
1990-03-31,,,,,,,,,
1990-04-30,-0.0792735896690362,-0.03411923963072553,0.11453154544964103,,0.4980033674548568,,,,-0.4846304191062427
1990-05-31,0.007391620354699051,-0.38818697016131204,0.12790876390544667,,0.3466535471649714,,,,0.4829942847959721
1990-06-30,0.5865886393576394,0.2818368560033544,0.17731929274419359,,0.24349178498584514,,,,0.28889531955634085
1990-07-31,0.14816000122487116,-0.6672003174504151,0.12740568432167562,-0.1024403531947596,-0.02505819881978892,,,-0.08427765181853647,0.012584412718502528
1990-08-31,-0.3979057487443473,-0.19400327889809402,0.2201213657857105,0.3752979063532801,0.5471783493903458,,,-0.032776501840878325,0.026838263442388408
1990-09-30,0.17613538088695294,-0.590857490334034,0.1600876994843849,-0.5209309432629484,-0.005594728850645197,,,-0.3863255611370042,-0.07370187069524595
1990-10-31,0.4830862968295898,0.02424268291747179,0.14241221090803285,0.18781114781578254,0.2412764659240626,,,0.10985537327495125,-0.013576794919431432
1990-11-30,0.15499801342105657,0.3424353879145038,0.05743571766623777,0.21139026345027287,0.11454952556376899,,,-0.07914467908963793,0.4028049881966897
1990-12-31,-0.316434879138584,0.10702827373531049,-0.011992567002214578,0.16811129697661825,-0.03984030230003756,,,0.06264793686905192,0.014362173562548344
1991-01-31,0.14664835443319,0.0835456045484981,-0.31222442289936253,0.12271814049909692,-0.09712256765038742,,,0.044381441578421985,-0.030654696915746887
1991-02-28,0.13075242712192037,-0.07841543387425415,-0.011663618856496843,0.048988813501104726,0.11851860675077727,,,-0.15993438230148954,0.11957283352683128
1991-03-31,0.24013137339889687,0.1608399594715596,-0.004256302363603829,0.28523519938969705,-0.11315621633138959,,,0.11295784210233432,0.05890718464025931
1991-04-30,0.3245266571487044,0.0738653106297404,0.12658768765210474,-0.06617746357268464,0.16130790272874407,,,-0.007638602427941656,0.03694316821520767
1991-05-31,-0.17701324035027136,0.381761005290145,-0.10234388426897433,-0.10591169152421472,0.0012971007251613034,,,0.0813480912207525,-0.16650887441340215
1991-06-30,-0.2936904395572951,0.07529501544865186,0.023411687089727587,0.07799504209667898,-0.04406068880867993,,,-0.05858347819617801,-0.12961422552056504
1991-07-31,-0.12889650224021829,-0.3411256892408155,0.15992580990482966,0.152782087586615,0.05662102047202826,,,-0.02399303632875997,-0.015888916533623874
1991-08-31,0.7353128250502275,0.5305069581808067,-0.07640419218082758,0.0655961337784895,-0.3511957232022963,,,0.0740338796992794,-0.12702160427856232
1991-09-30,-0.48079124084859,-0.45721901686522587,0.1601798691148592,0.041562675396669614,0.15608077959747071,,,0.07853399852730736,0.05140877795661343
1991-10-31,0.31719625198698537,0.3225332948941761,0.026656242194799992,0.09266289625084734,0.029612260718562742,,,0.07791952451666005,-0.045874951130649474
1991-11-30,0.5519808688232869,0.41990320381564666,0.21878710711590524,0.2466308930210249,0.14115115211719495,,,0.0210555437911597,0.08503337901600491
1991-12-31,0.70408528870122,0.6942942448090449,0.06373608320419465,0.2455127321038699,0.07722886711580508,,,-0.02078168084163786,0.15409501503204068
1992-01-31,-0.05785844758036586,0.6300652298296396,-0.04073199424016989,-0.20986954124779264,0.0384614079603465,,,0.0682691342358242,-0.04717444589834487
1992-02-29,-0.19904617457720278,0.45520265007969146,-0.049530169511823055,-0.18507717090079587,0.040207484151857736,,,0.04568109513200445,-0.04628288121557243
1992-03-31,-0.295246375221373,-0.5114378551797161,0.0014825304059090084,-0.12245614108533379,0.036144390724858436,,,-0.08761342150762688,-0.1289661861357066
1992-04-30,-0.5021644215551769,-0.8573035622935063,-0.24214001272324379,-0.20391586421909166,-0.18147724817901922,,,-0.11848244407978671,-0.22625963986686856
1992-05-31,-0.4062724726923782,-0.42880216352602263,0.0162621111547902,-0.04985429768286208,0.020304936977101635,,,0.10550375182668378,0.06722302645752745
1992-06-30,0.34465270318745433,-0.28018048528858747,0.08961842670751431,0.11695575643070404,-0.027026137238074423,,,0.07322579091879693,0.00899289784724849
1992-07-31,0.2413586938409067,0.4445740781432576,-0.006752402077973638,0.01969923891159042,0.08424235605538231,,,-0.0003665835307539399,0.06664681783822787
1992-08-31,0.2630475541301895,0.07638354404593066,0.10782614997468304,0.1962597020847716,-0.1267460576119179,,,0.05460059987903115,-0.0010207799728137006
1992-09-30,0.09229985498564171,0.41908867101634456,-0.006657500337908215,-0.04573441612572067,-0.06900094776692911,,,-0.25364459729645095,0.07825192445020455
1992-10-31,0.133495656549283,0.21998073244576918,-0.03729485287372857,0.23672040558262863,0.04389177833240313,,,-0.01596049899359132,0.1597477541636057
1992-11-30,-0.28973180961243195,0.12093540038726142,0.03756870579380251,-0.019444777266968562,0.10180212647820217,,,0.034955710706252724,0.1415570031950968
1992-12-31,0.5429041360055252,0.7116164349717993,0.026885604915393185,-0.0011595575873192656,-0.04331851386643883,,,0.07156810390357782,-0.08156989552463408
1993-01-31,0.08214424344756234,0.5105740417798114,-0.008840489521600868,-0.1637394132288887,-0.08750474416196656,,,0.11879483278521083,0.0805263521018136
1993-02-28,-0.09988235517760234,0.1493266082545633,-0.13947279809384916,-0.0956969970829189,-0.10227317980437582,,,-0.012235712268168431,-0.14903472499565676
1993-03-31,-0.30083511754638215,-0.4781268636629557,-0.05889523504192457,0.036755419450974616,0.05048215408523551,,,-0.0029328635667807603,-0.13369898605018637
1993-04-30,-0.7070293014233671,-0.5287770851519401,0.08043356417347765,0.00955498015009791,0.007116545932769664,,,-0.0474961738788008,-0.07912162136667676
1993-05-31,0.5016788646304668,0.6580594113054088,-0.10502997848414046,0.09286389789200021,-0.015049653906390946,,,0.07755982525461033,0.1675254238550963
1993-06-30,-0.16181862491930316,-0.002258623112391843,-0.03359395226618302,-0.23136032990252237,-0.06398548089381885,,,0.17460088853018327,-0.012782315968192617
1993-07-31,-0.22077343566862623,-0.2309508450581673,0.1138879093900773,-0.17565185697996574,-0.0559824452324938,,,-0.00023867286992809443,-0.09950998875228569
1993-08-31,0.2382036076471752,0.5079855927064603,0.04921575181232032,0.1323068528218471,-0.08559908857922319,,,0.05261707812962096,0.10487740428688981
1993-09-30,0.4673071409829261,0.2798735492805779,-0.09874458737260014,-0.016853554699029567,0.0833792131396794,,,-0.050361263453997204,0.013925313629310434
1993-10-31,0.14385683918445205,-0.20520815094409492,-0.017995150016150673,0.05265582352170051,0.11494334579773514,,,0.017984789884633662,0.005945881341865365
1993-11-30,-0.6222553904282974,-0.09381326708908337,-0.02188169480749465,0.09500728739389729,-0.0026882106332327786,,,0.030278852711093745,-0.018753688849782405
1993-12-31,-0.015256098917936568,-0.0029894455444160937,0.1023299782758385,-0.00842779889598245,0.032216932670891374,,,-0.021360627991707435,-0.033675425742549975
1994-01-31,-0.2972687371433578,-0.2672175932081946,-0.018973445613900013,-0.08361014774588978,0.1180702035397362,,,-0.024034369970839804,0.03946178290142356
1994-02-28,0.6279584557064049,0.5650727828190579,-0.009586571817133231,0.08552345007652822,0.15558296752085485,,,0.06717391757632278,0.11741377118644294
1994-03-31,0.09884855325641045,-0.1984656835071376,-0.00935821900170617,0.04451529304960394,0.06208711920156866,,,-0.0014137256486997532,-0.12970383654445405
1994-04-30,-0.04940781142614112,-0.12930779483590038,-0.005611113010236941,0.004176456926115817,-0.0642904014385502,,,0.012993758259130966,0.1168000041287081
1994-05-31,-0.028457070680982948,0.2268711963781705,0.021848597069904066,0.15318138869298561,-0.051339758820654904,,,-0.01434079923430347,-0.06971106133588705
1994-06-30,0.3002926347577928,0.007001199689733895,0.12614695200588025,-0.02382663990176025,0.0975280284558069,,,0.1387391927712046,-0.04202447732964322
1994-07-31,0.10460077346926729,0.08213403013707775,-0.007035692060176869,-0.2374179423413686,-0.011774081820399676,,0.09575083459760728,0.033161745987811686,0.060627450476576784
1994-08-31,-0.17481738113076065,0.22906781520916175,0.07904854219011377,0.22670591519480757,0.14483893184331723,,-0.35990406324717966,-0.011336625920419525,0.07641894181311695
1994-09-30,-0.18405492835286033,-0.112603168997305,0.08983343497649779,0.18384917656140945,0.006963134163561204,,-0.07410509372661982,0.046200415339635516,-0.05575018795546387
1994-10-31,0.231349091786553,0.3490683943164883,0.0772473025779058,0.15489337752312102,0.1843865297944562,,0.1783211186283917,0.07463352355674156,0.07790607573034117
1994-11-30,-0.06793257234947368,0.2698125785290518,0.21128982412308395,0.24206842188496006,-0.0816333447281739,,0.2481207614140953,0.055152065555002475,-0.08605876273161166
1994-12-31,0.10301123500464597,-0.02339911338831636,0.06543436848462308,-0.007521791944081447,0.05497220800976086,,0.08307818173383846,-0.005244566775144225,0.13069754117464305
1995-01-31,0.12622129841962904,-0.0073435273743353595,0.190023201170313,0.014281796824359278,0.008938887929115194,,0.0801558271151545,-0.0018654921574857396,-0.17034716786148427
1995-02-28,-0.1144793888930564,0.11106847942090765,-0.006776315556111327,0.004166010542294206,0.039598897694887586,,0.05272129119303201,0.04510865571831976,0.04064207011847924
1995-03-31,0.011176517916995296,0.18263053366334506,-0.008753534276630167,0.13196755855818812,-0.04852156946632717,,0.15625961530932916,0.06377828922913062,0.2184099247970398
1995-04-30,0.0623548785023206,-0.06973653174127771,0.009141106861693477,-0.10476527149168481,0.007282688353564294,,-0.02269848345044225,0.022437643073500473,0.07220834633915348
1995-05-31,0.08009473547874464,0.10849016860649834,0.21761079752188614,0.04168967604274927,0.038531248160866075,,0.08619648642832271,-0.025731367332086325,0.0734052151962973
1995-06-30,0.27724465283013655,0.28672808187676474,0.03344895440381342,0.23348329869060636,0.08250769671397458,,0.2141576004452805,-0.005627060748912728,0.22565784638855502
1995-07-31,0.12106696496968657,0.10684729206908004,-0.03689096425040042,-0.015552598988877498,0.040226481742133474,,0.028651993697818554,-0.06103111292752026,0.17739603521237451
1995-08-31,0.16868776122406756,0.1390229810802141,0.17980352933825322,0.0813364572332946,0.058748543087421105,,0.17485602349246623,0.1532339732159282,0.08484376149622355
1995-09-30,0.040052770431867515,0.09236522942877244,0.22375605157186618,0.13042940304777192,-0.10270967966529511,,0.038794646656900154,0.06792081265734842,0.030491942210075073
1995-10-31,0.07431400696093894,0.19439347736463158,0.016610215745485303,0.169312917913451,0.03455684164525172,,0.03508680836362555,0.0573787280187798,0.05516362105969142
1995-11-30,-0.13380992059484914,-0.0765041408810938,-0.12158733697494287,-0.07097223101008228,-0.0028331518577804013,,0.09342942996224618,0.07405800700200897,-0.04519465180627769
1995-12-31,-0.22444540736839372,-0.23658493094564895,0.13394785734930506,-0.15866435414570423,-0.055579743521807806,,-0.054786722115195544,-0.014753399902395357,-0.12281045150651906
1996-01-31,0.03840274151035688,0.07824489237142565,0.13081409375536102,0.024281124579677876,-0.0034880943931242404,,0.12895492089944718,0.06927840893656122,0.014433876989981017
1996-02-29,0.03965818860610479,0.015768531088250673,0.050539652676476254,0.1168075807090966,0.0637598268403291,,0.02914941332387272,0.025523106985966593,-0.010192656132227048
1996-03-31,-0.1586511820456338,-0.16670200138545546,-0.07468725651636478,-0.1701275137697914,-0.07215846311814772,,-0.08873428423395416,-0.034680020199139204,-0.16603918747042204
1996-04-30,0.15737082681597903,0.07581687710166025,-0.1144766708559078,0.005488855436032108,0.030079111888328697,,-0.018514170553886607,-0.08141915457678767,0.0030598194577195355
1996-05-31,-0.14249467197203916,0.020983402431720578,0.019527228522417357,-0.005369001996050403,-0.02546871094952342,,-0.08645258162831769,0.16580020472586865,0.031272195944690925
1996-06-30,-0.11231749462597199,-0.06048826343167621,0.09665720801255649,0.043473440884303834,-0.019872654828459485,,-0.02141023131775861,0.035428621222531154,0.06421643689283085
1996-07-31,-0.07365884601633267,-0.1308261744863689,0.2252423497490936,0.026128526583365275,0.1609553012415449,,-0.127517412311622,-0.020915009181820543,-0.13040373298594013
1996-08-31,0.05731706385091137,0.05274843810756131,-0.011093907732678428,-0.10184765985209825,-0.11668748081736345,,0.17376140610711524,0.03187192252603172,-0.02898809046715912
1996-09-30,0.33190212841893296,0.3112256748965466,0.11326567525034753,0.2292514376410227,0.07555101833758829,,0.15645794994010837,-0.02933115648583693,0.1104975653862517
1996-10-31,0.05067023195671546,-0.0045683035465587584,0.2530436327165035,0.014642205789388244,0.14382137610882795,,0.06170944715397767,0.0076592516118336555,0.12965830122758676
1996-11-30,0.2664665003068606,0.1975363126584594,-0.0983184685177274,0.12969585434410008,-0.001235179768293556,,0.14553545462888523,0.30737721118635153,-0.1301456112490248
1996-12-31,-0.09413185262192346,-0.12697393303418222,-0.07303342850208434,-0.10650186411564265,0.022309137766762598,,-0.07579437026107494,-0.04505293285745824,-0.009117510499415218
1997-01-31,0.18651735833140293,0.08264115908754001,0.07091625885183388,0.12566369501299393,-0.010863735898822629,,0.10899620028083463,-0.02744902007071814,-0.00045674736935695173
1997-02-28,-0.15551807378048574,-0.17265116813511766,0.006712776239901668,-0.11049145756838515,-0.22873792446906263,,-0.17383109765964785,-0.111180462511385,-0.13069232305504283
1997-03-31,0.021212170425026437,-0.11527605056890927,-0.10764732163121259,-0.11661187467568658,-0.038014924861255406,,-0.020015585820041253,0.10365861136642854,-0.03039688647242789
1997-04-30,0.03397347271795093,0.08699783783196274,0.08921090315300984,0.1694596731900428,0.12926030905913496,,0.02070555146050597,0.17332630676168959,-0.03217725995738764
1997-05-31,0.22659066408217104,0.14530459541856494,-0.024951990622744367,0.09237468741544247,-0.2506355821733784,,0.12191896995977265,-0.08263862787869704,0.07408172414758844
1997-06-30,0.028598157641761168,-0.08083808900871425,-0.000347601929688631,0.06453845201304907,0.03428063124757171,,-0.07886971228203353,0.07281203443028297,-0.05895825374072517
1997-07-31,0.22527428858712392,0.12299656686899751,0.051094940282031764,0.07343189090777673,0.03511797788793248,,0.06901797977474804,-0.02372048684300692,0.020391495697511034
1997-08-31,-0.006918029224316328,-0.17034523522516873,-0.1155950838914219,-0.10507615708380369,-0.011504044663390596,,-0.07794116627326655,0.002685729044935477,-0.07714865003998962
1997-09-30,-0.0907373900397054,-0.04314681506661818,0.01801903368119504,-0.1013855871480985,-0.013852813506130051,,0.030946060363631296,-0.007733746894054888,0.03495444748030257
1997-10-31,-0.09128171975613653,-0.002962865559333123,0.11245150585553765,0.11729118318027185,-0.030799865913577626,,0.11315631064824956,-0.07215968194739333,0.16808738966460135
1997-11-30,-0.12351462509451396,-0.0026033261254718738,0.11428655590484346,0.004488592321149993,0.058956845088773566,,-0.06412458063511318,-0.1025330523340375,0.010145658167874017
1997-12-31,-0.10236101443034087,-0.05531227195047894,0.09236770683995425,0.007618985793388702,-0.05995270614619751,,0.05495745211904799,-0.03496768374249162,0.02957162644705439
1998-01-31,0.05247185409655438,0.1156584314569698,-0.011375997382037716,0.007693955155013845,-0.0039793907311973875,,0.10037084119175699,0.12560868087194726,-0.009574554554125097
1998-02-28,0.08456945678665503,0.05399824752006147,0.02695469220168065,0.05033194883763284,0.01632027022792769,,0.12835374011300313,0.06745428584328508,-0.04934603506865351
1998-03-31,-0.08456137666226703,-0.14856288883011617,-0.0571596453365226,0.028388553825197466,0.036367027003666515,,-0.046737407060417624,-0.054157247910784176,-0.008401950662417008
1998-04-30,0.16408576797000973,0.06675051982090219,0.07778193559635352,0.09224864897492431,0.009726908772376877,,0.025878813871216898,0.008770821591272914,0.027687905815743635
1998-05-31,-0.07966123479726378,-0.10612329924110694,0.0231456884090277,0.02092653537234619,0.03172499256426118,,-0.12056508446171377,0.03618672756117889,0.003946496665728609
1998-06-30,-0.116066386200871,0.17097965923617614,-0.00528283627580429,0.1418326951651984,0.061970931561006394,,-0.012591468738416775,-0.0035083385369930145,0.09364162243083168
1998-07-31,-0.05360066525316007,0.08683782294549613,0.07961142716517415,0.06881518854546739,0.02693972294601512,,-0.01569737628647235,-0.04030036245503833,0.09641979427352883
1998-08-31,-0.05161864771203592,-0.12941226119492621,0.06055131116929229,-0.03238117996980619,-0.02732217228712725,,-0.0329375740112293,0.0020601686368929527,-0.047306627809012264
1998-09-30,-0.06487818866305425,-0.027094708876715955,0.045807176904865514,0.05165829354666822,0.06600186762312904,,0.006750562383785863,-0.05306045919449024,0.05649344417675752
1998-10-31,0.07098813097064482,0.08410049936498606,0.017300422873309244,-0.034954485400731455,0.019041591763002755,,0.12867285244295026,-0.028511978832791093,-0.045612923250140686
1998-11-30,0.010900109078705408,0.17985770233953205,0.07547564762728332,0.10107481316300082,0.09504898567117612,,0.11284293179940606,0.0053691260879974775,0.13296391817703196
1998-12-31,0.22973061641915915,0.2578622915578329,0.11020105676402131,0.1331064418179481,0.09034681029957922,,0.18724023496194572,-0.054322079860603244,0.21143529432304556
1999-01-31,0.021366422807703993,0.15395062927772832,0.026020268018862543,0.07839290859103404,0.007746774440112679,,0.1791382623297234,0.007087239457948289,0.07662813905408059
1999-02-28,0.037002062525680064,-0.016599769068302732,0.02392986704871184,-0.015480717669642534,-0.12221137380425304,,-0.023400728479091925,0.009248467368758334,-0.023169208679713723
1999-03-31,0.042929806047073284,0.07364788977692652,-0.06103455247283113,0.04498623901368649,-0.05773753690692481,,0.08189235484018721,0.008693547247782703,-0.018933403893488805
1999-04-30,0.0639195424286654,-0.1242137028443759,-0.04973919451894163,-0.16839927813677713,-0.027517528673175633,,-0.05285336312941415,0.026107826357514106,-0.05582870440952953
1999-05-31,-0.0018042932992430427,-0.032750605870213514,0.0942359045015104,-0.049309395592578145,-0.042739785481197244,,-0.13889745820508848,0.05175348114549752,-0.01697467697894243
1999-06-30,0.08251187251167205,0.11546107551233009,-0.09699930110545468,0.10430015039319576,0.13852223745930628,,0.079986585990701,0.029171739679972386,0.0027423062424115708
1999-07-31,0.13677175152578327,0.06162643940260224,0.08556005193945394,0.06513911948571076,0.030306205510255816,,0.1099619793045811,0.05217676185384954,0.12185989066980918
1999-08-31,0.0318091220496737,0.023144148860170997,0.012440291795439278,-0.020363678444616274,-0.022977554585304413,,-0.003912274825992162,0.013473057401377784,0.014339046103282151
1999-09-30,0.07169585702106084,0.10724075231039214,0.02976695653760557,-0.08276297582221688,-0.005856492960225136,,0.13381428143781518,-0.036018741747505266,0.08100835735198654
1999-10-31,0.09354792085548873,0.21195199867928935,0.17337397565128812,0.20993520945809763,0.06997871154780498,,0.09640503852064199,0.06024124326833504,0.07158093322031155
1999-11-30,0.10929341189697477,0.15764344315900725,0.006748453614030105,0.08600866599905485,-0.0035486275470021783,,0.12364181134326442,-0.056320313459750186,0.02389512542355021
1999-12-31,-0.02816255425123421,0.18023715599596715,0.005036457665311816,-0.02073909085762739,0.007788883826484247,,-0.018237602911409103,-0.005635048561453688,0.11316346379207241
2000-01-31,0.10506067415924847,-0.012634665952376306,0.16480226367430117,-0.04957725022785217,0.011876372622181957,,-0.07407459638353221,-0.03743109096280602,0.04397552263595528
2000-02-29,0.11060701359168472,0.1979506725675984,0.10778205705767503,-0.0030392523623701045,0.038336779997168495,,0.08786677907967035,0.02981275475448714,0.12165477215743478
2000-03-31,0.011662142778119815,0.01815053154238156,-0.047317480336443334,0.03765670293684235,0.028041119453225998,,0.11074236073583689,0.08492783787527639,0.08282842025161297
2000-04-30,-0.11901083463740887,-0.08928597484886212,-0.07310341846229368,-0.0084510742350059,0.0030117130472990766,,-0.020016493342821757,-0.06724685165540492,0.056622968098766366
2000-05-31,-0.15288617642349378,-0.03408669562988825,0.019269250189996,-0.02283113068200666,0.06483524285882501,,-0.07020052671135966,-0.032486064524335126,0.06712605330654384
2000-06-30,0.24961598425811915,0.2500934361999198,0.09256184525554327,0.08458550073832921,-0.0009208934903537381,,0.03207403432127298,0.08872787344134395,0.0705753323445571
2000-07-31,-0.05830165763504413,0.023909085888821967,-0.015553249439447617,-0.11617684064372463,0.0123887473863216,,-0.13012118010391227,-0.043677210345265886,0.019264539258862977
2000-08-31,0.12449778358582443,0.15749879211630508,0.08409421315218592,-0.06067444416277507,0.026001238442253598,,0.12095064033146331,-0.033116556634600856,0.21114407474544833
2000-09-30,-0.05479908569861442,0.012348904273876278,0.009185809044527536,0.0036690608421639914,-0.009666968935541191,,-0.12352333769995011,-0.10850864292548261,-0.03174531006845694
2000-10-31,-0.12459768337058577,-0.10262166557113345,0.05534414867309927,0.07642316527134642,-0.04874683007137333,,-0.09689663869327202,-0.13311458752242522,-0.12243110384102074
2000-11-30,-0.20349764640672663,-0.2707061315994024,0.10639283064719492,0.029906910034003448,-0.20983985282098333,,-0.10224179454501425,-0.017163594779614804,-0.1819873531446903
2000-12-31,-0.008755268580993653,-0.18366599053189336,0.12187730173591803,-0.040416292364073396,-0.04641342635253197,,-0.04097627292258837,0.003787111895890316,0.04351464323110776
2001-01-31,-0.010481643656161494,-0.07740286387426823,-0.098611138477014,-0.04613120756680371,0.031407120649089716,,0.12823298788320517,-0.16659966363219947,-0.1950569480997847
2001-02-28,-0.2754502652432598,-0.36197996971112023,0.22173811439022129,-0.011521777137112645,-0.20472013882398135,,-0.3194288576657096,0.17561263241511957,-0.18824704580237914
2001-03-31,-0.1990035186446789,-0.34927038076628,0.288388251980735,0.11738226438490071,-0.17464659412652486,,-0.2576767015650259,-0.013361007066156328,-0.16222248764634223
2001-04-30,0.1940109731985173,0.24284892153492757,-0.04668449364750508,0.013784726282038461,0.06309359405197992,,0.11948416089832632,-0.030165042952558802,0.12938247179920329
2001-05-31,-0.19315588835556072,-0.18454323804246142,0.1657966307095112,0.02287343533550136,-0.04461012570733048,,-0.24943311869614612,-0.04106378783354048,-0.17923208356265183
2001-06-30,-0.07577633741100673,-0.11341316690988466,0.1182063441664703,-0.031459283619645555,0.09266821792602062,,-0.10790610858167789,-0.05758155576771648,-0.21935657665468472
2001-07-31,-0.09419262548745319,-0.20246312894745794,0.04811755513652648,0.006132921295276399,0.024385818285264413,,-0.12403423862448769,0.04936565303368269,-0.03248554839660068
2001-08-31,-0.19662195555795425,-0.4008897886194158,0.14609576771597937,0.06508894543521379,-0.038411225478286,,-0.14340275231660793,0.07190214128435918,-0.030143688996911184
2001-09-30,-0.05783813375290171,-0.2153604810412771,0.17690855514722956,0.04714463897555063,-0.04580370369035993,,-0.17847059661180228,0.006160109038443619,0.12405916779736355
2001-10-31,-0.018023838582649554,0.025437940667045234,-0.2887239710907683,-0.11697188860822662,-0.06361533450068975,,0.18720963892536394,0.01234963229577534,-0.21024046400434848
2001-11-30,-0.014630673395516108,0.10766275933441173,-0.22756182181335138,-0.11250112699705875,0.03024684650337024,,0.06835412231105926,-0.10240832108302192,-0.2758984273929962
2001-12-31,-0.03225171503847756,0.20610567778607192,0.12950323534174565,0.05072029485967571,0.04668246057108258,,0.04437633597130498,0.048528352648477456,0.06170673168732274
2002-01-31,0.005435257063092439,-0.1810532419135651,0.11169005152040384,-0.03449491377152686,0.08579642306921793,,-0.13122976537214687,-0.06150110232262195,0.04565387523847411
2002-02-28,-0.12181096856830034,-0.16562460403380658,0.33160732484316807,0.05911557820116759,0.04022814223685201,,-0.20788150340572545,0.020443285938283037,0.16475479961628475
2002-03-31,-0.0020005620056046344,0.09307575492177345,-0.1844473053605657,0.0015181546138833728,-0.060531835104784236,,0.17591564910991145,0.007840891888071489,-0.20662009959048452
2002-04-30,-0.008380544897603537,-0.09407495855758428,0.1862498002611907,0.06772557339004617,-0.027790877898354036,,-0.13708629920887783,0.04592755623979471,0.21909453018084352
2002-05-31,-0.11246877720338774,0.00021226482676667716,0.12518181775843334,0.09469818895922456,-0.007273716131845805,,-0.07447610150099604,-0.04235077926250239,0.25563849669233885
2002-06-30,-0.055768460725034094,-0.05598088074412139,0.15890161463700828,0.07206121228826516,-0.026642923606768537,,-0.13638188672804438,-0.024980818239104526,0.1502007027176781
2002-07-31,0.09430793705871876,0.02182548021158066,0.032398306789267556,0.11900202964859381,0.05352108521764331,,0.02364854403289142,-0.05566601684064472,0.04101248106786821
2002-08-31,0.024714886073062714,0.118235893633856,0.05422046985219745,-0.03922304961010441,-0.13356486256041833,,0.10623420661986441,0.007183663719231076,0.00591927142093595
2002-09-30,0.09928437426676993,0.1581141695978101,0.22999445575729058,0.1961249040470933,0.024267670474559737,,0.017327309722814963,-0.02759437379182491,0.2472880934333864
2002-10-31,0.05770399476732769,0.03790844730750221,-0.1526611209540641,-0.05697035030153639,-0.04447151346456866,,-0.13182805851153162,0.01513189068924995,0.012851802518953114
2002-11-30,-0.135783112839257,-0.11834744441195942,-0.31612700939548105,-0.17582045544219246,-0.029883109864902273,,-0.18129264599019726,0.05900205119982773,-0.13498975347307676
2002-12-31,0.11096943693318301,0.11532179762012607,0.22245383837286792,0.07262571204563938,-0.045172247445800014,,0.06366441378519123,-0.028188844665904128,0.05279952143616632
2003-01-31,0.15457756443473453,-0.030700763173433142,-0.08452085860324793,0.03175588070029153,0.06860675531505525,,0.08448633084829102,0.040842618554675025,-0.06609614054874992
2003-02-28,0.12531121176199225,0.18636831057463948,0.07541596887491851,0.05656082268485729,0.03214429265856443,,0.07890796754776686,0.03189631460760557,0.20660246837123727
2003-03-31,0.1761333134204785,0.0345414967211833,0.10485838714568314,0.07450629482624026,-0.03620335335618764,,0.029456453788038413,-0.014556350533358959,-0.027614910270172665
2003-04-30,-0.11429218010670603,-0.08711040306163793,-0.17491899800314897,-0.11021634950299698,-0.07823971301733615,,0.03774348532190213,0.0350204579310536,-0.10437203691439771
2003-05-31,-0.0884282035809824,-0.16457257266295253,-0.08829353185486205,-0.1475258342229824,-0.02479976775103406,,-0.022783506273899502,0.05521538723213693,-0.0320839464876684
2003-06-30,-0.023755935447253632,0.004423330783266087,-0.12145561871079796,-0.027743453497329654,0.10707492243716386,,0.006247720005696803,-0.017957458239524396,0.05458024957249139
2003-07-31,-0.11097358997010347,-0.03919596653230873,0.0981310290125514,0.02858431980275756,-0.0030498412153996375,,-0.05051171922086462,0.034464553715128174,-0.12713959178519613
2003-08-31,-0.0757563976168582,-0.003968068850842716,-0.20150806840343197,-0.11551081156129696,0.08085144521479978,,-0.025863100661064023,-0.016680173879883978,0.16991024023001977
2003-09-30,0.14029867891572642,0.010030422616319697,0.14076480645567607,0.05199079670586037,0.04827997336277941,,0.008786007037653875,-0.03555236327665791,0.08284043972959758
2003-10-31,-0.07475339873702463,-0.07711049320699552,-0.08970907977078667,-0.09107129225342125,0.1439571772593515,,-0.08512241560346365,0.02803942616688341,-0.007582397102244727
2003-11-30,-0.01763006263307539,0.037199943807566804,-0.1821808150588671,-0.05779834002303166,-0.029671391212429035,,-0.12304442608931031,0.0009559528296560295,-0.08297491540359649
2003-12-31,-0.12474110777482512,-0.05048453084026143,-0.006253866270373514,-0.06604120063382454,-0.057631442669842985,,-0.030443948152163853,-0.017959192654761435,0.0026927420453642416
2004-01-31,0.00036804351619691694,-0.0792296749629281,-0.10727367137502672,-0.05214047167979506,0.050424854650473555,,-0.050407568129782025,-0.01638766238083572,0.15576582992108026
2004-02-29,0.09247308563936858,0.07216099183802789,-0.057807340352101604,0.015802299535764525,-0.015725505973439902,,0.028552527259940546,-0.02605430800449213,-0.05906867788613962
2004-03-31,0.04317414226827643,4.8946519165754165e-05,0.026823130857056874,0.13031722154998324,0.019841340851382616,,-0.017711417717106045,0.05313115849414575,-0.035223099662923425
2004-04-30,0.09899249793571707,0.13975374718332015,0.043808829336623764,0.12294003802422893,-0.04372016437472086,,0.06609575661539209,-0.031586892109755224,-0.02377797562301959
2004-05-31,-0.015815356810748315,0.044793509532233974,0.1471702199037213,-0.08197379814628553,0.05657829389836851,,-0.006102188808635188,-0.02808342899416625,0.15315542105020408
2004-06-30,-0.026447742647891917,-0.15407703247156002,-0.19144007175890876,-0.11529208115769173,0.037131941977588095,,-0.05684063381871311,0.03518631871927961,0.024572787545192563
2004-07-31,-0.045457207896115216,-0.03376543116452739,0.12888729730713266,-0.036430053272027835,0.003981036716665684,,-0.034416250338759766,-0.00048128726763511476,-0.2359194845311651
2004-08-31,-0.03345145775783027,-0.0019336036971357225,0.23553725517591872,0.018303929373685975,-0.08113610687071986,,0.00034403143337024877,0.03801713530160999,-0.16687059972234022
2004-09-30,0.1394030039403709,0.1366861126906801,-0.027267442406080058,0.0022656086256711166,0.043905468292513815,,0.07122815404967477,0.03938006058555427,0.1859825997909861
2004-10-31,0.11951104502255393,-0.08496062766205045,-0.07753051709561393,-0.04686121221281949,-0.044406584312368505,,0.059972314375911245,0.15494478510821186,0.03361448384932005
2004-11-30,-0.044723049560503145,0.051832871540499786,-0.0983437607246277,-0.0687994602110873,0.19470250572523803,,0.08318586272988063,0.14708166958843488,0.0489627642478532
2004-12-31,0.03442608578944091,-0.021580030216275924,-0.09950598993877666,0.06821408150287991,-0.07213438258214665,,-0.014306234218542178,-0.0002813809337216424,-0.0012715695938711536
2005-01-31,0.07365244308287018,0.1906391658662182,0.20687432795179528,0.07886989442617581,-0.04826714828424334,,0.08926834061162864,-0.08213646160338484,0.11371534615652032
2005-02-28,0.092811954382384,0.08520002622126253,0.17104042473502454,0.035904983790682445,0.11751697377785007,,-0.02639380369413087,-0.0845797008845515,0.09426239671560403
2005-03-31,0.021039674876191967,0.03005923545193362,0.08605232405469103,-0.019476390736147913,-0.10260533308146053,,-0.01120664613522962,-0.11183037964930612,-0.10803753950630315
2005-04-30,0.03011378240974881,-0.04728432544477862,0.12618268519667158,-0.035870921458663566,-0.03540091217231832,,0.012567901248487907,-0.017363208247881044,0.03433001352127519
2005-05-31,0.015448593152514756,0.09996032694145658,-0.06709381712810562,0.08177992959941842,0.032574082730361276,,0.06087795911905531,0.12955925206030275,0.033072586566604355
2005-06-30,0.09616085202648898,-0.004142360580941933,0.027830694627009427,0.010748152903329278,-0.023542570465032022,,0.05530929512369609,0.051539813713709894,0.0959336710287692
2005-07-31,0.006447124342091806,0.022963581336161512,0.005755340763805064,0.05221228710906679,0.12095024983636748,,0.09656634089677377,0.011897337457985591,0.054227792140289
2005-08-31,0.12178604793824498,0.08249081065153731,-0.0006486011780049751,0.007919545902855495,0.06037458925678796,,0.11529641963137198,0.22285660671409466,0.10390938131298505
2005-09-30,0.08348419934283004,0.018132827066629553,-0.14783273105062064,-0.07166824999735537,0.14977223932076297,,0.06252347586195385,0.010148996140727614,0.19286584784813457
2005-10-31,0.1454522603799046,0.14793688543614394,0.1305718290880152,0.05971295740563665,0.0672552940116883,,0.17464144358085312,0.04007369852832778,0.0837080278478914
2005-11-30,0.09576333394949418,0.0018766030537020538,-0.01546138761761278,0.09346656012471609,-0.007601643248832998,,0.03391629066682787,0.04469160866965122,-0.07661501541804702
2005-12-31,-0.10895714802875402,-0.04173644799813695,-0.015365731256996086,-0.1089651838721325,0.048273238276999975,,-0.057847748095571264,0.064055333994929,0.06339267340433001
2006-01-31,0.03910481927060315,-0.09894743736082695,-0.033815707454728235,-0.0006977085631732832,0.17988411061604415,,-0.027171833691315525,0.11756916320554205,0.23390983272826393
2006-02-28,0.03442933763242305,-0.20608452692935525,0.033548462708793886,-0.11368789965888593,-0.06297354258755877,,-0.08819524571247295,0.11264732528183825,-0.2247178271212102
2006-03-31,0.11203067624121112,-0.02270284706395218,-0.08869661280396847,0.07708835895780992,-0.026532235799143378,,0.03924520283904835,0.12627523318796488,0.08206897979476976
2006-04-30,-0.009136765544191627,-0.041194049073502596,0.11873095539410801,0.020168695004148283,0.04134849283318178,,0.009815460888381,0.0007595586808225864,0.029625769575644105
2006-05-31,-0.11124403043028995,-0.010164851521172382,-0.10395793478839314,-0.08088872768503669,-0.055041446485298316,,-0.017277212461372853,0.06539918385963261,-0.13094979992026162
2006-06-30,0.07205640720410161,0.04069116246814544,-0.023716902985551014,0.09884303992063234,-0.1009644421021066,,-0.04522763912202646,0.02483869981812004,0.02108255310984454
2006-07-31,-0.06396156685620935,0.04974387409631425,0.1411994247311344,-0.030401148075818923,0.005724822934381678,,0.007751233188155792,-0.14880706685042538,-0.004415009755940711
2006-08-31,-0.013767037250422906,-0.07474568762000094,-0.10904440673408036,-0.09157440052874365,0.05444605829959595,,-0.04443404888051656,0.03404902481987784,-0.007585661520297024
2006-09-30,-0.000516235820922572,0.08318228319273027,-0.03792394795914719,0.009399577356684771,-0.13715211332375882,,-0.06564696708500284,0.013775885462481678,0.015866503630457274
2006-10-31,0.05308744369684698,0.004272760554977052,0.0434957482756516,0.04656630841351998,0.07540640678624334,,0.06338760862064445,0.020921512022796428,0.008369224433414904
2006-11-30,0.07772669360841453,0.01779932656477965,-0.046817810188371896,0.03524693055953096,0.03235094216539043,,0.03507438174110102,-0.006835380449785471,0.016861611874540324
2006-12-31,-0.19979263844513467,-0.2315923076467819,-0.025920951078091177,-0.20549990949618643,0.043150795329299246,,-0.08396763702576128,0.026721541726624713,-0.08257307026664643
2007-01-31,-0.003601411119619178,0.006517775817992383,0.01504722606209348,-0.009052858297924078,0.09123440799941725,,-0.07003037985051973,-0.08597653775840865,-0.016074498135792575
2007-02-28,0.060240601880955855,-0.04623166154560247,0.0066363163640861585,-0.022492369413304222,0.008305168063317145,,-0.01018272167137373,0.04083007956620157,-0.09548909030718887
2007-03-31,0.033142832316889456,0.0723806741976112,0.08413191825523522,-0.0783458131837796,0.0010825016827555746,,-0.020795554173157718,0.01744674327588182,-0.006894606271637933
2007-04-30,0.1448575226427078,0.12108374331840539,0.01907848177809399,0.02188054271031442,0.07106170343842984,,0.027125803988056,-0.006637885623128972,0.09029427552244211
2007-05-31,0.10347339732423856,-0.013389070632426827,0.06928365733071659,0.053198704728758345,-0.07180802527653321,,0.1244477278956493,-0.0104935239924245,-0.011622350013491625
2007-06-30,0.07612186591856997,0.06284016743642161,-0.03864316458037552,0.01696492116985273,0.06242575003008986,,-0.11484786417548505,-0.08585699742215845,0.04288533943398999
2007-07-31,0.26177514558884396,0.20092050683562998,0.050404372681558146,0.10143449790028054,-0.006356141968816793,,0.11454499341278926,0.06072925960512721,0.19901699334508383
2007-08-31,-0.00902960396176007,0.029030807422317752,0.11737722324502149,-0.07057421953204636,-0.03862329284578414,,-0.036894049297662,-0.0028057540927202023,0.03841296254673777
2007-09-30,0.20970928594271007,0.22772321540968612,0.13463855550891315,0.11319244785606639,0.08234556865367744,,0.005409203210198931,0.05086525040038185,0.24486176097355875
2007-10-31,0.1537324279660647,0.10538807424655747,0.2076719386982729,0.007917274771171658,0.0738353445547523,,0.09680949152083715,0.059456239089357925,0.13876060670073376
2007-11-30,0.024223358581952542,-0.08680694567523455,0.13274048455512552,0.089431177676182,0.032072082845716575,,-0.24465890697397485,0.07710568383098583,0.033993985044396526
2007-12-31,0.28771553983137654,0.10841030619210486,0.11436905024001182,0.11038617034792554,-0.00925676151520268,,0.11683034102816996,0.05643985456870689,0.13099750743962404
2008-01-31,-0.30147840146728255,-0.1593088696658443,-0.10571800720299417,-0.11021361116943536,-0.09476642309384843,,-0.025601186791896526,-0.006194827122449605,-0.16981440451657115
2008-02-29,0.28450177459865006,0.1598172526730562,0.22918460761778883,0.12242860992632662,0.11189870352908718,,0.1740948521265728,0.06410965339877557,0.16475005941273574
2008-03-31,0.003653942241131849,-0.024730177168729172,0.2559978931124961,0.016704333822008685,0.0165934059965168,,0.0506374956274831,0.048615518193463596,-0.028998534808846635
2008-04-30,0.12048888463569449,0.1130849977422054,0.042360787921050434,0.019149701143035946,0.046551918899465805,,0.0742139971363543,-0.04228409032288322,0.1872953543309547
2008-05-31,0.22480655789764897,0.06824404717511295,0.08669298647630028,0.10986428290039223,0.08310466374686296,0.380379223594264,0.1776554909697518,0.10562766756265012,0.14841014153842377
2008-06-30,0.23280676172460427,0.13792073359514875,0.13011446406229654,0.11750377105482274,0.04962133305208054,-0.14026279441868822,0.15198272632858553,0.0672022655505058,0.21479690411174468
2008-07-31,-0.14008123517993537,-0.14410126433545387,0.07278083466157935,0.012872352841547394,-0.07770362102468911,0.05943151143642297,-0.1303928376112349,-0.04104457659019717,-0.10401785035571587
2008-08-31,-0.036714928989534164,-0.018693870983488816,0.05030391583943535,-0.02368130549724529,0.02462864876179446,0.017878513978415063,-0.05764994477294611,0.007338628119754363,0.19022493883237038
2008-09-30,-0.1924851249841965,-0.18190035583155165,0.09751243808576471,0.052345124572942305,-0.10024936679538908,-0.0892274267663885,-0.1270702557451481,-0.0677721952462057,-0.12091201674290268
2008-10-31,0.027155126736972665,0.06763059760678031,0.07441129078153555,0.13729517652035453,-0.1288209441898613,0.03969432333108248,0.0009696278801377383,0.041754580308748714,0.14098599841465032
2008-11-30,0.041166047966756186,0.006702857988675539,0.02940780793550801,0.11387016081116999,0.06712012160542105,-0.06031067138474688,0.022081383765070985,0.09833271011834155,0.209677501724259
2008-12-31,-0.07392791419434785,0.07427147762772367,0.1328889848982852,-0.03860370829385071,0.07663994157613911,-0.05096762713100335,-0.07366203172007534,0.06934008843733551,-0.007271597497986273
2009-01-31,0.18062037529839603,0.05188691487386281,0.06895820008912479,0.08009857686329484,0.029599274778246705,-0.2397667436543075,0.010537773771722523,0.1646756008830735,0.12529801362368495
2009-02-28,0.050628156394119196,0.10316437952824886,0.3038812182990508,0.17670740025511264,0.03834036939548927,0.09401234188098775,0.06520756830111007,0.2097408193011666,0.2162072410025283
2009-03-31,-0.17001517406555455,-0.17876984332331153,-0.28081562256359627,-0.042960310180083686,-0.10863231076837349,0.14840425397985066,-0.2096761516145685,-0.16178129289534338,-0.2870126833290682
2009-04-30,-0.03553860413134746,0.04670435953488035,-0.19900002432193606,-0.22119796504976366,-0.0284825146791092,-0.22594572828179318,0.013919245928584078,-0.012635452248794296,-0.12156201853130467
2009-05-31,0.09360431169739679,-0.02150820057127574,-0.059684395626404346,-0.06381226693309329,-0.049632795079550526,0.034729595660044736,0.0636729749995639,-0.054677200088071254,0.004195068520408542
2009-06-30,-0.04099638452011856,-0.014944645552240966,-0.007160454790020535,0.14501706034246875,0.08170915369099421,0.1270699724042651,-0.016007526600893513,0.10918017714254781,0.0004057583734317253
2009-07-31,-0.03503711635411703,0.08227578102216623,-0.06590748675826612,-0.20467725989160301,-0.08145613689015153,-0.13766165891703752,-0.09319719408015983,0.01701242330928694,-0.13148671052888422
2009-08-31,-0.12128821515330199,-0.061457289654148185,-0.12303153610864244,-0.14541886972018683,-0.0699241310186554,-0.185696056943714,-0.06254625120689983,-0.18570062251452096,0.03619210006976995
2009-09-30,0.034449799032465256,0.1806157833251155,-0.0974285264016835,-0.17524415770342755,-0.10097608914667953,-0.00470656502608503,0.09106980162260063,0.04734392466782854,-0.07961126649633958
2009-10-31,0.09679119746760849,-0.09403701408605657,0.07224722013971299,0.20466557310613728,-0.012069387896061391,0.038573730886923806,0.06331508792295208,0.059905270581123084,-0.10211713938485796
2009-11-30,0.09233647541783212,0.09227408085542864,-0.04574681843029513,0.0867097087850012,0.05336617128494334,0.03543529536998567,0.04928356596008096,-0.02480755174580939,-0.11093004243569005
2009-12-31,-0.02840372398765467,-0.09950253499756494,-0.023749767747512297,-0.13884036103088565,0.009804712231321119,-0.02092508558511981,-0.12017466387209942,0.12658298280832644,-0.014759539952905616
2010-01-31,-0.03378903557710864,0.04997583813120381,-0.1639515475020497,-0.0009861318273172066,-0.00830465866740352,-0.02482371422150292,-0.015671475405615094,-0.06796020512285152,-0.09676384889250908
2010-02-28,0.0658290203796167,-0.002820442775734091,-0.012774474619781819,-0.12902299872591913,0.049886691941300534,-0.05660931358200994,0.0316224294312239,0.009772188305524752,-0.03616878155782624
2010-03-31,-0.1516083377661091,0.06516878641781705,-0.16024391539011143,-0.027086544101849182,0.04351650753867528,-0.13727646289659687,-0.012410636281244105,0.006091859150715203,0.18572932585681506
2010-04-30,-0.029570167731640645,0.05748279673463206,-0.04084811049876152,-0.06411033622163648,0.050460425893311324,-0.12564083865790635,0.09374580561999185,0.021840054064950674,-0.06612143475577822
2010-05-31,0.06587252817825016,0.04227079527130153,0.045789452140234034,0.03717731136001591,-0.01387950925673633,0.10763621923129639,-0.010534147938585108,0.10226852861415409,0.02335889309354362
2010-06-30,0.15321484750719733,0.005216716731139306,0.15129518350298143,0.15286557192095862,-0.032669333091756125,0.2275323477028677,0.01738390159534724,0.08280647006729275,-0.041202807303506714
2010-07-31,-0.049889506177466965,-0.1573110001885529,-0.07342572954183718,-0.10597911506878316,0.10472820539804427,0.01740424438268781,-0.03891106630614189,-0.029824534802119745,0.05323136276887726
2010-08-31,0.01884144480829062,0.12847354932759106,0.08539919728777147,0.06227832412397088,-0.036608198488845695,0.22329464051762005,0.019114955814677242,0.022055630934244303,-0.026030954961595146
2010-09-30,0.10362883518175396,0.09871254633982986,-0.11927109180945646,0.08378814938410954,0.04359942034248842,-0.08715924313127589,0.017836477054447703,-0.006091929714943451,0.12129474328510738
2010-10-31,0.09003109148264656,0.16442592622021768,0.11006327765268145,0.018524001149213893,-0.018959873813638593,0.06610524591387783,0.10915024434033738,-0.04415488210699223,0.10285539043408162
2010-11-30,0.03323381887058991,0.1334454450902276,0.0009263901460742156,0.01768014415624966,-0.04757379180132026,-0.14889097580587246,-0.01532026958678239,-0.01808005993049527,0.09273300215639406
2010-12-31,-0.2771224164655739,-0.3153929829511723,-0.1262597485368487,-0.2435286765810258,0.024218135086329782,-0.17747534288967257,-0.12671326002830374,0.03759420825509466,-0.017321215872813454
2011-01-31,0.006270343437246966,0.014115011523358123,0.005470951745694759,0.04123204536815712,-0.03158426090056124,-0.16369346858678455,0.023451373998918036,0.11965666866548333,0.08735786033874547
2011-02-28,0.08195622287033273,0.060101115104123935,-0.06702347895624365,-0.03612455052288833,-0.019569679894436337,-0.04844907321389332,0.028054562047212725,-0.014937260866105964,0.027616669468212396
2011-03-31,0.05503697127290856,0.03980645090732274,-0.015602806668328919,0.10412965824932145,-0.01770003742273043,-0.012050488174947735,-0.007174640614107495,0.020816432905220908,-0.01393712805024567
2011-04-30,0.12166476770210348,0.09028791727412577,0.08729954095135634,0.10555155972730118,0.019010141236107354,0.12584077011789072,0.04082092562563183,-0.0038478055243937347,-0.06159605983830238
2011-05-31,0.08645189540557098,0.10373984665169145,-0.006559801122778458,0.09856499115180978,-0.031850399655967095,0.2082579566890187,0.1283394274343855,0.035582988315614794,-0.024826654155880642
2011-06-30,0.13915923981243997,0.14854345858544796,0.06027416154275951,0.1044446517762278,0.0022736903002102795,0.008336825950096752,-0.018922694768889647,0.009745896134519944,-0.051371623808611336
2011-07-31,0.1267858760531685,0.10604267586064264,0.13762667682900273,0.09437105533657512,-0.05131346405250332,0.08289360186772718,0.07343656851627979,0.009745967783937682,0.11730931616981743
2011-08-31,0.19848826993937657,0.1911385730213063,0.052618733098457014,0.1316274889580034,0.05220434012855867,0.22767518240291065,-0.009435165699284934,0.018150954335103046,0.006030752457321351
2011-09-30,0.0845138693267357,0.061614657614229754,-0.024116050107702323,0.10531622548871356,-0.030922965381783973,0.21291611282881184,-0.01850844565497909,0.011267131004406612,-0.20814398534326511
2011-10-31,-0.03251019091904092,-0.07001765052471427,-0.03264079208994747,-0.06382883609686399,0.016896598869674217,-0.1648338257282242,0.0010858233238401503,-0.0016988907161825054,0.17673945703284383
2011-11-30,0.037972439124277314,0.013347624390342094,0.07182695834982872,0.03561058235785877,-0.022601115902588412,-0.034133118183560664,0.07965798172027491,0.015121540151767709,-0.013250934276788496
2011-12-31,-0.04598788798431702,-0.1539010366222151,-0.01347889131801502,-0.0033061019354129906,0.040925418365880636,0.01542474039156102,-0.03900377286109146,-0.0007613229195381002,-0.18087759459342187
2012-01-31,0.08135113707410259,0.059429384673238925,-0.02706842437904122,0.08037651341511268,0.05786391795086984,-0.052784662925658296,-0.12406628468104584,0.00027975653709386866,0.10472904526886265
2012-02-29,0.019404659139055386,-0.10384066302896576,0.10451755719308699,0.01637637718629841,-0.020874581188122125,0.008951767650914525,0.09362998563360009,0.048257759350181464,0.004294294625092014
2012-03-31,0.05346741115892313,-0.1300929607450222,0.16094290975394762,0.08195252664613707,0.07321783977778132,0.16176948103623973,-0.05281431171381526,0.024040081892516142,-0.12402144118291049
2012-04-30,-0.012333711783593652,-0.002044566618509064,0.1511619376368946,0.07402408929095575,-0.021727933431547518,0.12424464100281396,0.05672459284503952,-0.04617375934743718,0.05479687659364302
2012-05-31,0.04200844455308832,-0.049784417318177634,0.10719953872710306,-0.0033518241686374688,-0.0800493636729357,0.0728573062650917,0.00030416424572596496,-0.010965574543549217,-0.07237125325868618
2012-06-30,-0.012770312773386009,-0.022022316183628474,-0.03723442886215863,-0.09880653730680351,0.001926442451236412,0.017271457355687986,-0.0331201183633267,0.005676643419817545,-0.026021243044034352
2012-07-31,0.049415634180644145,0.01113355344489416,0.13989625456843247,0.10607776601821654,0.10464293026713749,-0.02539730092068002,0.058759162807999234,0.028371186737959103,0.14443597731631386
2012-08-31,0.0032285025406881256,-0.0005569978113572125,0.011578943709378675,-0.05144842560773715,0.10839760200320142,-0.05331835529251468,0.0049140791263379115,-0.027248055957919248,0.04413326179461602
2012-09-30,-0.03336642129914099,-0.05696110095869098,-0.09269918587781427,-0.12111652720222393,-0.023982855343361344,-0.0284418555379786,-0.04908184769301134,-0.06865537080243125,-0.07850761694348796
2012-10-31,-0.06719408709826041,-0.15320369889321928,0.009798325610404564,-0.027905339716744637,0.0353316013655412,-0.17207469820980015,-0.04490946381137506,-0.024894695478000436,0.019764708822171007
2012-11-30,0.09347666047659173,0.16099048305830826,0.0016100886316357762,0.006040814438070788,-0.02064510948530601,-0.01843001375614799,0.02539328199369593,0.041148807099229794,-0.007673291188260703
2012-12-31,-0.08061585271635298,-0.12814503294672047,-0.06025157101883619,0.023629457558073927,0.031264995205092405,-0.11035139782659276,-0.08790774706725527,0.032188172750120106,0.04172501224353281
2013-01-31,-0.16545504352788773,-0.08156436906499445,-0.08095219601761942,-0.06198232114903905,-0.06432509089440876,-0.0676796146028701,-0.12762834423279237,-0.0620739936505287,-0.012940191564270457
2013-02-28,0.08631565766921646,0.011440048935237554,0.17913236397716342,-0.05239245975518486,-0.09971822539790447,-0.008253787298778525,0.08084573938188919,-0.018631891707642304,0.04369855568466251
2013-03-31,-0.0644585935846563,-0.05702211744069515,0.04605432552606312,0.0458130077745068,-0.027049466587420835,-0.044593551208007204,-0.09969562467055201,0.005576050508503584,-0.011846932114168962
2013-04-30,0.031824159629943144,0.1232091534291487,0.09222875647292883,0.029657141163346654,-0.022326687185872784,0.07319383219352289,0.0540808039972865,0.024629522572842684,0.14891152376962466
2013-05-31,0.013360772282057135,-0.01386339518068405,-0.07759880685367342,-0.07199117318227122,0.011053893133379317,-0.13262601586801445,0.029763579595769963,-0.00870376374092471,-0.14180400155694228
2013-06-30,-0.07584807042474583,-0.051499809857533295,-0.027503722661463142,-0.05757510438348611,0.060083923281413,0.02407856015805736,-0.01639410904732383,-0.026867988895389255,-0.011641051437185763
2013-07-31,0.06557054750042964,0.06351026681615214,0.03850205150429201,-0.00558439801447017,-0.04932292578615444,0.06177858874908846,0.07995203139711758,0.013789006618377229,0.013108844834332726
2013-08-31,-0.018506034698359177,0.08176770024729585,-0.03223530949236023,-0.1263654944238622,0.07768667153657234,-0.09104566433341338,0.03444388988133788,0.010441951390161179,0.03538811761326642
2013-09-30,0.05940710452056049,0.07643343031911874,0.07339273149760127,-0.024230681742608742,0.013856291972641842,-0.016022725126993025,0.01460252159524289,0.09557734182412163,0.01254941421498669
2013-10-31,-0.06444634196575341,-0.02783833200768453,-0.005330417037807587,-0.03288537647706109,-0.01682348564958256,-0.15694183641590032,-0.011490458054052617,0.07159941888071884,0.08168445812549602
2013-11-30,0.10381934825419332,0.07596072347068536,0.04500750420215291,0.11800325072910792,0.012702967950517832,-0.0755559780145178,0.016508524617455014,0.016536153442876626,0.039713817912605656
2013-12-31,0.07113290138983945,0.010314185559404861,-0.015218834835445984,0.009264922847596656,0.04442795810070046,-0.008194310893447024,-0.07588747756511574,-0.07666599259584812,-0.005905099944026479
2014-01-31,-0.06284637549243463,0.040836057781323036,0.06172931819660632,-0.03870594310677875,0.09122574324142461,0.15686885137811776,-0.06211442189845305,0.0875390297626869,0.26198899451342283
2014-02-28,0.052443526057848966,0.06290883332343436,-0.008533119166733317,0.048297048667721956,0.03626268387490134,0.07988334998988601,0.07066958440101105,-0.03736257626663664,0.08312800933751725
2014-03-31,-0.09049354805504006,-0.273612470513558,0.07378797401158017,-0.07854483625982343,0.03552520450591211,-0.1731975687505271,-0.06796492306689368,0.05766552104819699,-0.25154266264329755
2014-04-30,-0.06874202620950262,-0.10232279427797969,-0.016676681649624655,-0.0157748872536011,0.06308012625611797,-0.06452619700934507,0.015127512242156589,-0.04158060955748454,0.11232902521874667
2014-05-31,0.003436700047706586,0.17024498060886503,-0.03785274141029211,0.03608089917265193,0.0667389681451175,0.09433958690271789,0.12103619729662343,0.04448895248195158,0.08361133699501226
2014-06-30,-0.09861357063195852,-0.014761178970399172,-0.17395137046617795,-0.2523697676239011,0.05295961142411857,0.0654905703888059,-0.004358277351020932,0.014812622362971362,0.00792770767377631
2014-07-31,0.04636160536539052,0.14334458744885573,0.07857830555636414,0.11389750430493983,-0.011682160515096721,0.11211183360276009,0.08380001785051484,0.005914716332901602,0.05280156310831167
2014-08-31,0.04712524609540024,0.13588455935959118,-0.04895610417843092,0.13257012898927176,0.03566904327982188,-0.03536198683202788,0.0967319540650359,0.027437539511641493,0.03214028971891812
2014-09-30,0.0743439286238351,0.035740853010760666,-0.0171716337581192,0.06579411740684166,-0.0007851147761281416,0.19291448679625262,0.005145131389760589,-0.14881884092531578,-0.006506668517387623
2014-10-31,0.03504634972472972,0.022121858616451193,0.09067423623740913,0.1325567393716409,0.001808440587437969,0.09323188067743267,-0.05533739480784904,-0.014172030893554625,0.10378943751921309
2014-11-30,0.05187006171056173,0.04978116378142467,0.09692229622420451,0.16827758402893256,-0.007620243185899671,0.024268857250322597,-0.017741038781421668,-0.05169347065037191,0.047204605087492885
2014-12-31,-0.026815641673849512,-0.13252369458342336,0.06310488817722396,-0.05552732701314104,0.02908276251291545,0.005350149741166385,-0.019873530028885818,-0.22394916785699717,-0.041011457902529996
2015-01-31,0.025538737529172177,0.10404453126736352,0.05711226594854871,0.0673289855455546,0.1419630361611734,0.02644430373102248,0.01746543234349572,0.05776792205377088,0.1655961491199278
2015-02-28,0.06643661011226594,0.08390945577856482,-0.04480238373152275,0.08250068396553312,-0.011287449274635106,-0.0739116699965618,-0.019659261109097315,0.05954028498514001,0.10831710195543799
2015-03-31,0.08346664165093913,0.06662045439488622,0.10095316842727091,0.028210871974778697,0.11080831739138247,-0.02437845709731884,0.04962996608919159,0.048211892884629216,0.16493233639237065
2015-04-30,-0.12079058833437062,-0.12353796108494428,-0.2578267542991543,-0.21826379138770763,-0.11515292114658267,-0.057328373499778366,-0.017138017631927453,0.058698577406368524,-0.22937214012538387
2015-05-31,-0.013370105082899085,0.18462564735157944,0.19676256398642758,0.12026061908334922,0.05694063952528408,0.12923245846558912,0.034136572129926074,0.02471002391654106,0.33094234044759285
2015-06-30,0.08246065800764275,0.14165037258014895,0.055106728087768675,0.11639079014691099,0.007057856988183352,0.08138578903593932,0.052963842121751294,0.025578953643194922,0.08468183610543531
2015-07-31,0.13113171698623874,0.21261621898461006,0.24078362166332584,0.22396744393707443,0.048345954413252054,0.2293796843754691,0.13455302539682285,0.0700660326021088,0.23846039060239294
2015-08-31,-0.038977639488674484,-0.004967477098015785,0.02773035412015479,0.028602980887806356,-0.006428893162455338,-0.06777337457626235,0.09068938610283796,-0.1054568058684686,0.06168373160656953
2015-09-30,0.09463392339708805,0.03769730807446176,0.18830984281353758,0.23304062541972873,-0.023583316287263806,0.19329144866626483,0.10589215200838606,0.051852201168971414,0.09679350852344681
2015-10-31,0.06092794946590133,-0.06027772813154315,-0.005952201942638181,-0.019767382023711876,-0.06987864642063846,0.0739931848872359,0.0014544602007215046,0.047627925491702985,-0.050732975326493276
2015-11-30,0.09355386392298992,0.003588800480535427,0.13687108421526115,0.04963071581534976,-0.04105444517036126,0.017964765933742324,0.01604157702052635,-0.13189142940510798,0.13147909454425327
2015-12-31,-0.012350077129342517,0.13678787477327906,0.38544996986459196,0.2707344370670147,0.029159192946796735,0.28317315393169834,0.08449600458312867,-0.05726451045996783,0.29408794589023013
2016-01-31,-0.062062255031263065,-0.10351509607955757,-0.06078106098876566,0.0584302639351668,0.024850861582072264,0.05935681638973098,-0.028196480368127712,-0.01573207129197272,-0.08059071024249569
2016-02-29,0.012395598026467862,0.03189867885558548,0.18749883739795523,0.24771800429004678,0.047679952788769527,0.03569259981151704,0.012733899667127973,-0.03138153035927508,0.0019614557245645585
2016-03-31,-0.05073771155108381,-0.1947023408547619,-0.2710876513473841,-0.2727742951851505,-0.10022046655090909,-0.19037315255531168,-0.04489798872564184,-0.03812038414625597,-0.3016738635998952
2016-04-30,-0.1325417028147673,-0.2720560150769289,-0.26490359700129573,-0.4114460579070593,-0.061611136403939414,-0.10670921864045589,-0.10954331046469637,-0.004627554005151653,-0.158791563797414
2016-05-31,0.06541970121228119,0.12882991907260985,0.09594007400048167,0.008019318144953087,0.09710457687130734,0.1443377158160503,0.016412809886459195,-0.0014620853181434492,0.16371282726687814
2016-06-30,-0.10291783497526746,-0.1494389347488445,0.04227397590543526,0.004768699139277847,0.02691473023829297,-0.004409657049566024,-0.08649325179516265,0.014445672055912247,-0.0720753102140617
2016-07-31,0.08684051678401686,0.16860613212171469,0.1350047120845439,0.06010950030438187,0.1670674139450539,0.1090978386176086,0.10717000071066733,0.06792241708883068,0.09613921618572507
2016-08-31,-0.012921314239874483,-0.03287047742932247,0.01954024273811913,-0.048708987510668704,-0.0016085375368895991,-0.07822780688052007,-0.04576580124625536,0.10294555482214772,-0.03054095262784464
2016-09-30,-0.05978509552309176,-0.22067877679395342,-0.07788497621044728,-0.17863470526666636,-0.032846950331698745,-0.02469286892385029,-0.11606197065489235,-0.035878004227323394,-0.07491922944770234
2016-10-31,-0.024445570403445777,0.06010633066455341,0.038189202097630916,0.15887551686847617,0.11489706952402959,0.05015669931620013,0.1096448248294555,-0.004609820062993574,0.054182820444097196
2016-11-30,-0.05607923104774523,-0.11107740799290867,-0.09792371065912948,-0.12958895116071442,-0.0834814092253171,-0.42029712115479184,-0.15308722825953217,0.06570761606914204,-0.08434570509079331
2016-12-31,0.06706489414761596,-0.07349204173515166,0.09018587403152875,-0.008640783449206484,0.02807893131508154,0.008519292979419413,-0.022887228602705374,-0.017437537003480826,0.00802164442811603
2017-01-31,0.08313540551957396,0.11378774224489163,0.1501906460735684,0.024588683071761906,0.030347754497119912,0.13455266008845496,0.0654555148918305,-0.04423116795198097,0.1138312252710319
2017-02-28,0.12263887686211014,0.15319951627884773,0.07134384111767426,0.1929824922457783,0.06055513771939273,0.1559465338658585,0.04300220263444996,0.05790186530678473,-0.019144573496940355
2017-03-31,0.020658872129967507,0.07431387178766267,-0.04285775955547821,0.09140378013134103,0.016294990142032624,0.10823974640215989,0.010116670502245063,-0.006004109838313226,0.07154240173949616
2017-04-30,0.11154200028476655,0.1923260894782461,0.09831674041909756,0.13463757402222817,0.03524650782639285,0.1827913989727943,0.15712634048881793,0.00043000552921968914,0.0007119050481501224
2017-05-31,0.02031346120408606,0.1151055553026008,0.11668045849780953,0.17313089666821804,0.0023343965843193415,0.16454174413564449,0.08970878683683817,0.007386668131316854,0.054071333646715486
2017-06-30,0.08710186170465668,0.08448258716393997,0.07268128926250415,-0.06448895200719905,0.013403899020364702,-0.024621778877058197,0.01939571112011446,0.02600352515961021,-0.07436780309705031
2017-07-31,0.07214297446013632,0.025349708594309527,0.012785687479579933,-0.06845709398175458,-0.025310703133391253,0.13559532977546426,0.02973930159576729,0.06629541173889233,0.07326749093941179
2017-08-31,0.0641073720190253,0.18468984201991526,0.120949155508191,0.1328415511227659,0.11011729353382002,0.21034174039748568,0.09286737415209659,0.018047523614718355,0.07981252628816905
2017-09-30,-0.05305466953820677,-0.1734323977364107,-0.07322538335568779,0.025900530276802246,-0.1026544965790687,-0.34355339424695425,-0.1200317729033134,0.016040700485389293,-0.0037635759906076557
2017-10-31,0.044186024705537376,0.05611040768188794,0.1296483496232068,0.06323513129668713,-0.0630328426820853,0.053204178757619916,0.011555229017569255,-0.03148466490130491,0.09120412084277438
2017-11-30,0.025061161929952225,0.009349585954294071,0.01129713849496598,0.14368244746413833,-0.01663986471030971,-0.10132614477489628,0.021461789125964418,-0.02121829863665854,-0.16153181636741049
2017-12-31,-0.04861035719150682,-0.02036757157366748,-0.11189745676552872,0.0921967573673546,0.020666358586869115,-0.2966352118980148,-0.04850066727441761,0.005784836188639939,0.12836733545232595
2018-01-31,-0.036745252396126894,0.15386325541287477,-0.06807313852713813,0.09659417674493323,-0.04365065361785859,-0.02380322085309257,-0.008908527106770247,0.05153564303054235,0.05723649783095161
2018-02-28,-0.05786067537442844,0.2455977393432483,-0.001128514973796216,0.11755890749376838,-0.0456964067538264,0.12579338781955196,0.09260990594307848,0.007034408706358705,-0.03985944785949046
2018-03-31,0.04695779025168508,-0.07290085189734354,0.04942280943914878,-0.0860088120877276,-0.010012680071682918,0.08694526981219516,0.04332536216596023,-0.04091845541013962,0.16679053836853452
2018-04-30,-0.05841951519344459,-0.11104828166422097,0.027412315538301184,-0.05467712630214427,0.021618783235920803,-0.11954233724129103,-0.12831146966671111,0.04620070546495125,0.14760910456247797
2018-05-31,0.05525630514587866,0.14798998433818403,0.07906625719939628,0.10144708482922457,0.0073697126426512756,0.07866781080071118,0.0531294487737549,-0.040803408475281425,0.15707168359760915
2018-06-30,-0.042856108112101464,-0.01691799043179903,0.18700549634045827,0.06752921192362259,-0.03550818153904509,0.12749236227713115,0.024924466494930388,-0.09476050681663628,-0.11081035202283172
2018-07-31,0.028732336717710822,0.026348482232250295,-0.0334667326547148,0.0425961748049599,-0.03176605013435651,0.0007559264370202059,-0.012204918146532571,0.01530210304094648,0.03155620677874914
2018-08-31,0.01592139181456734,0.2275749912505725,0.10087025524071427,0.19049511890846116,0.07843449756920577,0.12877933656300908,0.0817474487062839,0.03652791620714121,0.15587776659278316
2018-09-30,-0.03273450048475848,-0.003323216490921651,-0.04344735721088459,0.07734515123920711,0.046216790989330715,0.05371801876432947,-0.008167291299853078,0.006267997134395222,-0.0661188416135158
2018-10-31,-0.1102058939619788,-0.06086520018587004,0.16957580980133158,-0.06243615980135051,0.001185259056055669,0.007370279173642237,-0.023043115828091168,0.020308085146554477,-0.12151035501063345
2018-11-30,-0.031226787879872906,0.06151896032586715,-0.07887790097827761,-0.01696957311283237,-0.02103608006584053,0.10462256626866616,-0.047481466443430195,0.05865516646126473,-0.10258040854061867
2018-12-31,-0.007233864645432621,0.11470082193271826,0.09509946157491896,0.04293816944186817,0.0019996345771305284,0.19626365200329438,0.03720264753973886,0.01044733760662921,-0.09572309159564203
2019-01-31,,,,,,-0.05847439104098304,,,
2019-02-28,,,,,,0.11570070372618331,,,
