,0,0,0,0,0,0,0,0
1990-03-31,,,-0.02152359046053554,0.05541700860356839,,,-0.06863174883302228,0.06057174117809577
1990-04-30,,,-0.04973070554058953,0.039957148333131555,,,0.0024422978179631377,0.07268066396326389
1990-05-31,,,-0.03981976353053332,0.062251266859741965,,,-0.10271390051237073,0.04181603106207055
1990-06-30,,,-0.016835557888809177,0.033687975602812725,,,-0.14800509657627736,0.05564452018880606
1990-07-31,,,0.06434330490257562,0.09137844948308177,,,-0.006127553457994053,0.00900958825206985
1990-08-31,,,0.09721116612425373,0.0713996730452099,,,-0.02848413338523803,-0.11654278750919406
1990-09-30,,,0.09006111238316009,0.06810156438944481,,,-0.06505285952321022,-0.05186943558461554
1990-10-31,0.12533309064753323,,0.152103823558578,0.004169735601752822,0.056051777156803276,,0.1048177158174271,-0.08660575749002192
1990-11-30,0.1822592942342236,,0.23147720018022008,0.08565138925285692,0.16438154547595726,,0.03860232240600964,-0.14213729276933373
1990-12-31,0.20045525821068988,,0.2904458639278257,0.026304540986057556,0.11455086145114246,,0.030072093361746544,-0.23740871661528806
1991-01-31,0.061492945748119865,,0.33466709491594565,0.03578177269071377,0.07229064252552028,,0.081009225578658,-0.3102566022638562
1991-02-28,0.10257222415152631,,0.2887486102464914,0.04326335274268149,0.04813889625200657,,0.04002200778035975,-0.32098815514091583
1991-03-31,0.11351775565909414,,0.2550565808858233,-0.015691471651711822,0.05915144738021216,,0.08650076698335948,-0.37088845916329
1991-04-30,0.20848301378159573,,0.28609722717527364,0.05852210796702332,0.10618641891809161,,0.12297680710413839,-0.38865901842576117
1991-05-31,0.21989630378192893,,0.3135875126314563,0.07517301112323382,0.06348284268346654,,0.10708790698328549,-0.40782130017049534
1991-06-30,0.1971884747777713,,0.2516565279651492,0.11576676682455196,0.04105236200300211,,0.1677618071247338,-0.3632732700152129
1991-07-31,0.25695754933478687,0.005604796251352406,0.2555690824252095,0.10350946197326102,-0.040687561905525804,-0.03029440318435398,0.14411064990060615,-0.4112886464587361
1991-08-31,0.23584065217219996,0.033409781379242255,0.31207272941825165,0.08856301568527451,-0.08345212582492956,-0.06521591161961426,0.09411085100447204,-0.4599184126386665
1991-09-30,0.23363864632013528,0.06359021895671785,0.2971367815522066,0.14121777129162438,-0.15700580396623987,-0.0657440845800253,0.10274055627486664,-0.5300001194507227
1991-10-31,0.3092139961462195,-0.0024818801823257297,0.32874192204706754,0.18962440961847232,-0.1659691624486762,-0.05619356157387738,-0.006154930250446656,-0.5512027436625901
1991-11-30,0.29930606652505776,-0.08453610111792023,0.22718764987074735,0.07738727534425531,-0.27522528143163,-0.1346544468830716,-0.00940289861726025,-0.5754330994416617
1991-12-31,0.24760244328398034,-0.166345118135457,0.2808563151731781,0.0373475397907411,-0.32764079280887204,-0.12233813276551973,0.037479209018583606,-0.6057131139705081
1992-01-31,0.2722907561227371,-0.1663233184799825,0.09659416946527893,0.00876953040168485,-0.28366087718250055,-0.06105199106645237,0.09923943364517807,-0.5635109161226439
1992-02-29,0.2717800823224792,-0.18319873088707928,0.08317207867006485,0.01987631146455987,-0.23102029689612635,-0.10063828101871877,0.1032954750259393,-0.5697593609848732
1992-03-31,0.3211146654388079,-0.21333399820900167,0.12302022168398594,0.02299067043446279,-0.2590615719192163,-0.10741461039362446,0.13050412158492386,-0.5022732147076523
1992-04-30,0.35446919998390214,-0.23735065396321595,0.12494087659085096,0.02238796763820247,-0.17741413998348882,0.012207737204152733,0.1073730619538582,-0.47887938962874743
1992-05-31,0.3943871654297271,-0.2216402232622504,0.07065839008133543,0.06327187634547747,-0.21116727499336313,0.006813040066004208,0.057551248331191185,-0.49413324978694584
1992-06-30,0.31941455440337335,-0.12067882596415705,-0.10733954005763707,-0.06591551867147734,-0.265322170138652,-0.020754351583999395,0.10489483764006373,-0.5809564589702318
1992-07-31,0.2783068535201969,-0.016580118933504612,-0.0490676352055508,-0.0552162877589254,-0.2656256152095726,-0.04334423467566262,0.07874128553834261,-0.6016468485660958
1992-08-31,0.30332926786119724,-0.024985874936880877,-0.026978567225026215,-0.05918570244326049,-0.23530823732658507,-0.011458020673856387,0.07921071251744341,-0.6074463402468534
1992-09-30,0.23949337600436268,0.003511398689218008,-0.023428870172047644,0.014877567356271382,-0.2858624448765659,-0.043240814482071344,0.01592260682033439,-0.6992914243232655
1992-10-31,0.2446446772785424,-0.03312582471730879,-0.020922843809332875,0.012648000746636745,-0.29332752433670395,0.005160124606729918,0.05776275192506497,-0.7522354039418442
1992-11-30,0.19819617592796845,0.0119426873181957,-0.03208394127886671,-0.01112188737074743,-0.3403077598397342,-0.013696624719607364,0.07189293017902551,-0.8271554659226618
1992-12-31,0.23634682493816872,0.006780366966713025,0.026449366658383322,-0.0008294039551413612,-0.33751923187887106,0.008266133222300215,0.08366002505380604,-0.8137787320730636
1993-01-31,0.2450012346733714,-0.03280082800411985,-0.05833168011360243,-0.08878444901305779,-0.31892581801682696,0.07434468558649977,0.04269258862508424,-0.828443266623949
1993-02-28,0.3480762027847838,-0.04096666112424119,-0.02340978259273571,-0.07918604706807683,-0.24654597558801816,0.07266971516570454,-0.03326871929192851,-0.8272396387787169
1993-03-31,0.3662761233903382,-0.041550241942195226,0.09886422927485017,-0.022659401083177738,-0.1876449152940356,0.11790446902589688,-0.037907297195377165,-0.811914992082423
1993-04-30,0.3569171480083439,-0.02464703038787988,0.1058307891958006,0.0009111609120180386,-0.18505798509081106,0.09481805494614595,-0.03423329185897417,-0.885909787299759
1993-05-31,0.3174739270045133,-0.043286900917435506,0.10421185469089372,-0.07682449034134539,-0.24549573760041088,0.016099104874562176,-0.028476645368612774,-1.013801254845445
1993-06-30,0.35671912820980584,-0.0767074714963657,0.04795155923711503,-0.06243928244269298,-0.3043185292367878,-0.05070158097623739,-0.0637774357153964,-1.0774173346533447
1993-07-31,0.3884884459959174,-0.11522152225930399,0.08029506082523521,-0.07537639772618998,-0.28816273905477113,-0.008016732837117624,-0.06544903408722627,-1.1115510562853292
1993-08-31,0.3668694566351148,-0.07065266904645207,0.05767712754722465,-0.10081128443057225,-0.2933172516031839,-0.019176603032208528,-0.13909325831541497,-1.2304391088839943
1993-09-30,0.3740299787738343,-0.0843274231424711,0.050258647761847214,-0.06181367638949234,-0.31951027744290994,-0.0538769777474678,-0.12718112679871507,-1.258723837559115
1993-10-31,0.43556293782073974,-0.045795914665313964,0.04744214533311936,-0.09113903664649095,-0.29741511933723375,0.004874697824508778,-0.09337386491656313,-1.2785706193358546
1993-11-30,0.41403105421089637,-0.056189209641847426,-0.03520251061945068,-0.07604937970630651,-0.29136216352484556,0.03197783842437846,-0.08384775846887682,-1.2596398136101652
1993-12-31,0.4493663884487915,-0.14384561853445693,-0.06203049679838024,-0.07281789178462963,-0.32165790530683,0.08797639992125691,-0.05720568472709431,-1.3262427299646697
1994-01-31,0.4692236940123048,-0.13052624431498283,-0.022848662765050154,-0.07887298311711316,-0.3390756117744288,0.05671712042184965,-0.12135809849634682,-1.2879482597433796
1994-02-28,0.45242758523477,-0.19304307980920024,-0.06756365675226889,-0.062482543511408584,-0.2701536251482901,0.1478861724471484,-0.13390487667341427,-1.2873894320942045
1994-03-31,0.44370812644171975,-0.27106863757897504,-0.07419949609968166,-0.09170635579992362,-0.227135578876686,0.14435377092466434,-0.07239299157168644,-1.2871705613189546
1994-04-30,0.4835131880760112,-0.24806679581018565,-0.07936674254048723,-0.02520230899164802,-0.2077419724754921,0.09101602211578236,-0.036778692493999454,-1.377772391027618
1994-05-31,0.4771415010349524,-0.2502597730902585,-0.14203510250432186,-0.012155402257307768,-0.18034832786554433,0.1495383262821672,-0.02372352559846666,-1.378260267944793
1994-06-30,0.5019253843312408,-0.23655866958038366,-0.13117559249067226,0.04917131526694496,-0.12604601730029286,0.22842874704270075,-0.04244327658226468,-1.4030897169548036
1994-07-31,0.5581912629626684,-0.19708761179374865,-0.13573882997264244,0.0748660996083024,-0.11741368223392212,0.20104213294997902,-0.017808137155129078,-1.3903210377419501
1994-08-31,0.5561208055181838,-0.19947659906893977,-0.18329609736237937,0.03009503404862135,-0.14114489116357287,0.18416932066254574,0.016854523616045614,-1.4104896592712834
1994-09-30,0.6147814644372809,-0.1950089814111018,-0.15528750765923716,0.05914401721025703,-0.1736642348000449,0.21291465148622904,0.015782493373297846,-1.4248558816346903
1994-10-31,0.623736666013821,-0.22270220761140785,-0.0665038097899058,0.08736775073381864,-0.17285959702013504,0.2557207769685061,0.007241343016916646,-1.424231462986231
1994-11-30,0.6162094538690865,-0.19086132089674104,-0.06622943654662786,0.06639022752929663,-0.17117415877662645,0.26324585059308175,0.02386804510630461,-1.4626925250448433
1994-12-31,0.6541925388108175,-0.1834006410250865,-0.07225456013389389,0.07387353055772342,-0.16001657883429116,0.3101626621395669,-0.003111135227567119,-1.4584718806823012
1995-01-31,0.5986132939236184,-0.12509143556663385,-0.09778154934953665,0.049055220714465886,-0.15369627874924846,0.24719781852446296,0.055226291087527496,-1.4370083207896618
1995-02-28,0.5509911853889603,-0.12006625633773427,-0.07398433095186696,0.06295115020361602,-0.0752026676507207,0.24516155944209972,0.0788218484563814,-1.4220239184632044
1995-03-31,0.570762430736068,-0.19368571011051888,-0.05505094036242825,0.07088080006494502,-0.06467868070222815,0.2882069204420552,0.03492479629422829,-1.4490291214347675
1995-04-30,0.5185485320810548,-0.159168598362199,-0.06337284966651546,0.054417971475721805,-0.016759255122018923,0.26748104318293514,0.06483990319717065,-1.47316553052219
1995-05-31,0.49997449496971913,-0.14236415107776396,-0.04391218756167392,0.04618717142825496,-0.05821160594518582,0.3024485022847012,0.04958164550085509,-1.4648751268096958
1995-06-30,0.49615515503802804,-0.14696565401259082,-0.02937367328803081,0.0396905228729027,-0.07303969352933459,0.3193896454761659,0.05956117146775591,-1.5018281886888314
1995-07-31,0.5677236847731298,-0.19859290007985186,-0.049333190651271897,0.05514641517509217,-0.14239425445167508,0.3099649502935657,0.055313057930466425,-1.606489894790195
1995-08-31,0.5765614504076589,-0.14155529521418087,-0.001530135040162528,0.1161691555983273,-0.1829828625053117,0.2738090779781011,0.038795285147505076,-1.6282893683686366
1995-09-30,0.587239757321971,-0.1276649289452798,-0.020562226945697204,0.1792394432070295,-0.17219114789054635,0.26667575785189146,-0.0034126010565503906,-1.5957006118767083
1995-10-31,0.5809400175312448,-0.12463364482469746,-0.022711673497551932,0.23013404020160438,-0.19852472595332926,0.254157047364947,-0.023151486814375843,-1.5919363915437228
1995-11-30,0.7194993996147732,-0.11771133151018937,0.027346876230144868,0.3925311544846469,-0.17776036361322967,0.22553010350065583,-0.03740184122246282,-1.5942187409439366
1995-12-31,0.7318677960069129,-0.08305013912384956,0.07991188384532116,0.4561970000197747,-0.15838620475456378,0.26093410610773454,-0.08514635632497247,-1.5733848076645476
1996-01-31,0.7219083040322792,-0.1243381369595844,0.07492264599692905,0.47084839689892277,-0.186948991005372,0.2556993722215598,-0.02631386330225377,-1.6474050339189454
1996-02-29,0.7428782833269795,-0.1374699838192024,0.08559330893695716,0.5048704858467404,-0.27509985813607163,0.260319229067297,-0.058285618512811055,-1.6798973279438147
1996-03-31,0.7730173236105947,-0.0946751160434518,0.15976526047516848,0.584175247643558,-0.24998444345082782,0.27807621990727815,-0.10488716839884776,-1.6676034403278788
1996-04-30,0.7827578949669874,-0.0834502061948737,0.13707957005823523,0.5917087338205472,-0.19410890985765894,0.30432426579712485,-0.17547744769044094,-1.8359171349260206
1996-05-31,0.7579887151256188,-0.05086864749201092,0.14541049554849417,0.535054065527574,-0.23905264838564566,0.2649833635340034,-0.20503829506425592,-1.8929807326229269
1996-06-30,0.7684612704204133,-0.11917667022746825,0.09911117905054057,0.5961876259307266,-0.27334494813203103,0.25617671595176517,-0.1997250341239733,-1.8759065009007978
1996-07-31,0.8431288433698894,-0.20434234155220687,0.06729953748579676,0.5541209268184009,-0.26510281779942524,0.2865127794373807,-0.17704136628513223,-1.8983747373486453
1996-08-31,0.837397086931049,-0.17795839378350237,0.07514834461596881,0.5396533257600468,-0.25940779166562833,0.28952142717232693,-0.18564049030921415,-2.00342918774032
1996-09-30,0.7993116305408885,-0.1490876919694592,0.088795098522636,0.5204708679319936,-0.2515308284490303,0.2850182106047918,-0.12263660324906123,-1.9482947703567488
1996-10-31,0.8338079511414367,-0.15098536834896226,0.10267528813159876,0.48222891121117173,-0.24990775714062996,0.3495728219724833,-0.08874838249518902,-1.900773975544799
1996-11-30,0.8479164496512392,-0.15676649947053378,0.12627123674497587,0.5165691328134461,-0.20287742417542465,0.37785393648407156,-0.08026526404460532,-1.9333653703977005
1996-12-31,0.9001095683925371,-0.18966093844637943,0.1429072004991646,0.5500165857854413,-0.08440353294702718,0.39108010161665147,0.005448570379350204,-1.8358013559685977
1997-01-31,0.8887359496141015,-0.18125861449531433,0.07777489788422698,0.49645491945230225,-0.11947497603215929,0.39255637359357404,0.03862430361142688,-1.9517695422817383
1997-02-28,0.9066215915152265,-0.21998813208659906,0.05561314211823121,0.47892924871255227,-0.0902673651696585,0.5261794118834988,0.08961170458227985,-1.846181078638435
1997-03-31,0.9517103039216003,-0.2420508598582436,-0.006470296876693982,0.507601487711004,-0.09144038191223514,0.5430532547690217,0.15336713591718165,-1.887573334830402
1997-04-30,1.024476745127648,-0.16878741156449462,-0.052654350891989,0.4845560474586027,-0.09849863468983244,0.4602379837050238,0.1362358802003959,-1.9355434418483917
1997-05-31,0.9743450078294457,-0.12429783470702771,-0.004723085925965598,0.43772465249610926,-0.06924950324536772,0.4828337120009531,0.13322140719400732,-1.9045957121512962
1997-06-30,1.0313863440505306,-0.09865454681874886,0.018244593971609158,0.5397673181161478,-0.08277476555959418,0.43939279569580936,0.11154330376694621,-1.9190083722291302
1997-07-31,1.0116061116592037,-0.0843654676067207,0.029783141057155738,0.514782921337736,-0.09599176665843334,0.43176904289981355,0.07033943906953466,-2.0187388998467073
1997-08-31,0.9279694103168008,-0.14071720592138148,0.09712336204221261,0.4710843590069672,-0.07938110785536723,0.44448144581844184,0.07542372023025068,-2.0379644284616645
1997-09-30,0.9249535312700804,-0.0551653293155141,0.1318790723912876,0.5317378852148038,-0.06642301913912241,0.46144224461547356,-0.053848423177956684,-2.074920679135399
1997-10-31,0.961680008177256,-0.10624848916439023,0.10730564581538882,0.5386338824564327,-0.09354679632939633,0.41781912208483574,-0.08460835756108431,-2.1648357604053414
1997-11-30,0.994141277067646,-0.09171254244712301,0.06514518555975535,0.5955815125288606,-0.12832523096653847,0.34784539284280336,-0.10048637352121548,-2.164501589932252
1997-12-31,1.0841075453982025,-0.033546896088131106,0.09729663467765992,0.6545589521403722,-0.14622241018810878,0.2845735345442525,-0.15394424651200322,-2.1118816606823767
1998-01-31,1.0334807656954266,-0.036863364233167606,0.09917281634436892,0.6895335437353765,-0.2250466014846848,0.23411508384226942,-0.17578110612751008,-2.1814456389058794
1998-02-28,1.0074608833129595,-0.013080333182035053,0.12882368146029066,0.6515571421663893,-0.23980851807772952,0.20961976575633723,-0.1650692586276481,-2.1910598296447024
1998-03-31,0.9763958447860606,0.00820807617274566,0.16679149689407202,0.6804510203594796,-0.2557191015442639,0.1962575447067061,-0.2077548870767294,-2.13828049053691
1998-04-30,1.0083831427305756,0.014493402372139919,0.16160447706007774,0.6526121948142192,-0.2337580477342821,0.19759273819078227,-0.18602937805685216,-2.183866980314739
1998-05-31,1.0555885028421326,0.012153182949903085,0.14543611932398093,0.6181794521013732,-0.23720274690405485,0.1857721942786159,-0.16553694178369238,-2.149269941892585
1998-06-30,1.1219245483528382,-0.01595267330628114,0.2604182805226195,0.7016486306348761,-0.30175462394506514,0.16993140115230643,-0.1719171502261787,-2.12826870931141
1998-07-31,1.115452778365655,0.006262487619093093,0.21087430825483633,0.5518955455722757,-0.37568865067934676,0.09714487403231953,-0.23824124278010717,-2.139591007694258
1998-08-31,1.2239020400944192,0.07249900798563558,0.19714930468455072,0.7000245807486959,-0.451413977237054,0.1566752617383741,-0.22698894043123752,-2.1335643017248014
1998-09-30,1.122039496505005,0.03351077378881073,0.22633014489201908,0.6219986501255508,-0.4070879213880636,0.2022078060330036,-0.334107820071738,-2.2901791345960185
1998-10-31,1.1736250791499272,0.08118884041911323,0.28848579432737975,0.4886677766177898,-0.4282682984928299,0.18454912024153125,-0.26853464585541,-2.347738425980033
1998-11-30,1.1808636467402487,0.13279818177185543,0.35569304348180175,0.590803442872799,-0.5058646452936896,0.18193754317522948,-0.349111993283032,-2.291593709831326
1998-12-31,1.208187151919642,0.12970924365914516,0.35272017507748266,0.5583281504448423,-0.5940421723955626,0.12704013754947896,-0.46715588972430966,-2.464177954913899
1999-01-31,1.2450320159166675,0.05660612023916123,0.42808309063228034,0.46751309553858356,-0.6567734678012473,0.05762314079291553,-0.524662665521319,-2.6390635864896583
1999-02-28,1.3360230265906599,0.18223045270367744,0.45738607734295655,0.5351475215923319,-0.5724528713180747,0.07418620286129696,-0.5723028072303279,-2.573704487904908
1999-03-31,1.3578261197364212,0.1507955797976489,0.46054303685993814,0.43417472940294455,-0.5818809265531771,0.060284361934665354,-0.6419607842913747,-2.6349770798674395
1999-04-30,1.4040480506334436,0.14982118607620754,0.44594736868056484,0.31567071168432714,-0.4757985400735072,0.12582253840476776,-0.5811555440233779,-2.5991663378781773
1999-05-31,1.4376834880130684,0.16057754583573924,0.4499016739565185,0.3604382951650603,-0.46706115350212785,0.11673405035410056,-0.5665384614498776,-2.6163813125451645
1999-06-30,1.3813119923883805,0.11592714009094074,0.448774640159431,0.40585660787697797,-0.49592940706159994,0.032011349818076296,-0.6135084111436467,-2.700020594015995
1999-07-31,1.4011294168859165,0.15377342025473895,0.5392002394528985,0.6178721000199039,-0.5493020014950651,0.021654096360467445,-0.6367959080805233,-2.6270305427040332
1999-08-31,1.39610748847491,0.13695182771260372,0.5485085008868933,0.621541801222645,-0.5833821804060676,-0.043973611182805405,-0.6970707139473856,-2.6943991784708725
1999-09-30,1.4755394314778343,0.16463448244243628,0.6356170389362266,0.6255257178419219,-0.5965852608974825,-0.11528591128827648,-0.7002161929020385,-2.6301312983331684
1999-10-31,1.5168031664889186,0.20549237219968475,0.6913737648897107,0.661934766794958,-0.626813309597034,-0.24522916505938042,-0.8713869380323135,-2.7710755305475434
1999-11-30,1.5234841706242017,0.07629468883714785,0.622584627577339,0.5327760969636062,-0.5653219810496237,-0.2968856994434629,-0.9642614580482589,-2.8391247312409966
1999-12-31,1.4938737992149775,0.09932832811626569,0.6003684205966004,0.3611306794964849,-0.6097210082068817,-0.3542264459184117,-1.1930002965359547,-3.102584740243932
2000-01-31,1.5673565649511008,0.11946582673146566,0.6438473408157299,0.4933162565591186,-0.6542361333029545,-0.3879767529167413,-1.2967874152160106,-3.1271857042281432
2000-02-29,1.552876000834356,-0.07584813654962408,0.49299614836667505,0.3662830676239146,-0.7229855617371784,-0.5106974154723214,-1.6428359502363468,-3.464476072082281
2000-03-31,1.5745351712076963,-0.1033203873412527,0.5624189381909648,0.4307996939835066,-0.6378232862653843,-0.45572670820462746,-1.4302943798248466,-3.248702214188599
2000-04-30,1.5980250256464317,-0.0734294598862717,0.6124988594158896,0.5629864948795057,-0.6880455182681849,-0.41516183792671946,-1.3622966166838113,-3.267074989548428
2000-05-31,1.7313827458899005,-0.04130701665042258,0.7736020734566724,0.7622546912346001,-0.647988711133106,-0.3934263958413291,-1.1622149271108588,-3.1265405476733825
2000-06-30,1.7353281558559193,-0.03773061589633009,0.7912145654682918,0.7760345394354465,-0.6492947545685677,-0.413814901115132,-1.366392270027163,-3.1561842220701757
2000-07-31,1.7132209044759121,-0.05796397457552138,0.7545238268184848,0.5618671885301981,-0.6222212444041731,-0.5008171230440039,-1.3021704174928603,-3.2310423094236063
2000-08-31,1.6065314893195353,-0.03637801520884354,0.6358396972674003,0.5627525629343537,-0.7171229487843955,-0.6339683025098535,-1.419745131044937,-3.3162287516990223
2000-09-30,1.66492818840871,-0.027664098658836123,0.6978356153117449,0.4979439623876858,-0.6470235742560559,-0.6756740844899685,-1.370701273659534,-3.347686529697084
2000-10-31,1.730940359798033,-0.05304166852083103,0.7486700111144822,0.5620729407823714,-0.64241919999603,-0.6158671736265193,-1.2116646916626606,-3.3821631629323106
2000-11-30,1.9234071108921635,-0.0022507242369792513,0.9657051398964049,0.7539376242667939,-0.4481033316133003,-0.470010985306913,-0.9103428565008248,-3.2541391875405603
2000-12-31,1.9923865392322468,0.00018709503154423768,0.921622277934149,0.7980138488977637,-0.3245704632345846,-0.4866571535682269,-0.9866248325681022,-3.325168958482318
2001-01-31,1.9025277982181104,0.07019492920810522,0.9150287607150565,0.6634535489879865,-0.3895740335589193,-0.45094234623296003,-0.9949548907824354,-3.41032484479967
2001-02-28,2.075510724566189,0.14207424294509607,1.0743174448743984,0.5016510410315504,-0.09504699525425009,-0.34431267918828246,-0.8156592466028655,-3.6172554527000833
2001-03-31,2.1490904995403897,0.1202971252383247,1.0929810170677963,0.5063755921769051,0.10261492225540136,-0.1980552846099881,-0.7002817359576514,-3.719274196107694
2001-04-30,2.1563673202987075,0.15682491078489558,1.0812955356592688,0.5725033640339455,-0.004204899630910863,-0.2014447766328723,-0.6896869795644317,-3.5379311889955307
2001-05-31,2.187154096295079,0.21520432005862056,1.1357927119823046,0.36486994145887225,0.11864803874511165,-0.20816189466569202,-0.7640853442720646,-3.6135275559538917
2001-06-30,2.197611282193299,0.25626053817607597,1.2220311126442875,0.4049228749583509,0.13156816246405612,-0.16659656503035292,-0.6914896241673019,-3.588001019564558
2001-07-31,2.3283416749444816,0.2688515944871376,1.273967922047441,0.40148314519521144,0.17205989817399348,-0.09827237164815061,-0.5735128339091207,-3.6690648455077666
2001-08-31,2.333294589722919,0.244274494235606,1.225260579729657,0.38123254897792924,0.16432648452564225,-0.09527661383726926,-0.5819343112749783,-3.7800770627665967
2001-09-30,2.575354605663135,0.27655622425394943,1.2652840993170562,0.4039105284960003,0.17045577634561138,-0.08071735813869119,-0.5796933429950013,-3.8717515404226246
2001-10-31,2.6254887147561057,0.3617055476457247,1.3609438097795117,0.31069671482577965,0.2266104423188544,-0.1772051092086424,-0.6379291562096128,-3.6921293088331315
2001-11-30,2.7723842509529715,0.4405171248416978,1.3256515294417492,0.29132813804279056,0.12014150243229016,-0.3190989263626237,-0.5549371010314991,-3.4392047868473066
2001-12-31,2.7586331069253385,0.4702603292001386,1.279722165660676,0.21517866138519237,0.1401424571544272,-0.31790138399585766,-0.6573352973811326,-3.618673966128492
2002-01-31,2.8409529517653267,0.4186527011208332,1.212202796824807,0.33323683081173583,0.1669633181098631,-0.32300724237716094,-0.5944520418020474,-3.6037669308285136
2002-02-28,2.8525180057174198,0.40420579524962896,1.2681136722211677,0.4072158987080641,0.08981807418994048,-0.3116607958119131,-0.5812720933843456,-3.6711279894156212
2002-03-31,2.8113921468381062,0.3850064772381667,1.2924395174335277,0.3759150700789765,0.16673479228047694,-0.39603313856421485,-0.6547871761470029,-3.7361636370391924
2002-04-30,2.8127524085976683,0.387944775157933,1.2323157923022627,0.5124479253379075,0.11822989850402699,-0.33605868158683994,-0.5770214917230274,-3.6161750900393184
2002-05-31,2.7460516278437375,0.4148204599444649,1.3192327331308185,0.551846665956395,0.17750145963276387,-0.33256275212879294,-0.5229504752471571,-3.6174011068930203
2002-06-30,2.756397097692053,0.3978133901469054,1.2734134338040863,0.5752108183159728,0.1670926046906328,-0.28641619921543515,-0.42366757382212716,-3.7075638706567564
2002-07-31,2.806743268697555,0.4408793942421507,1.2504538032196169,0.6658175536457738,0.1451454161688993,-0.23283377515381076,-0.3840879478810737,-3.592970663904844
2002-08-31,2.8644255759579034,0.4174565794323045,1.229653534460329,0.6922814879080101,0.14252611470934035,-0.2974183984521521,-0.4044698000256962,-3.734558242448912
2002-09-30,2.8174630346684606,0.4005317106448093,1.1970574679512784,0.6629156899924209,0.1153347531235468,-0.22869024725869025,-0.23519459209354432,-3.864305605166513
2002-10-31,2.946865193441661,0.3823986223129632,1.2822401562534154,0.6437736922967843,0.19579194244724252,-0.2859614163867399,-0.30448209451276576,-3.6940998143122385
2002-11-30,3.0190688168474047,0.30026412680106274,1.2575355346028905,0.5062863241164577,0.2389221949169431,-0.273730954116329,-0.4468079501097041,-3.6359325546646266
2002-12-31,3.039124630508124,0.3436266417979616,1.4235863308235728,0.5621097314484589,0.17302850475735668,-0.23980641215392695,-0.3885585002073477,-3.7667228204973706
2003-01-31,3.1285893432989416,0.2693174675952568,1.3419900254314934,0.5679368120220425,0.16506124167580505,-0.1700547585062646,-0.42437486153485016,-3.817631440952516
2003-02-28,3.144461338861284,0.20700023909363485,1.3198264916983813,0.5925819579708116,0.20925504444294396,-0.12407606576712227,-0.3442117569318883,-3.883781234377791
2003-03-31,3.123718294147404,0.299724048690555,1.3987791677972616,0.6405751290796948,0.18357772172356393,-0.12336586992607468,-0.3187197052848012,-3.8959008993581623
2003-04-30,3.1010708811699685,0.32950876265041595,1.4695856485724137,0.6713630228802732,0.21935277261512612,-0.15440350922383894,-0.30405395265556745,-3.8829392107627845
2003-05-31,3.1441277731668453,0.3044485956512538,1.4075049903198433,0.4669035177633786,0.24789851640674654,-0.20566931466050598,-0.4342668694949847,-3.956791943549153
2003-06-30,3.1656866568078454,0.28707077430732514,1.449813406195326,0.37565930416051485,0.20357078804406498,-0.17682228811244816,-0.4136684192661405,-3.952036269667702
2003-07-31,3.173126838204162,0.3110469082720602,1.4051453063704522,0.3728122072040886,0.1334884795511827,-0.17805922266733787,-0.38339348079248026,-3.9828685304490374
2003-08-31,3.152839555188758,0.33995457128504475,1.40293837781801,0.35751045555283023,0.1526227874045163,-0.20629492459575083,-0.3957747776976286,-4.031911814222847
2003-09-30,3.170326547727364,0.36498698968818144,1.4226435876694734,0.32435415120038913,0.09052838659447704,-0.17519750393797817,-0.48402317045004006,-3.977063310851868
2003-10-31,3.1940867483052533,0.31217535084404757,1.4593226804792918,0.3302101976947185,0.09979817705082045,-0.23506183893783683,-0.5549658208326069,-3.9372021043693497
2003-11-30,3.19890274419598,0.315129383064805,1.4593779906233588,0.34001150513200884,0.13810461856302358,-0.2637323880979444,-0.5200249780521644,-3.956329893219414
2003-12-31,3.096335107408122,0.2999388694472034,1.6994690860180093,0.35642479808371097,0.3490059664955426,-0.23987595849317178,-0.4243707469949676,-3.8510616339123427
2004-01-31,3.0845177575318368,0.3259979425316838,1.6244867909970924,0.30455041651350945,0.3609932516709127,-0.2804410221421906,-0.42558283781656325,-3.869514089376607
2004-02-29,3.0813974263617365,0.355486632966727,1.6524751502414474,0.33972705316172314,0.3834504643273381,-0.2783927794082518,-0.356886502437746,-3.8101037567388714
2004-03-31,3.0791901554528023,0.3300033126306141,1.6125077392515674,0.39346932570508375,0.3801281162694461,-0.2517782946087852,-0.2772629946155527,-3.7759039060507513
2004-04-30,3.0620723923021846,0.35328712851937816,1.6187572101076526,0.44697877835773836,0.3515739796328816,-0.2860442154309134,-0.22719792268070593,-3.7367232238598906
2004-05-31,3.098879999686749,0.34297883113663274,1.5983711737351132,0.4725400389854032,0.29889012463485687,-0.2814847520822146,-0.2703361929699495,-3.787000763343525
2004-06-30,3.061741686319411,0.3295232569944542,1.6039972415407844,0.46508312153840214,0.33757932850832517,-0.2899891663111497,-0.30356655563445134,-3.8112207719733746
2004-07-31,3.1133059961123477,0.3256403398183175,1.588424560522185,0.4961926045309081,0.3820246262090896,-0.2899472153267797,-0.2845051111856354,-3.855380847217138
2004-08-31,3.133352628324473,0.33332999450375145,1.5134765284115366,0.46827586359048945,0.35936631085058013,-0.2946686903789193,-0.3051565394126423,-3.9345291301447194
2004-09-30,3.104519909856356,0.3189754291918281,1.525195062084312,0.4773321830508913,0.4408711834408361,-0.22633041979916535,-0.3651266915612881,-3.896919378795367
2004-10-31,3.0586401002285317,0.2979892448866823,1.4840663017732534,0.49586396858324744,0.44549915401672147,-0.23641477977174707,-0.3632286129878044,-3.9524350019090386
2004-11-30,3.0306572829790843,0.34924610923726673,1.488977568331512,0.45699997635266876,0.45396384858425975,-0.19873186771008533,-0.38836709546492076,-3.9580225116620356
2004-12-31,3.055337887921919,0.35045917987169206,1.469772972914029,0.46484399620632544,0.40441083601653627,-0.21392432344613777,-0.3745671521542717,-3.9655719171568693
2005-01-31,3.1540357478156653,0.3479251679365831,1.4654511828419174,0.5968238680978029,0.3825940672920731,-0.2306214113226005,-0.3773197048600949,-4.028377222988301
2005-02-28,3.1722746646245463,0.33778214017890174,1.4961158017414926,0.607000689453134,0.464448765274594,-0.19002683414085242,-0.3771862691235752,-4.063403031203405
2005-03-31,3.2139720132338536,0.3611427269310109,1.497657624997108,0.5756626524754269,0.4423178800269759,-0.19189195305127216,-0.3479153754034203,-4.069913700521281
2005-04-30,3.2737163580473987,0.3982405284642103,1.408866873532546,0.6737942215149375,0.4016448186245487,-0.24127105183473974,-0.3468329117844149,-4.106292574305477
2005-05-31,3.244294084010634,0.3699022558951539,1.4371338224151584,0.6171116970680522,0.4084327883989646,-0.26998548851737003,-0.3907204047058348,-4.0780400710680675
2005-06-30,3.225383216046851,0.38447025098933796,1.44760146527238,0.6593769893065476,0.38456738312046146,-0.2930317412239736,-0.3531085471015549,-4.104460903996253
2005-07-31,3.1805289940874344,0.36761888156566547,1.422181525450462,0.6646155876864239,0.3878727983273479,-0.28993526367488165,-0.40669444954152856,-4.113896597201371
2005-08-31,3.2085684026572925,0.35540160496956597,1.4059717437620338,0.6745606754278043,0.3967400130983738,-0.30542595100152137,-0.4337374494232955,-4.081220398179927
2005-09-30,3.174845281477287,0.35260836904391735,1.4220421217000734,0.6617923658268098,0.3964834595357417,-0.32679150779096044,-0.4472952297093826,-4.031656504390655
2005-10-31,3.20742099871361,0.37514192163552973,1.387228442426907,0.7371234630587712,0.3347514148118327,-0.3791691584241572,-0.38853917596513643,-4.098446220107284
2005-11-30,3.2255890771648392,0.36064338773589233,1.4033013118605455,0.7687800699358585,0.31666285389892457,-0.36813998847748874,-0.41828108266557584,-4.198067991674822
2005-12-31,3.245679011913069,0.3847872768779005,1.359714884208104,0.7853634066865508,0.33251738085584803,-0.3793078718500805,-0.4135636719774398,-4.224799755897131
2006-01-31,3.2663440941309507,0.42862497315760995,1.3833584032407955,0.7635390555798292,0.31273124166262545,-0.306949432237272,-0.4559170351716293,-4.215992540025665
2006-02-28,3.2909461128951936,0.43008993900639914,1.4034572497466011,0.7983274207563471,0.28739604117897455,-0.3100984890223518,-0.44128794653842607,-4.205690752907159
2006-03-31,3.327625388218118,0.4240829002254205,1.4156908023279655,0.8243359829371654,0.2739179362595059,-0.298634680950999,-0.43519450917403324,-4.192299866127508
2006-04-30,3.394552652459115,0.47726494923415463,1.395609769194483,0.8056058601197793,0.2722125179798044,-0.3392080225280596,-0.4007232563347465,-4.125999992883683
2006-05-31,3.4337444310183463,0.48456187079562063,1.405288900740377,0.817445210963689,0.2275203521700656,-0.3062538946014197,-0.3571235548308198,-4.1175660446116105
2006-06-30,3.44865932491998,0.4810909901783751,1.389297577916623,0.8238947528762299,0.1912202652527678,-0.3162237456110355,-0.3685799108221932,-4.118489688094101
2006-07-31,3.483732996998307,0.49950663946710305,1.3870852287344282,0.8602596936124842,0.2172257206445658,-0.27279664363173917,-0.35292172245532893,-4.107297190431558
2006-08-31,3.4263181823927344,0.4922826170465546,1.4077930822099605,0.8530306392759543,0.2263054841475689,-0.26073837148814183,-0.3663081620481732,-4.084342884446547
2006-09-30,3.420198288642594,0.5414383871547582,1.3673147687653522,0.81362229526319,0.19206575901268796,-0.2884681502060804,-0.3617485146894972,-4.083846635337474
2006-10-31,3.472832402250593,0.5552832097996101,1.4056417378119845,0.7923866682704718,0.2313611168300922,-0.2758162147291233,-0.367737562114568,-4.0771106814414635
2006-11-30,3.483605255092305,0.5855489319639797,1.4176504240511165,0.7640784350130718,0.27655018726941893,-0.19407786774496105,-0.4140379527667488,-4.088847137246055
2006-12-31,3.470774606741753,0.621095986889695,1.3957428807851642,0.7843897962302997,0.28249170205488205,-0.23551415304973133,-0.43281123456849,-4.093537636980497
2007-01-31,3.465734174695872,0.6158102255353654,1.3985093104142619,0.7713985049416828,0.30961882131573626,-0.20211214491330998,-0.4629304537510188,-4.124102322215248
2007-02-28,3.482160212248487,0.5969086580726516,1.3821468269666302,0.8286504420568293,0.3191594905772043,-0.2135583433900431,-0.42810212749299104,-4.112154920655605
2007-03-31,3.431861365655258,0.6248603353672169,1.4161121603061446,0.8519056167555625,0.36525562546878954,-0.15990043764118878,-0.40952543875692404,-4.083243206662558
2007-04-30,3.411564326584407,0.5983447235224444,1.4605772832224806,0.8931071652161648,0.3787446040307456,-0.12718060355328498,-0.37150890860820307,-4.093126426212908
2007-05-31,3.4448683218782796,0.5826159114369809,1.4885992075777104,0.9903354304387583,0.43103684685850974,-0.09958268151437455,-0.3131209036566551,-4.168724383732831
2007-06-30,3.4665723348007536,0.5661521200647346,1.5645800855788572,1.0920924469500357,0.4320771038677046,-0.133816954281739,-0.27220762508036334,-4.227114871077575
2007-07-31,3.510837175636238,0.5491892246559502,1.5578215276416274,1.107781775429308,0.41361793131749247,-0.11440424115366088,-0.26585918797367225,-4.196985882828068
2007-08-31,3.499718908809585,0.4968312574501391,1.6026752965250248,1.130319474337889,0.43394146188293903,-0.047772029318664644,-0.2701133842376522,-4.118546048246336
2007-09-30,3.4610091492190476,0.4927289041590509,1.6031772806571414,1.2073159400886797,0.4084787730805397,-0.016138516771716294,-0.2675336458156483,-4.141512707194242
2007-10-31,3.5037386974909945,0.45818605628800135,1.5939220091566353,1.1716160138882468,0.4425624231124975,-0.014344735813734966,-0.2695413543261149,-4.048196211385331
2007-11-30,3.5237249051201593,0.3928132637435029,1.5160282423852054,1.2155863527688338,0.37628902588820634,0.027454925250163242,-0.2658634674598006,-4.049992371925303
2007-12-31,3.506383988635941,0.38016073715582854,1.5643781002331798,1.306946982178884,0.3875634809712192,0.04178947833914992,-0.23860497997714947,-4.054572308293852
2008-01-31,3.5429330306756475,0.4768638398775974,1.4890557625925926,1.330968226667913,0.3774891398700968,0.06821860019319859,-0.24646587393685437,-4.084898426637939
2008-02-29,3.5924331550077926,0.4644957314620771,1.5064812243253136,1.345437662741932,0.3748996364872027,0.13811708539673617,-0.23868581685026036,-4.033842627960954
2008-03-31,3.638608891030528,0.4147296944853778,1.607130105088833,1.4583675331091408,0.3420597967753565,0.17217931033943312,-0.2048949657003869,-3.9499929202158643
2008-04-30,3.6077463994349026,0.4048853073742972,1.6632857174589866,1.4852383866578671,0.361205032379507,0.19971155918550043,-0.19126862848804604,-3.9462928510225184
2008-05-31,3.6252580119777065,0.39566023843880305,1.731054552579909,1.483808131757037,0.40088367714692646,0.2727299565431841,-0.12841322374484365,-3.9949903849612767
2008-06-30,3.6496182980717378,0.3240189640430067,1.6175429047154286,1.400368801403563,0.3045810441859681,0.383474211602466,-0.009287499757127504,-4.047385835507568
2008-07-31,3.707978615556972,0.36258177228416427,1.49801930168258,1.3842238872791692,0.15929763721771334,0.39454705285313774,0.021064850511214983,-4.169325011272644
2008-08-31,3.7142514164097533,0.3505100217904185,1.4928953483822327,1.3871510169380543,0.21837014718722725,0.38243319219289595,0.0829790551330094,-4.179956620840941
2008-09-30,3.6298153475346955,0.2513002847563361,1.1433391211366928,1.2302021625178012,0.32822683226865285,0.49186233903682663,0.3351371771662732,-4.043409664687028
2008-10-31,3.7773341898550665,0.4494100638604195,1.046451498064592,1.2786820758050421,0.13411806759622058,0.3712000578532913,0.47151132464461953,-4.055452146922896
2008-11-30,4.005185301581936,0.45942886158885,1.0168631901113279,1.5534879752640582,0.1059894080764775,0.5143409556697699,0.6492883390826772,-3.9736010096327004
2008-12-31,4.157451290191756,0.489430771355414,0.9898218064575511,1.599452925987523,0.0024565918172568812,0.4978011239049266,0.5813288069815615,-4.002271179154423
2009-01-31,4.090016638559804,0.46046534378968046,0.8940422553954981,1.774257899889236,0.10400930486757864,0.4596044589172203,0.6397418391607478,-4.017164405055642
2009-02-28,4.029554885916936,0.45865551707973345,0.891171787501422,1.8200957924872885,0.10428430694826307,0.4767454139205871,0.7238701937077222,-4.088816481394857
2009-03-31,4.049658438979268,0.45305363498951334,0.8284917788371143,1.7508770486474015,-0.007251771346886704,0.4624720612574666,0.7805017092393491,-4.174639223759203
2009-04-30,4.065937796625795,0.4750969113984842,0.727599655659853,1.7371507812773235,-0.09042229648666855,0.3953307861121651,0.543484089845594,-4.380207578892243
2009-05-31,4.081592617605446,0.47204359299522636,0.6308831214486655,1.7253057020929037,-0.08009184017608151,0.4744781371406138,0.5120084117515007,-4.447073804294108
2009-06-30,4.174685631086214,0.45560926209337566,0.5855428841619671,1.871519790492693,-0.17608116878129243,0.4361875629235985,0.487692880562528,-4.509389420371198
2009-07-31,4.1679437418517375,0.36693119015416703,0.5240537658134018,2.0704379811714118,-0.1680525725161116,0.35279805628520416,0.44271506210471046,-4.461207128332915
2009-08-31,3.9702743966945464,0.3294466640898006,0.5819657178696214,2.0833659664696125,-0.15667007475690498,0.4463624333289602,0.32605064734678235,-4.424003005696532
2009-09-30,3.9142058255317296,0.2929581858002545,0.6099015915417378,2.1641923649639776,-0.2088737801304481,0.4042232180601998,0.24084763128186504,-4.409642064276421
2009-10-31,4.013944598744448,0.277419710963743,0.6665752117644279,2.071696968652619,-0.2238088428931515,0.44351769274932107,0.31376822954345085,-4.45291546290118
2009-11-30,3.985965845884219,0.23446326063580775,0.6463174419161047,2.1406492180268053,-0.27731692950517794,0.4241686081784984,0.29075970973686927,-4.535087578824841
2009-12-31,3.966490335869234,0.2943738538852129,0.6398880193601652,2.1639265734255266,-0.3337763284414743,0.43713784231337244,0.22037082382225337,-4.58722259242682
2010-01-31,3.9205150177614256,0.30514780794018054,0.5668609726119536,2.184344278503286,-0.40046756054876886,0.4296000752550245,0.14654135444012284,-4.555409773578562
2010-02-28,3.9522558174534437,0.3081003047853114,0.5739562809810699,2.221579147440873,-0.47202106770161467,0.4528342452912628,0.07544777417934223,-4.478427246497805
2010-03-31,3.930390474062669,0.3300456282761639,0.5457637721583362,2.1537498892866695,-0.4523649602781963,0.4478699114049877,0.03937281044448859,-4.52130246256908
2010-04-30,3.9595461989892424,0.32562227531675403,0.5401176264653663,2.124839984410605,-0.4562257767003206,0.471171521258485,0.0022958334880502917,-4.516140333355893
2010-05-31,4.023259473437378,0.33470208467683166,0.5653746201091152,2.165522167929503,-0.4814565190608665,0.4583849983026799,0.029823279332058306,-4.5524717450293055
2010-06-30,4.079819933403645,0.39512569174382256,0.5647720780664723,2.184133426926473,-0.428243642074036,0.37377956282791747,0.01750795090883861,-4.536568266406654
2010-07-31,4.072733310168463,0.4517038137773914,0.5841297065674953,2.173271109728754,-0.47749384126789507,0.37530343720919107,0.015795873992894505,-4.5357433217195
2010-08-31,4.138697623851318,0.5020589439724643,0.5906591906279632,2.262557223065177,-0.4911017289357751,0.3163828795803197,0.010937175221041984,-4.611506804999328
2010-09-30,4.0607411322633356,0.5078135003605306,0.5677994574389283,2.2438714122748404,-0.4801426395385624,0.30776109412226726,0.05825286976370658,-4.610284471889244
2010-10-31,4.05122742452812,0.46769185446394107,0.5802317995589042,2.2808128893174353,-0.4706418296738005,0.3245252027707564,0.08185070484299461,-4.605545494228432
2010-11-30,4.022173070598666,0.466372379263583,0.6500323775537823,2.3027096545687846,-0.47311002355297604,0.30475376682320365,0.11760129562744792,-4.553633546941234
2010-12-31,4.055433969460394,0.468020292261964,0.5635702805819577,2.3941766660534363,-0.5405431059931849,0.31877211330826477,0.07343205206237058,-4.690591039467742
2011-01-31,4.09220285663841,0.4553298613017243,0.6752044804861032,2.294026098527824,-0.5665644818962196,0.3352144874020927,0.0288002843572297,-4.664642651448858
2011-02-28,4.103282217393959,0.49865038885514795,0.6896945509206204,2.288251877958777,-0.5933820635703695,0.33404420764934584,0.002968942200019864,-4.694137817543842
2011-03-31,4.1487664936828565,0.48724603284125445,0.67916857776528,2.281580463120424,-0.5414003766811123,0.3371449913587308,0.030264473961031824,-4.688328672278127
2011-04-30,4.158022441240926,0.46358554815419395,0.7022679491118711,2.3356472715334697,-0.5616029442423466,0.3244750061128713,0.04120435771139852,-4.700412077159867
2011-05-31,4.160140058335076,0.4781081729800144,0.6565340135847552,2.3552671703446153,-0.5219455128499649,0.28635085759767276,0.020976430952253544,-4.713370768652014
2011-06-30,4.1592337507713015,0.4621893480529785,0.6169756102572765,2.332511364286536,-0.5405014068304977,0.2822845704964768,-0.025856425729357868,-4.621413712499521
2011-07-31,4.153471159238232,0.4437599083184056,0.5781480975330748,2.3222211735472666,-0.5467760328714927,0.27252230160491286,-0.01885506251457736,-4.653787750832573
2011-08-31,4.197466917729442,0.45025623015393185,0.35557964755436045,2.3306690599195807,-0.5493573010173873,0.30559510990236494,0.05276936421747336,-4.636622111094459
2011-09-30,4.277144753217259,0.46012737576546586,0.26802072250762987,2.383761580444549,-0.5463524484548994,0.24494407768949805,0.08059893892038794,-4.530508771611244
2011-10-31,4.286732945433838,0.4591403960431081,0.5301488366709236,2.1746185396337268,-0.4955080464603143,0.2531282643008933,0.04951744863398888,-4.513070374502978
2011-11-30,4.299115849816495,0.44881714789502253,0.4922180880417605,2.2407612188151838,-0.5245010237589873,0.274821313149076,0.06972760734040573,-4.551716031981052
2011-12-31,4.297150317299105,0.4384940448451588,0.5066301897934382,2.200464329248849,-0.5215455469448386,0.26121764706469197,0.14441807707110932,-4.490291854391648
2012-01-31,4.279236545396493,0.5214909573038995,0.6645271107297848,2.1071462351267063,-0.40267966714592884,0.2244999141616013,0.0853403246142519,-4.435925506744087
2012-02-29,4.282848257490361,0.47552650224921006,0.7006889685700631,2.1330640732342236,-0.393991667289893,0.1977266851496456,0.05015108443918992,-4.372554285754996
2012-03-31,4.286694568416341,0.42367443399462573,0.7945875815953026,2.2391926412519068,-0.43901780915647737,0.18148852921862113,0.12113637897826335,-4.294971361099568
2012-04-30,4.317283322430692,0.40380218740720064,0.7704986769683289,2.256588097240246,-0.47224865658670556,0.1790099033585768,0.14872760885521252,-4.283682275286712
2012-05-31,4.3551194342987785,0.22990101046753175,0.5122664893417438,2.281661402867563,-0.5384043343204339,0.2297232358560763,0.18608290688340412,-4.1925392496471385
2012-06-30,4.34250180258737,0.20999016277740457,0.5138934141990658,2.309408509687995,-0.500665468922195,0.25481230267094895,0.17393038819778628,-4.187500269835015
2012-07-31,4.439376536926733,0.3013370659196418,0.640751423083912,2.3268808650990254,-0.4576587785388945,0.28185547675531597,0.20780140780697587,-4.127949220645893
2012-08-31,4.4705234110263605,0.3134014652219979,0.6626996216681471,2.324211525949894,-0.3816621661442242,0.2574216449511598,0.18625871471478783,-4.100401166806875
2012-09-30,4.435641825215371,0.2909456295891194,0.5898936527214225,2.252297607749887,-0.408558200413339,0.2732989502150704,0.15600299514279414,-4.140482767497646
2012-10-31,4.492049505487589,0.2610322784433929,0.6074148623091135,2.2597310455245925,-0.41409114989666385,0.3052443352986667,0.18074347429820103,-4.146504397971835
2012-11-30,4.450963756649268,0.29019687666883726,0.5624199771558475,2.2986386633641422,-0.39279682594500687,0.30898958624001027,0.1503414134976333,-4.086604966988692
2012-12-31,4.482211700865824,0.31186627484474827,0.6090990554586525,2.304775160050063,-0.4262291167620488,0.30717737151451696,0.11490900215143385,-4.004555376574652
2013-01-31,4.450571633196393,0.2719117422355638,0.7041987436053548,2.2451641926139896,-0.40574989802562644,0.31826467803719893,0.10565561467227891,-3.9798751533502625
2013-02-28,4.470862275364386,0.30025172509047793,0.7221331765695473,2.259458808308087,-0.4026420716575011,0.32728285850250294,0.08490657779431876,-3.9901951257490103
2013-03-31,4.465801619616909,0.2257500437830503,0.6786176741077523,2.2598401371408032,-0.4388969949343149,0.2985890347383361,0.07713428035242353,-3.974323955017003
2013-04-30,4.543961730384478,0.2760647958215486,0.6440766600847421,2.273233526365218,-0.4319290192486277,0.30575618002275795,0.05301880295227579,-3.988570323687536
2013-05-31,4.50893882560018,0.25034279437337326,0.6760618980749751,2.245612726562799,-0.41448930354750135,0.3022735787422237,0.04663732202648263,-3.863757170013832
2013-06-30,4.558707624169755,0.300389599360989,0.6586132504262985,2.2760279381017674,-0.44914106033520196,0.2730034519272224,0.0789264415725528,-3.877152891126163
2013-07-31,4.545601273220136,0.30993105637702656,0.7016618793495559,2.2856261337162707,-0.4374846578146687,0.2561560622096619,0.07866232411117857,-3.850304391094191
2013-08-31,4.575618195542449,0.3195505155045266,0.7286885297543177,2.3082130558257528,-0.4566832952206099,0.25129838238692404,0.06044110001137981,-3.94604569332288
2013-09-30,4.556775126687113,0.3212501637375049,0.711994520503119,2.288412115110277,-0.4404897935424893,0.2312666446126188,0.057652508254798285,-3.925539812430271
2013-10-31,4.621422973477808,0.2681003220563708,0.7533620397212253,2.3186426630987276,-0.41791225062453957,0.20870106794572207,0.05816514992137001,-3.9320864285049657
2013-11-30,4.582164208235936,0.21686925008709534,0.7317836416785051,2.286768665120948,-0.37479384456026,0.24171642021384843,0.02429734121385141,-3.969068943045408
2013-12-31,4.5599191241123105,0.19153572622012371,0.751056916597411,2.2868969103087693,-0.3899414645671251,0.24451179002837153,0.013888678311348324,-4.012954398153944
2014-01-31,4.576474440332368,0.18737027725909572,0.6674704704992822,2.296982870205479,-0.3893003816681717,0.23229697059863763,-0.0016305730248333816,-4.045083804962613
2014-02-28,4.5273624417414595,0.19648322801949614,0.7122804115828323,2.2468164085757554,-0.41765949529936114,0.23996136780279076,-0.012300378529688016,-4.013887662284208
2014-03-31,4.593683408468352,0.20034929584953864,0.7764255827098554,2.2985172602595174,-0.3714723943618661,0.290211075654505,0.03714326857095607,-3.983395365733574
2014-04-30,4.601743630875383,0.2250267661903309,0.8076536867359962,2.368183505080423,-0.3564677698925174,0.3184550607746274,0.049376484358272466,-3.9683983932395765
2014-05-31,4.579902085821869,0.21268682375524728,0.7782769439287407,2.3634217633509396,-0.319632474323458,0.32602344749353274,0.07855934785073382,-3.9851460910596286
2014-06-30,4.567640996098793,0.2318578480457213,0.8135979858248057,2.383620332880227,-0.3211447836791701,0.33401570436580785,0.05780908528978168,-4.017402603597067
2014-07-31,4.589912716846437,0.21499084716673256,0.7902994503698719,2.4244698837960246,-0.3573862784303533,0.34716624665190954,0.09340063195500803,-4.049842541583286
2014-08-31,4.5725962803194395,0.18244139802272075,0.7574403249472981,2.384148904270834,-0.36422460536778134,0.35838360913519773,0.10897079528871623,-4.052542781705485
2014-09-30,4.653685350674238,0.14405065269792605,0.7576717331246776,2.4380158760490116,-0.3646589725679035,0.34070537526236244,0.17314961510771587,-3.9892007902841238
2014-10-31,4.693681171140737,0.1590770961749085,0.7698019269908796,2.4685161760900924,-0.3808131672282916,0.321168137098906,0.18505815121741986,-3.908398762409532
2014-11-30,4.682819097702345,0.14978069787298542,0.7841115686378215,2.4586495220969784,-0.3477780028505442,0.3054079314710061,0.21847069909049988,-3.8809296929748243
2014-12-31,4.721057201232006,0.1652885371259415,0.8174891449487791,2.433364054348894,-0.36578587461967177,0.31069588386758096,0.19294287834492874,-3.8881770752511104
2015-01-31,4.735271497879516,0.17138349635274408,0.782587456634253,2.467925757322192,-0.3434071655380525,0.2876938571807892,0.2274233300805164,-3.8465285762833066
2015-02-28,4.74763981798805,0.19369766920191656,0.828309536002392,2.4556858992062973,-0.360282233134754,0.28359678372447317,0.18660791383674247,-3.921857650558925
2015-03-31,4.759601328300846,0.21433018458819453,0.8711319495545065,2.4772227409812704,-0.33548453225470964,0.28141030039942083,0.19732613032528268,-3.909296234064496
2015-04-30,4.795209950507096,0.2090200418267495,0.8117136518561092,2.4801711937975037,-0.3016195673732643,0.2764742505348521,0.14682740692328888,-3.9741716330986248
2015-05-31,4.80272520502862,0.22023100980042987,0.8599837214614858,2.4365511306659275,-0.3316369181729386,0.27643577625003346,0.16061032571075917,-3.9671483078756387
2015-06-30,4.8069617924730785,0.22059913718013446,0.915168639176217,2.4995696843201434,-0.3763275499702263,0.26444027468037234,0.17878263949678952,-3.934817347613635
2015-07-31,4.915964640738429,0.2211914936634849,1.0083061602491128,2.6394302435081474,-0.40295384555239855,0.27772820979959423,0.32014503457481625,-3.8306173329840534
2015-08-31,4.884182417142486,0.28162300785407435,1.0324042823957147,2.6487469169181583,-0.4349052627905369,0.27443803017128365,0.25806401083484465,-3.8629694065208726
2015-09-30,4.939431741424367,0.2919261154023397,1.0718298100796209,2.7397261122949876,-0.417752810551845,0.30379081883624726,0.3365428544916953,-3.8022582088537424
2015-10-31,4.994629830840101,0.2699999648481374,1.0624996374660411,2.7975271659029497,-0.3374357740320517,0.25695662187778145,0.2842004522293351,-3.8073265802947764
2015-11-30,5.0246189762973925,0.28364857204554217,1.107989786150784,2.878207396762085,-0.34174838195132695,0.24346277160012553,0.23184283602756417,-3.8338763667989135
2015-12-31,5.016885694995538,0.26083951448646425,1.1334684333606346,2.8965596918555327,-0.34709345920717727,0.23042421261134227,0.31726013836283506,-3.8371798084253106
2016-01-31,5.037005633038115,0.3305861059267726,1.0876107021979664,2.883033102235754,-0.368834766789892,0.26199067382932417,0.3126010891086902,-3.8355759821949302
2016-02-29,5.011057586261904,0.3041947334671674,1.0859745634116809,2.8801167132446928,-0.31108694639276824,0.25048063545249066,0.3325940310693879,-3.8687957270599727
2016-03-31,4.962474104458007,0.28954593605701606,1.1499216694669783,2.8030455778979206,-0.21972350235544447,0.22737849139726363,0.2720246573362499,-3.8601553603526337
2016-04-30,4.920706494359657,0.23934346858560418,1.1216481390417288,2.78075972732987,-0.1591858182207172,0.1643794863887208,0.12794229246039368,-3.8851285675146845
2016-05-31,4.949746998555793,0.22653414178606757,1.151705848213673,2.8085206097034385,-0.1764664080607221,0.17585611963683967,0.13554387457652073,-3.8350386956394
2016-06-30,4.977664179753109,0.21846221529642573,1.0946976731868117,2.712986207785246,-0.14424965381536736,0.20755848722434367,0.1684172366754524,-3.8557252611746557
2016-07-31,4.931393701680094,0.20089260138569331,1.1906904962022742,2.7594292314587197,-0.19238906848151327,0.19127125315785465,0.17004064775303718,-3.897868947904721
2016-08-31,4.946532166826603,0.21922617078263384,1.2244130404377243,2.783599689085366,-0.1869197207643405,0.20276352046221668,0.15505043398067153,-3.880892896484156
2016-09-30,4.979844935319295,0.22914632929781442,1.2133449983942377,2.7633153656226295,-0.15895716796337156,0.18072631783356363,0.12382947214143214,-3.9099574150615313
2016-10-31,5.024907545976742,0.26573242795485996,1.2229634065188015,2.740641810454849,-0.18639076319334125,0.24394153570496513,0.16110763097815184,-3.906803503743452
2016-11-30,5.0461815862917225,0.23046064957965695,1.287649717607605,2.762906630054764,-0.07730285445268248,0.20580402436633127,0.10379263653987292,-3.9162075709487043
2016-12-31,5.069918187865587,0.24361959207962292,inf,2.7701310190463353,-0.09977327341634723,0.20441346622216883,0.1343165181664714,-3.970180342543845
2017-01-31,5.082234669781627,0.24895904548635805,,2.749141111877239,-0.1052141170758717,0.2063277520323321,0.1507855827289677,-3.9922838798301754
2017-02-28,5.082015717868596,0.25586292118868126,,2.7872390404905296,-0.11913924673022835,0.21247600473389294,0.13326410709689585,-3.986929295358445
2017-03-31,5.079294418535616,0.244164014927995,,2.798254983318772,-0.09844673625061762,0.19363898430367166,0.08826223011059064,-3.9845752803669034
2017-04-30,5.081850269576684,0.2741587099108671,,2.752819278168036,-0.14591965448946054,0.22485399770725967,0.09904496181054889,-3.997573186561411
2017-05-31,5.084869316621363,0.20238520906873902,,2.785898583286155,-0.20085877276150876,0.20201530084756536,0.1263251174456821,-4.006303931526874
2017-06-30,5.093032803139565,0.21459143855936746,,2.790331013153489,-0.17099673775322166,0.22332936885271804,0.13651371036742388,-4.022760900177483
2017-07-31,5.079128591147358,0.22071250915636575,,2.8203548656009243,-0.18354304643614838,0.237407933325249,0.12907064354862685,-3.999753086301947
2017-08-31,5.13539190271263,0.22674781300007107,,2.8528465076541236,-0.24154492963590912,0.2424436354815318,0.10661002721296309,-4.0882395383614
2017-09-30,5.123795187660187,0.24651684918989036,,2.857272446008672,-0.22804088838836056,0.23169549803501477,0.08413348406236776,-4.107508870102638
2017-10-31,5.135292006103099,0.27083797160900436,,2.8723196618298514,-0.23188279284964408,0.2563240530759612,0.07698889602913361,-4.102440640856317
2017-11-30,5.1421123967671445,0.33133063484173797,,2.911174284932124,-0.21042403591170245,0.31843703686082203,0.057766678549359574,-4.1797122301383585
2017-12-31,5.156579803899269,0.37045836923175557,,2.9483748632412117,-0.19365857628386285,0.3082226653233917,0.04812975053925839,-4.158947352182864
2018-01-31,5.165867552381212,0.35754596692460516,,2.8863532868773283,-0.20517252374100814,0.31715933071639957,0.014382589335261597,-4.184787239479716
2018-02-28,5.159428231760803,0.3557206990881868,,2.8823885286276796,-0.2330307393345754,0.34833193065514045,-0.017543240199453525,-4.189768246526457
2018-03-31,5.188352211647903,0.37321718028544126,,2.9355746187617746,-0.18698418037431785,0.3675241853924256,-0.02688123563085698,-4.135021335559656
2018-04-30,5.154681138178082,0.3862912472217538,,2.9577674749764555,-0.1721225817670079,0.38968438558771035,-0.042588209008805,-4.184725622904898
2018-05-31,5.154110036221493,0.393936154850396,,-inf,-0.19747131447280553,0.3366706332741558,-0.10620225583722154,-4.179716786265793
2018-06-30,5.151128349436811,0.4003098006595064,,-inf,-0.20934798311182334,0.3366344704174391,-0.09354328071114981,-4.209436107873961
2018-07-31,5.168913898240447,0.39821766343058695,,-inf,-0.2067911675224955,0.3564054711322542,-0.07214837081302061,-4.2233396048392855
2018-08-31,5.241318218876487,0.3893310433363667,,-inf,-0.2690762363055609,0.36498469940178,-0.13995145905189554,-4.248927653616105
2018-09-30,5.192583022528009,0.3599542781860352,,-inf,-0.2812161341060354,0.32913432920771335,-0.13820681390829437,-4.275956908247
2018-10-31,5.3451050537094735,0.39452468101109783,,-inf,-0.3873053462485241,0.35493083404387793,-0.04655238780931059,-4.245184217808038
2018-11-30,5.388613385847455,0.4192134296549994,,-inf,-0.4304508144265984,0.36308482541491705,-0.038276063479902867,-4.26951482597457
2018-12-31,5.561810197535541,0.41612874603210404,,-inf,-0.5956901214245964,0.36415425430350257,-0.04568249118556178,-4.24809558824919
