Date,LOW/comgro/pe,HIGH/comgro/pe,LOW/comqual/pe,HIGH/comqual/pe,LOW/comval/pe,HIGH/comval/pe,LOW/mom/pe,HIGH/mom/pe
1990-03-31,,,,,,,-0.13889211605861992,0.44311620794136697
1990-04-30,,,-0.3378596762897866,0.3920396029010682,-0.2992038487861191,-0.30958186616436256,0.013531584695313754,0.1713345519597538
1990-05-31,,,-0.009341547597173656,0.19114187766995933,-0.009341547597173656,0.19114187766995933,0.3844447618269765,0.05967441844189411
1990-06-30,,,,,,,-0.0342999251469903,-0.010623416527234565
1990-07-31,,,-0.3502906241966573,-0.3343376615629269,-0.30581504487820205,-0.339174252901838,-0.012517479080483698,0.29879940046442954
1990-08-31,,,-0.3124049138579985,0.0873691755884848,-0.3124049138579985,0.0873691755884848,-0.3369892411991486,0.440022310197888
1990-09-30,,,,,,,0.15136423829443413,0.387944507850401
1990-10-31,0.23549746474450592,0.26872258254756765,0.3768901485121186,0.1640831362941532,0.19822930202459202,0.2312720949655473,-0.09240225662583301,0.29497213188235816
1990-11-30,0.058679467205497916,0.28730656018032463,-0.25826154110798044,0.08837339245757667,-0.25826154110798044,0.08837339245757667,-0.17880933744571195,-0.4512475541398772
1990-12-31,0.06610572580511795,0.04948975736535028,-0.4251331927641175,0.22593540109634216,-0.4251331927641175,0.22593540109634216,-0.11771766370484345,-0.35518486864971366
1991-01-31,-0.06320680907771581,0.010628042617821921,-0.1640878539827297,-0.4018618151172082,-0.1640878539827297,-0.4018618151172082,-0.47872322950638585,-0.33653412032430285
1991-02-28,0.003579996912434965,0.01649008294357253,-0.0157778360805779,0.11262308836996206,-0.0157778360805779,0.11262308836996206,-0.10891047916702558,0.027118572841454146
1991-03-31,,,,,,,0.29646111709485096,0.31117555400738445
1991-04-30,0.07780733442024591,-0.10064545561427177,-0.11782297936416192,-0.1618740202439651,-0.035891491976977954,-0.19832787534708282,-0.28417182529254187,0.06933549615273799
1991-05-31,0.08614390978453461,-0.11488557603110548,-0.27597142382897527,0.11610093897308653,-0.27597142382897527,0.11610093897308653,-0.07857107514419921,0.037942429437828995
1991-06-30,,,,,,,0.19541707619173038,-0.09563736944453648
1991-07-31,-0.17375943175608155,0.29350488134427005,-0.13850449833513223,0.13049584244090032,-0.12547312897215304,0.23743683040232988,0.04738715242812796,0.21706804409321795
1991-08-31,,,,,,,-0.12784700251678408,0.24376548010905982
1991-09-30,-0.24962820051771056,0.17341604647367825,-0.12120627230545895,-0.21772237708121378,-0.14082818720279577,-0.23941598240383155,0.10806387086873835,0.2261425354364405
1991-10-31,0.11722987498161866,0.09586149643636135,-0.20589069668007567,-0.17670002303939802,-0.20589069668007567,-0.17670002303939802,0.10445315795311395,0.11074615900248108
1991-11-30,,,,,,,-0.028412050309730773,0.22863320080821523
1991-12-31,0.2410062729662528,0.37816348028608165,-0.05212680559253804,-0.20959434539402724,-0.0672716085355196,-0.22483828240763973,0.0062791158519284445,0.2796593561729336
1992-01-31,0.18984140055787474,-0.22441423327755525,-0.2459195435685041,-0.30381562960232994,-0.2459195435685041,-0.30381562960232994,-0.14814711235442643,-0.28899738265517316
1992-02-29,,,,,,,-0.1712497882357232,0.021096321812291208
1992-03-31,-0.1947302718760127,-0.01044342095490039,-0.26234046951213535,-0.271603372275245,-0.21218879835746085,-0.2766160714152341,-0.09918003915962924,-0.15041010610205469
1992-04-30,-0.15694221555331553,-0.4102752702449034,-0.3333973761467003,0.006925345215199727,-0.3333973761467003,0.006925345215199727,-0.24552198666203817,-0.3389188864022684
1992-05-31,,,,,,,-0.2749068188036433,-0.28305285211324965
1992-06-30,-0.3522249221367533,0.3639060431436883,-0.09637752081128258,-0.006697803573582218,-0.13709934312948988,-0.011570591215899704,-0.21438653406917632,0.01850587651317205
1992-07-31,0.0689693588081549,0.0964510960128285,-0.23193636518890884,-0.10616838599071064,-0.23193636518890884,-0.10616838599071064,-0.1329907561931345,-0.03435077985381401
1992-08-31,-0.17274706198493966,0.23370961351350072,0.0715517124896877,-0.02259836554526659,0.0715517124896877,-0.02259836554526659,-0.09488154638371002,-0.21168489959545542
1992-09-30,-0.17941805827998306,0.06223210547651258,-0.08681177459182626,-0.049115479800387225,-0.08681177459182626,-0.049115479800387225,-0.11298706510146894,-0.03774595854018491
1992-10-31,,,,,,,-0.4369388123227309,-0.17125877136095696
1992-11-30,0.05988404395051437,-0.0017271857027812718,0.13729265001601648,-0.2874093815603078,0.12265280263276261,-0.2877880669651836,-0.37313242171020533,-0.1523859478106615
1992-12-31,0.1847282297392424,0.05906038523750376,-0.10551940580175041,-0.16747636921328057,-0.10551940580175041,-0.16747636921328057,0.02236223590439401,-0.0464724582316629
1993-01-31,,,,,,,-0.04125590784152492,0.15029918834505854
1993-02-28,,,,,,,0.0907274271561023,-0.23217501377997204
1993-03-31,-0.09082606590673072,-0.0649689555535114,-0.03728509055139993,0.05276255724505844,-0.024325681621044776,0.0743721555805062,0.1537566790496452,-0.015251534530981797
1993-04-30,-0.09430295647797374,-0.28297501368170985,-0.23893406244344398,0.025768106054899653,-0.23893406244344398,0.025768106054899653,0.13314541531826934,-0.10706470756094984
1993-05-31,0.09898749553710404,0.0867942951026606,-0.2577141903894487,-0.18307770398104162,-0.2577141903894487,-0.18307770398104162,-0.06944799038360733,0.11789590905986862
1993-06-30,-0.08483354680215306,-0.07015308855978475,-0.2592980152155711,0.0033621498346711894,-0.2592980152155711,0.0033621498346711894,0.10967055205430495,0.2912372724482344
1993-07-31,,,,,,,0.16020129395231503,-0.12613781195717316
1993-08-31,0.008536420750288475,0.034665091748239896,-0.05680142609511112,-0.3104826201321751,-0.04704128871601665,-0.25692124408440264,0.019186821105743112,-0.11919256271444935
1993-09-30,0.05307978022004323,0.09117865874864745,-0.157228655178936,-0.2209809983965011,-0.157228655178936,-0.2209809983965011,0.18364575040141046,0.06798686776510589
1993-10-31,,,,,,,-0.4234744691029793,-0.1759133355454169
1993-11-30,0.12962610332152885,0.005915258578337661,-0.040103993670914925,0.050124661633254186,-0.04806120940075229,0.07354474681661059,-0.2795419269305928,-0.070247960637766
1993-12-31,0.0628841704191815,0.1297857963975676,-0.19473921844124611,-0.03283778662825822,-0.19473921844124611,-0.03283778662825822,0.16281180351196117,0.23149475396335137
1994-01-31,0.03338876337714191,-0.08871190982197454,-0.12212648502955985,-0.259521926605875,-0.12212648502955985,-0.259521926605875,-0.007538440766461335,0.16089049416133555
1994-02-28,0.1885792582045816,0.2749917001180751,-0.05167947162874936,0.038324971810345165,-0.05167947162874936,0.038324971810345165,0.04862565760783655,0.014923286396078315
1994-03-31,0.014844489641685528,-0.01438536192576767,0.007793865585126604,-0.02717196421336243,0.007793865585126604,-0.02717196421336243,-0.11869589685412518,0.079581859268381
1994-04-30,,,,,,,-0.23165402797332693,-0.012329812229103674
1994-05-31,0.05121151450297825,-0.09827408368894047,-0.04016760684786425,0.20267549397574905,-0.03418391790595545,0.19414284848525246,0.17708489542189,-0.14979366998320834
1994-06-30,-0.0716703702048905,0.23312478102463463,-0.11483653189978178,-0.016384847463231048,-0.11483653189978178,-0.016384847463231048,0.026208219874052367,-0.058946808140529515
1994-07-31,,,,,,,0.07746697011064957,0.06510032095954109
1994-08-31,0.06881506628275934,0.08905625330847651,0.12749409065396888,0.10799345015187242,0.15990164771200907,0.10819027668381088,-0.11358935803955798,-0.07825938597477701
1994-09-30,0.05893314165240859,0.06285267215453759,-0.2493391132718169,-0.05021341684128082,-0.2493391132718169,-0.05021341684128082,0.13920629030687373,-0.042548126877283814
1994-10-31,0.1479414958540896,0.23174562646900654,-0.1457098471486672,-0.15469434586861924,-0.1457098471486672,-0.15469434586861924,-0.06417144196743822,-0.0703815043820103
1994-11-30,0.11101622995307914,0.2861377993267689,0.08549235041196693,-0.11579071983602589,0.08549235041196693,-0.11579071983602589,-0.19893551339118543,0.009343575154886681
1994-12-31,,,,,,,0.0038429797002461643,0.11941512081272464
1995-01-31,-0.25311098247423386,0.0006274052721361811,-0.19618315996210373,-0.10649662565909639,-0.23842275357117354,0.06162548489860877,-0.1742763767088393,-0.04660359093101661
1995-02-28,0.3988630275602497,-0.1075490368832218,0.14292582893980854,-0.07363695076974085,0.14292582893980854,-0.07363695076974085,-0.06322259393066872,-0.06903569294799604
1995-03-31,0.14419699919347453,0.08867262397320891,0.01082667423572287,-0.07607885199542631,0.01082667423572287,-0.07607885199542631,-0.1643014031518244,-0.1810719032360841
1995-04-30,,,,,,,0.41451472421037855,0.16505468456703443
1995-05-31,-0.11183269309538989,0.23480373401019627,-0.3224260862213529,-0.09089744955439988,-0.30967330900979595,-0.05325113581763149,-0.13120220248495598,0.08019887375746547
1995-06-30,0.2588947454529398,0.4101418638356197,-0.03250111080332962,-0.056297718205625485,-0.03250111080332962,-0.056297718205625485,0.12628780452841273,0.2189356504852267
1995-07-31,-0.0626915071016536,0.19044054690645715,-0.10585902229680774,-0.16239890676335642,-0.10585902229680774,-0.16239890676335642,0.03597575027876452,0.12247081340976261
1995-08-31,-0.04893037180284277,0.3099171654664461,-0.2138537772214329,0.14682948136058954,-0.2138537772214329,0.14682948136058954,0.07540531096198609,0.31930035390302425
1995-09-30,,,,,,,-0.049855409632668816,-0.0012690521351073636
1995-10-31,-0.01938912714527292,0.26663077886793896,-0.24144704392176733,-0.13735748376418636,-0.22446017446562166,-0.014323315244521847,-0.08449781918147767,0.16208720375630414
1995-11-30,-0.3937196087767137,0.09324067040885056,-0.26168230309658264,-0.04849683086797459,-0.26168230309658264,-0.04849683086797459,-0.280708801180163,-0.017997419608803807
1995-12-31,,,,,,,0.11541771857575507,0.032331255668446544
1996-01-31,-0.2734955543180335,0.31530447678093704,-0.08776826244682324,0.0313009667796931,-0.13104595328160706,-0.01910041491154563,0.05878146222934113,-0.005211134412459732
1996-02-29,0.0382238344773434,0.1482822357209648,-0.010160603017324221,-0.16178180527476332,-0.010160603017324221,-0.16178180527476332,-0.011253516282631996,0.04230359966282095
1996-03-31,,,,,,,-0.08265991088103107,-0.20311688634782385
1996-04-30,0.24957984478848622,-0.024979307433409283,-0.2301791706804486,-0.0479031808905065,-0.17739289916690826,-0.17088741235681956,-0.4821794395076932,0.004325642504432037
1996-05-31,-0.08883681498784732,0.1877668512189468,-0.034814769867516006,-0.08874892023066817,-0.034814769867516006,-0.08874892023066817,-0.0025073308427872956,0.35803751905767794
1996-06-30,,,,,,,0.012018854477167972,-0.0037703495354710556
1996-07-31,-0.2553550146006126,-0.09313928857625735,0.012496923543361432,0.09670436148169037,-0.0061770752698715094,0.06296946897834904,0.28049049529673936,-0.16527578486051533
1996-08-31,,,,,,,-0.07470188128641758,0.14503105930190166
1996-09-30,0.4022498373859824,0.29235757129452006,0.1857023057583274,0.002687002365987222,0.14921442896764606,0.00847198995987912,-0.04114444966794271,0.0036863853829487026
1996-10-31,-0.025334114315761963,0.27764000388379295,-0.14655346171914238,-0.27000903139774796,-0.14655346171914238,-0.27000903139774796,-0.02138953318767553,0.3580269536465826
1996-11-30,,,,,,,-0.032229238745288054,-0.20422639058246947
1996-12-31,-0.1785250120155615,-0.09102903533762259,0.07950105426215393,-0.054727862332969536,0.08352654396730802,-0.06029304812838561,-0.06191139204969007,0.07209722293425104
1997-01-31,-0.07611597627348571,0.20983973199234798,-0.1664327516379131,-0.09408247350985365,-0.1664327516379131,-0.09408247350985365,0.012962849683831539,0.35965028992084824
1997-02-28,-0.5857803728057994,-0.250064249953083,-0.09511962423757038,-0.10318430844604115,-0.09511962423757038,-0.10318430844604115,-0.3324324649684484,-0.29199273280749394
1997-03-31,0.14498647720467595,-0.14995016947119,0.1155138937972478,-0.20935640451504953,0.1155138937972478,-0.20935640451504953,-0.171463356907271,0.243679474628468
1997-04-30,-0.03373627421886317,0.23395900313717258,-0.03650341580594976,-0.26957656811348146,-0.03650341580594976,-0.26957656811348146,0.2988192933150832,0.1394099491861264
1997-05-31,,,,,,,-0.20458659656385045,-0.18011685041996459
1997-06-30,-0.18395124426228157,0.09797128458917798,-0.18926367791563642,-0.10655007562769037,-0.17459576881782687,-0.10479818463687095,0.1900479617049467,-0.03672887353567908
1997-07-31,0.13456628804415188,0.24645614779621045,-0.07434404936631396,-0.03714434635131194,-0.07434404936631396,-0.03714434635131194,-0.1395785642426816,0.15551794265274307
1997-08-31,,,,,,,-0.12290284202564325,-0.1958955130779239
1997-09-30,0.08640962123221038,-0.17730634947686114,-0.23767509087150188,-0.016756659336746815,-0.24220465214617518,-0.029073420364338257,0.014274823584618571,0.07538940248191171
1997-10-31,-0.06076771620510133,0.23299148427253627,0.030991555176806063,-0.012389439911388852,0.030991555176806063,-0.012389439911388852,-0.32900013359235325,0.18926939839415133
1997-11-30,,,,,,,-0.12784627595273632,-0.025553440905552227
1997-12-31,-0.22924304022509245,0.028266788554806445,-0.22019537709542447,-0.19149761305604837,-0.24765462066080565,-0.20216564652417324,0.06221333230472137,0.11192860773419697
1998-01-31,,,,,,,-0.15549896476048408,-0.09893312345514586
1998-02-28,,,,,,,-0.03496786373044592,0.010020192289807245
1998-03-31,-0.05458267883571531,-0.024502917518697223,-0.24521153784311345,0.015820199446316525,-0.19652952095004475,0.05158408095614323,0.23290965992655374,-0.23379280306734235
1998-04-30,0.2603945856511741,0.011889169529175864,-0.02490106272552438,-0.06636617494242035,-0.02490106272552438,-0.06636617494242035,-0.0701924194867169,0.02935523764106516
1998-05-31,,,,,,,0.26122399887262493,0.32356110820411405
1998-06-30,-0.19743337264853503,0.3186797248988619,-0.12265871980172408,-0.1079070186973512,-0.14926714287217963,-0.08477849327429911,0.425896396788852,0.2651728489843355
1998-07-31,-0.2364543395923591,0.12443647447446723,-0.2288061607859798,-0.17628952436405307,-0.2288061607859798,-0.17628952436405307,0.2331730805333351,0.10083051457019727
1998-08-31,-0.059262416996709526,0.041607856973721484,-0.15628320230473228,0.0174537246351825,-0.15628320230473228,0.0174537246351825,-0.019751860122419092,-0.08038990937174147
1998-09-30,0.13505023936936317,-0.1548887368601782,-0.1808579336967937,-0.0013106320799993638,-0.1808579336967937,-0.0013106320799993638,-0.10394443388581528,-0.23224551159507792
1998-10-31,,,,,,,-0.4594078549428638,-0.39479509218661374
1998-11-30,-0.052850737215911756,0.27737759324065603,-0.029905288466773386,-0.01825357433072662,-0.021402650789694336,-0.023986653485046038,0.03799784813555615,0.0718041727735566
1998-12-31,0.08947110151506286,0.41208125840054527,-0.2320891404276722,-0.04484360549009969,-0.2320891404276722,-0.04484360549009969,0.3573917207022637,0.41514387359957816
1999-01-31,,,,,,,-0.047660537925905945,0.280310900946828
1999-02-28,,,,,,,-0.28645841588347437,-0.28640224543793547
1999-03-31,-0.08252295375112556,0.08137341243887362,-0.06484314376990995,-0.029625003516387888,-0.06326600198930434,-0.013634171339525214,-0.24705378502678402,-0.08867219605534606
1999-04-30,0.07511322899872455,-0.13519921288882614,-0.04511678268013543,0.05495448477082263,-0.04511678268013543,0.05495448477082263,-0.121459892657007,-0.25263108838162585
1999-05-31,-0.03060029081123859,0.03278073309258279,-0.14300554634316612,-0.21443002812952794,-0.14300554634316612,-0.21443002812952794,-0.25025758998655634,-0.07730930211900629
1999-06-30,-0.06336880415801034,0.2197219977648758,0.003335375002874565,0.08267463280466274,0.003335375002874565,0.08267463280466274,0.2102856683356338,0.3034048414228672
1999-07-31,,,,,,,-0.09050570760299544,0.13109041446458025
1999-08-31,-0.17811990143959353,0.00986728372494029,-0.10268911619808091,0.1752478065719908,-0.10773678757375835,0.15756101407493944,-0.06210464012139761,0.14737177573781557
1999-09-30,0.04027773347878473,0.01869419844739087,-0.08092102739286558,0.05053252523441487,-0.08092102739286558,0.05053252523441487,-0.08170651341792307,0.035286544787223054
1999-10-31,,,,,,,-0.21200799119207694,0.01784767625277024
1999-11-30,0.07708028806336033,0.012089747118008223,-0.14781488936571677,-0.0044396769474436635,-0.13271856701735496,0.025309999546949735,0.09778181369350378,0.4164318852451154
1999-12-31,0.09877616441910872,-0.036057010034635316,-0.27883260800855864,0.13675261181192475,-0.27883260800855864,0.13675261181192475,-0.02637534452399531,0.35791940862999205
2000-01-31,-0.16169434893214754,0.018610377785624105,-0.28117552260866013,-0.08089520514359483,-0.28117552260866013,-0.08089520514359483,0.010001799539856358,-0.051705229496986325
2000-02-29,0.09359041449011433,0.05166399262414176,-0.05300192313497791,0.2984732480651971,-0.05300192313497791,0.2984732480651971,-0.07253141714842413,0.5787899231712786
2000-03-31,0.23282837409582435,0.05938665914056373,-0.05569898647372402,-0.3539500998899666,-0.05569898647372402,-0.3539500998899666,-0.41376007035233064,-0.34638397431985013
2000-04-30,,,,,,,-0.3740754835879715,-0.17528305186395304
2000-05-31,0.01861137000047212,-0.2241907165070282,-0.132733285105565,-0.27205556375869416,-0.14206313771664045,-0.2783528106464144,-0.2925433671780348,-0.40299226889080114
2000-06-30,0.2891433433764468,0.35011279862292793,-0.3317030221580919,0.3077868399259773,-0.3317030221580919,0.3077868399259773,0.14265961150809975,0.13088044115606592
2000-07-31,-0.03446357912077529,0.041609472752182707,-0.4594860207510641,-0.005590923283393509,-0.4594860207510641,-0.005590923283393509,0.058595110315050755,-0.21081637466142486
2000-08-31,0.05773172065671602,0.13973746231760265,-0.1748659014546815,0.0661270031637546,-0.1748659014546815,0.0661270031637546,0.10340958234722303,0.07081509690912709
2000-09-30,,,,,,,0.30690263809259527,0.24469750789495026
2000-10-31,-0.08473879881074035,-0.1787209826102468,-0.23369885435970766,-0.19621882124327455,-0.23873840154859155,-0.23436996288259518,0.021479848323594904,0.1220659771426455
2000-11-30,-0.09396857536355034,-0.21000561200316978,-0.20749763208586755,-0.22993102370116927,-0.20749763208586755,-0.22993102370116927,0.2962182687066714,-0.24619794092458358
2000-12-31,,,,,,,-0.01735139077593834,0.02110157456515614
2001-01-31,-0.27445563878300006,-0.0847530994382146,-0.2954117170443724,-0.12772123703154592,-0.24813947578623238,-0.15507573171211347,-0.6505987021876823,-0.5249792766853123
2001-02-28,0.02254164939486894,-0.41373436033597094,-0.232724781497265,-0.03821578403614844,-0.232724781497265,-0.03821578403614844,0.4141221553143686,0.3873556396064444
2001-03-31,,,,,,,0.12478942063518153,0.4467367225306389
2001-04-30,-0.018348309562535265,0.38575108962794075,-0.2943101192990869,-0.14231836823221233,-0.24101626148650024,-0.0811137553069287,-0.19498092011883122,-0.5396875324766511
2001-05-31,0.11350287066211484,-0.30218679225221173,-0.06281157194371048,-0.015810000386933712,-0.06281157194371048,-0.015810000386933712,-0.0254319092762903,0.3719325320593516
2001-06-30,,,,,,,0.02047426777475846,0.11580283258935722
2001-07-31,0.053439137725876724,-0.17871000115837027,-0.09902641178542011,-0.07675670910277477,-0.061107063669974405,-0.10052123350914016,0.04770938983501152,0.23298515582802826
2001-08-31,-0.1805354543515155,-0.13143855614113806,-0.010288129464598192,0.08224149604538339,-0.010288129464598192,0.08224149604538339,0.48078887533629516,0.41196845299916346
2001-09-30,,,,,,,0.34460151994771004,0.49789983162974083
2001-10-31,-0.055371658803710325,-0.12038252274736644,-0.13682376927586645,-0.12751912936693188,-0.146272951778059,-0.13459308390584598,0.018827352020798833,-0.5498117166752248
2001-11-30,-0.2907342428788699,-0.024349024847754152,0.05299232256585013,-0.05182861665986236,0.05299232256585013,-0.05182861665986236,-0.05754476726835278,-0.46860457231478625
2001-12-31,0.10700153185317493,0.1472495132695099,-0.2671011647000369,-0.18977409861677783,-0.2671011647000369,-0.18977409861677783,-0.16317831220758677,-0.008942152825865381
2002-01-31,-0.09889013043801648,0.01885833232843844,0.14590975687848365,-0.03225367464483268,0.14590975687848365,-0.03225367464483268,0.20936175429259707,-0.11632312964015827
2002-02-28,-0.013802654686492371,0.06873019288351986,0.03703343191505247,0.006404976504712124,0.03703343191505247,0.006404976504712124,0.04160282758748142,0.21988778335041487
2002-03-31,,,,,,,-0.41544963647630634,-0.30449791257944125
2002-04-30,-0.029214088964268636,0.0563493034263018,-0.08846170785719708,-0.19598927312352457,-0.009009714446321948,-0.1641143007303838,0.44029346914156436,-0.020623283013605775
2002-05-31,0.16327141087263486,0.029414654331362686,0.05912274681181605,0.041887051781008454,0.05912274681181605,0.041887051781008454,0.059431074948938685,-0.0011213427229846934
2002-06-30,,,,,,,0.4768371920105961,0.48472922333067836
2002-07-31,0.0483062272478036,0.11931140081123703,0.12373710606594775,0.02007206289524157,0.13335192601745174,0.06473547839692427,0.3626755631116938,0.15638267118814178
2002-08-31,,,,,,,-0.2588632242843996,0.10769474626431899
2002-09-30,0.18177142117761314,0.32399281395349,0.1249654916290072,-0.04797578583715544,0.14205499068863103,-0.055331545714059745,0.13117857064117724,0.642273798045269
2002-10-31,0.06291939338450606,-0.1654028107308636,-0.010771464173792713,0.0029427866462254587,-0.010771464173792713,0.0029427866462254587,0.11152495317272886,-0.5336114996462411
2002-11-30,,,,,,,-0.5899268737828051,-0.6826460465523397
2002-12-31,-0.06992192837602788,0.19590795986630266,-0.24423541504724522,-0.002917496221865226,-0.14327958446546304,0.013645880327939975,0.09058488075017676,0.4820881777836543
2003-01-31,0.11911932429357858,0.06796577928662485,-0.2773889748416076,-0.03815030623355982,-0.2773889748416076,-0.03815030623355982,-0.21782094793790074,0.27072723693329276
2003-02-28,0.1378018780961918,0.19676268058506882,0.06160386393305591,-0.12559029239785383,0.06160386393305591,-0.12559029239785383,0.1801201404708735,0.127310523776977
2003-03-31,-0.038187799932000985,0.16857873393417427,-0.09899406297680625,0.0403616249578203,-0.09899406297680625,0.0403616249578203,0.0012050985280547565,0.056683283001032383
2003-04-30,-0.08770313524222975,-0.15719301719315856,-0.19681572467872963,0.019192979289248145,-0.19681572467872963,0.019192979289248145,-0.07486364982578328,-0.08912439231492233
2003-05-31,,,,,,,0.07901901487436377,0.19079155247657628
2003-06-30,-0.02619375078314378,0.048317036194301145,-0.10945645953606833,-0.046493616611366015,-0.11964089599178811,-0.04397684232447338,-0.038588957513276866,-0.22665425944139092
2003-07-31,-0.13059649955174113,0.021082967211802854,0.00522182108415174,0.06287500647256067,0.00522182108415174,0.06287500647256067,-0.2368300788299284,-0.0912826700824501
2003-08-31,,,,,,,0.21326292672639957,-0.006628883910611834
2003-09-30,-0.0334554568238385,0.1563296574895499,-0.03416887096326789,0.05675236909163448,-0.015565552752582668,0.06155362180009951,0.06235849739783883,-0.17232422929673974
2003-10-31,-0.02336341109347876,-0.07956529438117113,-0.09397611744740508,0.056813076805308955,-0.09397611744740508,0.056813076805308955,0.1110548051108295,0.17090480718438933
2003-11-30,,,,,,,0.16506873491195168,0.2283972988599399
2003-12-31,0.09541658857365791,-0.18685528701870313,-0.2430565459000989,-0.01776247343298125,-0.23217973211116477,-0.020434894162712765,-0.17273925910158713,-0.2825012570204253
2004-01-31,,,,,,,0.029586078216850754,-0.03561853615949353
2004-02-29,,,,,,,-0.013084256194894844,-0.17488811995610876
2004-03-31,0.10778382604872502,0.11929470311303399,-0.08403616412767366,-0.03162795081329651,-0.08214174427848822,-0.01120128236547737,0.06823499548945042,-0.006785402086010409
2004-04-30,0.08783930791133446,0.18184038763322405,-0.0019668673975544388,-0.13134494304728847,-0.0019668673975544388,-0.13134494304728847,-0.1516676908654411,-0.12567939064179576
2004-05-31,-0.051115446198982166,0.10129669008004945,-0.01819003735418642,-0.04576255306873019,-0.01819003735418642,-0.04576255306873019,-0.18043725212389453,0.026123271004235067
2004-06-30,0.12117832553075712,-0.17563183965072646,-0.012702771133049054,0.1008810530647146,-0.012702771133049054,0.1008810530647146,0.4292205178398267,0.1883537704967704
2004-07-31,,,,,,,-0.04221589293325798,0.08553570722574545
2004-08-31,-0.07606426044678656,-0.03844386430120268,-0.09631344686031182,0.04444100922326551,-0.10497771196016366,0.05644211387242485,-0.32349131132165443,0.3789036558510739
2004-09-30,0.36399264023289435,0.08383175986654597,-0.17056179455602746,0.06931672952405114,-0.17056179455602746,0.06931672952405114,0.19176978741118997,0.07110537400403569
2004-10-31,,,,,,,-0.17124191047556567,-0.36846140862260984
2004-11-30,0.17070537388183646,0.15480357963280236,-0.11131008801645444,-0.024603964423249098,-0.09380017664993813,-0.02121713067035222,-0.004998044153369707,0.19365240209860418
2004-12-31,-0.248342269876643,0.05344094638907601,-0.08751503970150698,-0.019299457621831512,-0.08751503970150698,-0.019299457621831512,-0.37201678110107195,-0.12887275065934653
2005-01-31,0.40407788841678166,0.0186959371083117,-0.20721275500657363,-0.04376320022252151,-0.20721275500657363,-0.04376320022252151,0.2787043924485309,0.18627219539298817
2005-02-28,0.35485576596543855,0.006212109308044325,-0.0824041320472638,0.03292746102269014,-0.0824041320472638,0.03292746102269014,0.14840457540899274,0.2132732713682785
2005-03-31,-0.09541766231048641,-0.08476573684031523,-0.21041118687338517,-0.08894873569242939,-0.21041118687338517,-0.08894873569242939,0.01420671004946031,-0.09906229435853629
2005-04-30,,,,,,,-0.11710061364139666,-0.206348023233255
2005-05-31,-0.06570198458843483,0.16367016734473144,-0.11352725274194193,-0.09287437741612271,-0.07853389654628873,-0.03569094521159306,0.052728209708264716,-0.08747787965893782
2005-06-30,0.19509804482418386,0.04286000994964382,-0.0868577522224751,-0.10637098001344393,-0.0868577522224751,-0.10637098001344393,0.21955578684755644,0.29901935589156653
2005-07-31,,,,,,,0.07654790350268614,-0.09744188352333247
2005-08-31,0.333412119521124,0.15628464701071557,-0.021884792944610137,-0.10824632830041296,-0.025850191441261043,-0.06029689136723635,0.23281020714959472,0.19370575201364496
2005-09-30,0.045663906564236446,0.050578226621450215,-0.23871744271200535,0.029095696543476976,-0.23871744271200535,0.029095696543476976,0.4337656072324281,0.018095810319286632
2005-10-31,0.04446299975461994,0.3427313625894538,0.006151117264466466,-0.2833835979911923,0.006151117264466466,-0.2833835979911923,-0.16468017539695678,-0.07888835509983518
2005-11-30,0.14939634109033534,0.14997041977815329,-0.12767051482751343,0.19592244034028963,-0.12767051482751343,0.19592244034028963,-0.13884618652463515,0.21903921309622007
2005-12-31,,,,,,,0.20062316685381182,0.07518431527094377
2006-01-31,0.06840192567354372,0.07184532548990258,-0.16617251457553045,-0.16158680500444988,-0.24450978844024085,-0.09092768893602066,0.33338084691163017,0.21434471079025694
2006-02-28,-0.2418882157942011,0.020948722592824848,-0.2162350977245988,-0.14118905124610898,-0.2162350977245988,-0.14118905124610898,-0.3464003649882162,-0.21341984709132356
2006-03-31,0.2712204618988501,0.09216504381741665,0.047235642154151436,-0.03853284466213719,0.047235642154151436,-0.03853284466213719,0.3510011227956323,0.20024142572493064
2006-04-30,,,,,,,0.2628401211272829,-0.20090149685987418
2006-05-31,-0.15816650761495837,-0.0457789631604893,-0.17189555187857675,-0.16758494990649794,-0.17234381136214802,-0.16956014007483228,-0.058474022251331775,-0.21961037317572935
2006-06-30,-0.20984487187169482,0.1154691219500943,-0.13932717905504072,0.09260496713016786,-0.13932717905504072,0.09260496713016786,0.34154493039889444,-0.13130047773132608
2006-07-31,-0.04160153384373678,-0.044837685085608134,-0.19370908700596526,-0.09127730452370335,-0.19370908700596526,-0.09127730452370335,0.017283280049971244,-0.10243323130613233
2006-08-31,-0.20294456487966842,-0.04852042636580186,0.007827777713236065,0.11428555834897786,0.007827777713236065,0.11428555834897786,-0.37406141666290266,-0.3574130072150402
2006-09-30,,,,,,,-0.18414424914788197,-0.007771707428104145
2006-10-31,0.25923502882838406,0.011932728595444407,-0.21219610007378392,-0.13376188762450336,-0.18098878797379878,0.006641287778416106,-0.04903977797139158,0.038335623284792654
2006-11-30,0.20095603738481255,-0.0033358268897020122,-0.16876023671561466,0.17312131456400479,-0.16876023671561466,0.17312131456400479,-0.22028828058985017,-0.24555288795840075
2006-12-31,,,,,,,0.1422580112594858,0.11526338569994549
2007-01-31,0.17937988370554425,-0.2178485084424229,-0.09479823649080742,0.12082829993834263,-0.13324223831732268,0.05794148727699048,-0.13504896833564525,0.08734186821629666
2007-02-28,-0.09837665165363346,0.08775236297179616,0.04021091035791746,-0.225395348205786,0.04021091035791746,-0.225395348205786,-0.0865843263317869,-0.15389463461699468
2007-03-31,,,,,,,-0.07205172955363116,0.1615201151534607
2007-04-30,0.12020580544111883,0.1501357575242456,0.08631208147174303,0.010717601102445507,0.017838076861116332,0.05776706525591247,-0.02392059740847301,0.019864938490738285
2007-05-31,0.2579615036138993,-0.03280059115161888,-0.15931635273042224,0.01849770019176234,-0.15931635273042224,0.01849770019176234,0.22278779051596354,0.1659038813894139
2007-06-30,,,,,,,0.17400881878770508,0.13751799222409952
2007-07-31,0.2193641792711717,0.24435710784489909,0.019908368919426715,-0.10562142080187037,0.14528564962569035,-0.11016863061186703,0.31183089198924857,0.04656938199864714
2007-08-31,-0.019311308646530138,0.008500020250256408,-0.07432603175015537,-0.034705668908660454,-0.07432603175015537,-0.034705668908660454,0.0489703852798584,0.0073405846484337935
2007-09-30,,,,,,,0.3501515264126443,0.3620899685866333
2007-10-31,0.2744135929993305,0.08577429670925261,0.08553933548999458,-0.09504865848518237,0.07214327606677251,-0.01862455454359357,0.21266108197675793,0.005173930328589098
2007-11-30,-0.12482194747226591,0.149110773236947,-0.01916611115744572,-0.10570309599093206,-0.01916611115744572,-0.10570309599093206,0.3286663895054432,0.27768260702371045
2007-12-31,0.2441827170953795,0.26507616552001384,0.09278570777830325,-0.013878049930807292,0.09278570777830325,-0.013878049930807292,0.48611464623779205,0.35021016496284896
2008-01-31,-0.2486699914455676,-0.24384739440747655,-0.010743894597306482,-0.02876026409725844,-0.010743894597306482,-0.02876026409725844,-0.6268991140224544,-0.3942352049963398
2008-02-29,0.335954382742275,0.2446568456649457,-0.08349004650133904,-0.06366272828089074,-0.08349004650133904,-0.06366272828089074,0.3662481169504598,0.19893169465910449
2008-03-31,-0.039385983840455746,0.1163901449275559,-0.06071878743395113,-0.002375796128287761,-0.06071878743395113,-0.002375796128287761,0.1190124095286335,0.02212312345626746
2008-04-30,0.10560270956876026,0.04285414264191933,-0.12762489458369833,0.048717734289418876,-0.12762489458369833,0.048717734289418876,0.06626826859805669,-0.15486302920582906
2008-05-31,,,,,,,0.07182171615520075,0.16916895078401015
2008-06-30,0.21723380028413147,0.3742775688502651,0.07214228605718492,-0.04474890930958838,0.006017544207742094,-0.05394466443952968,0.4767594526620913,0.5417160367891439
2008-07-31,-0.4376360669122736,-0.03379549685133845,-0.3481570019073769,0.035221128320933326,-0.3481570019073769,0.035221128320933326,-0.33459201023572976,-0.19858929385180124
2008-08-31,,,,,,,-0.13731708946680019,-0.04314128165992589
2008-09-30,-0.1313835556341742,-0.10530269906864664,-0.0931788765226511,-0.027715528381007666,-0.15910972269279347,-0.015694373972563277,0.11079045810997594,-0.13778840056338612
2008-10-31,-0.11735512119431941,0.3216516765069304,0.010440733373972753,-0.31123033259510036,0.010440733373972753,-0.31123033259510036,0.012833265040775704,0.2584891524648843
2008-11-30,,,,,,,0.2664395846419081,0.2336141177020581
2008-12-31,-0.09051269778156908,0.15995285675120582,-0.3346077745480439,-0.20875922437686112,-0.29888936950461437,-0.211707332422146,-0.1499674826141385,-0.14672434052725464
2009-01-31,,,,,,,-0.24338487596076164,-0.08472003488192108
2009-02-28,,,,,,,0.060068050995891534,0.1942087411819484
2009-03-31,-0.24226681246645293,-0.417304446214196,-0.19076552527443344,0.06376422216354295,-0.06596101202481738,0.03701186659938842,-0.3416056618011654,-0.19699734755900886
2009-04-30,-0.14220955346259187,-0.02806249173134713,-0.3285667495809979,0.12735453892631973,-0.3285667495809979,0.12735453892631973,-0.7223971552187809,-0.6022060686324443
2009-05-31,,,,,,,-0.3417891581079507,-0.2900356687048206
2009-06-30,-0.15429649635679096,0.16550323757761556,-0.02126505622741449,-0.025129101984379586,-0.0017480461710798843,-0.013620786835240619,-0.02396010158639272,0.031874546232309946
2009-07-31,-0.16597005919809357,-0.03488377824981876,-0.1387105650875201,0.12932393150966517,-0.1387105650875201,0.12932393150966517,0.07233078513933724,0.03311890628295755
2009-08-31,-0.1184317063802943,-0.27161216168214775,-0.03016293783053458,-0.0633577631813685,-0.03016293783053458,-0.0633577631813685,0.004781901162813087,-0.2436455797872831
2009-09-30,-0.11494835070025816,0.16075675114263846,-0.11152827826507816,-0.1218114833701573,-0.11152827826507816,-0.1218114833701573,0.08385441426367335,0.10163563487963137
2009-10-31,,,,,,,-0.3159198831027606,-0.1769138298182621
2009-11-30,-0.14526058885565238,0.24113808663085884,0.02380595273014936,0.048081736900093534,0.02329186407313055,0.04889361396883734,0.04307370542803186,0.25422349068006733
2009-12-31,-0.03443123821770894,-0.10601623759592191,0.012792071685966142,0.022390999203223037,0.012792071685966142,0.022390999203223037,0.17647051100708971,-0.06610341108314269
2010-01-31,,,,,,,0.0067283677344122834,-0.1413534804488743
2010-02-28,,,,,,,0.17847909477611318,0.07364402615930354
2010-03-31,0.20936789153432178,-0.06443052345377286,-0.02885618626787488,0.05617342072260737,-0.029581701329446635,0.06391489987443699,-0.0444494532248129,0.1374306629304351
2010-04-30,-0.09700912996400271,0.07569414832709022,-0.0589287727190231,0.034877281525711665,-0.0589287727190231,0.034877281525711665,-0.013598041622182333,-0.1002149112607937
2010-05-31,-0.09155788239239401,0.13730052926599665,-0.08935735817811823,0.011584039251259457,-0.08935735817811823,0.011584039251259457,-0.005763505411084019,-0.06507031850797305
2010-06-30,0.09731475586025418,0.14826507261817282,0.12468787803305034,-0.05594457422354393,0.12468787803305034,-0.05594457422354393,-0.232856387598877,0.006036174206451486
2010-07-31,,,,,,,-0.0063989849655623765,-0.10912704924619306
2010-08-31,0.01684793537700578,0.1382427883097543,-0.09749873938074703,0.04670522188812486,-0.09835442499047883,0.04558483549632391,-0.02231837343641296,0.12422412875431119
2010-09-30,0.08352737143547184,0.12078165787065585,-0.0370576930905713,-0.1917895159192946,-0.0370576930905713,-0.1917895159192946,-0.21279568103073793,-0.09891683373948597
2010-10-31,,,,,,,0.08712454550426627,-0.05805737743414017
2010-11-30,0.11304048144324623,-0.02099843281961922,-0.04379945939320971,0.020126275327034652,-0.043480710158994774,0.021146006390447343,0.07926237188893406,-0.11025129698784857
2010-12-31,-0.25829728015027903,-0.4644140008330864,-0.10328924377343504,-0.11611151757150492,-0.10328924377343504,-0.11611151757150492,-0.36591190405115936,-0.4711742771271282
2011-01-31,0.17188937594905965,-0.015004205167050748,-0.12863192264910112,-0.2975890101201345,-0.12863192264910112,-0.2975890101201345,-0.03899713429680394,-0.17810184518818462
2011-02-28,-0.02310250523454665,0.0453519472303409,-0.049761572359606154,-0.04157271817094501,-0.049761572359606154,-0.04157271817094501,0.030915198741884673,0.09873950118895106
2011-03-31,0.09835667150728132,0.026412438719277658,0.24443973079262749,-0.09660710774524636,0.24443973079262749,-0.09660710774524636,0.03183103306675071,-0.17325362516557563
2011-04-30,,,,,,,-0.276428087263942,-0.15295013880357866
2011-05-31,0.026291324725553265,0.09363821775136162,-0.038599516201403374,0.1310698275204154,-0.040937461347951586,0.13481738786334946,-0.19452900771710221,0.029037435174099152
2011-06-30,-0.0025086820954770854,0.08284233991796956,-0.07489333824671325,-0.024410935663016192,-0.07489333824671325,-0.024410935663016192,0.06389984153911046,-0.05729956835190311
2011-07-31,,,,,,,-0.08516753001234627,0.3217089703522267
2011-08-31,0.14055024060940394,0.25919675941915127,0.025170858777441487,0.006032574035517651,0.029203537171842667,0.011316518361228557,0.2707261612104172,0.3803045583168644
2011-09-30,-0.15716146038979156,0.12618875378630295,0.04404482893914144,-0.05566489665864883,0.04404482893914144,-0.05566489665864883,0.24112255590336212,0.36144264660542336
2011-10-31,0.09492738754244397,-0.16534904395863478,-0.0885604005433713,-0.04800070370036176,-0.0885604005433713,-0.04800070370036176,-0.345278616067348,-0.4005298108865802
2011-11-30,0.0025106506017845004,0.07812277620500027,0.011794697392042619,0.007697533630374888,0.011794697392042619,0.007697533630374888,0.2174060540494512,0.1574952657692761
2011-12-31,,,,,,,0.35048158537330276,0.056069783191041084
2012-01-31,0.1686510546753292,-0.08219626465975802,0.006576596240187189,0.09277482238098388,0.03576910206886848,0.06988953298822609,-0.4039785902764061,-0.5292875942367281
2012-02-29,-0.10515924024576763,-0.020099401179871114,-0.14254826499606074,0.04966668106042929,-0.14254826499606074,0.04966668106042929,0.043841627643594984,-0.1623223310685834
2012-03-31,,,,,,,0.30313577521885277,0.0730111502290145
2012-04-30,-0.02803032232092046,0.11007702030443141,0.005771941552736139,-0.1737343705605295,0.018755680415842555,-0.20637145654666778,0.05246568222606989,-0.06753095895952996
2012-05-31,-0.1450799877547219,0.06396464671383481,-0.058900035081298596,-0.09362296328847608,-0.058900035081298596,-0.09362296328847608,0.18544612659588944,0.056788850829483435
2012-06-30,,,,,,,-0.08740301021476932,-0.03999922682077889
2012-07-31,0.1955919335534309,0.06193756179786193,0.05202916825772864,-0.023494886476412073,0.07335518931374478,0.00938019060165885,0.10376459182146833,-0.07267269219738835
2012-08-31,0.11245611831341805,-0.11543362969384385,-0.10073589568660554,0.012666737169418567,-0.10073589568660554,0.012666737169418567,0.12749625025134606,-0.16324043894997536
2012-09-30,,,,,,,-0.17086206772281662,0.12412465574378666
2012-10-31,0.017295977497913412,-0.1783553471438007,-0.01566209379335353,-0.18329893873109307,-0.005238152293383142,-0.12123286228628906,0.05813126089259517,-0.06201819763445652
2012-11-30,0.05752721330710704,0.06308928267098647,-0.08123582953780918,0.02137836090345993,-0.08123582953780918,0.02137836090345993,0.24028220797278294,-0.2215958195623101
2012-12-31,-0.03678785952397832,-0.03180672808602676,-0.11955342952385532,0.05513772713733182,-0.11955342952385532,0.05513772713733182,0.010201867884220757,-0.1492663024044531
2013-01-31,-0.15350375120039797,-0.21600485730602578,-0.16648463965365135,0.14344403744645812,-0.16648463965365135,0.14344403744645812,-0.0155744788875349,0.13239012098784375
2013-02-28,0.0874049108245553,-0.09595990102418624,0.0131714793795369,-0.0040191255225165545,0.0131714793795369,-0.0040191255225165545,0.12151537521760167,0.08621971856685562
2013-03-31,,,,,,,0.03773284586521562,0.2758877636568248
2013-04-30,0.20325149825392136,0.09439474185987806,0.017597358956734952,-0.09153843193854644,0.02152489344905519,-0.025973535874909134,-0.11245549135469357,0.035889383256149904
2013-05-31,-0.05552518569508694,-0.08132115720848514,0.049313066790404654,0.1730082017751934,0.049313066790404654,0.1730082017751934,0.0506137874092599,0.1897042793953499
2013-06-30,,,,,,,0.07953722703535088,0.04079927774444301
2013-07-31,0.13575779799465915,0.057132931830422846,0.0002860580467488677,-0.14593421393040135,0.06256744172256984,-0.17500425632757197,0.09386161194342305,0.10159568734292589
2013-08-31,,,,,,,-0.20541304663241747,0.22582437946538014
2013-09-30,0.027953368638725263,0.027343267411091353,0.10978434220734992,0.13249903250076278,0.10886819434789491,0.1320585463588476,0.1874057289649031,0.18994734007969155
2013-10-31,-0.021364714489473496,0.00717265896634401,0.13172467587995004,-0.03614654906818268,0.13172467587995004,-0.03614654906818268,-0.014526959052279876,-0.015106878349471524
2013-11-30,,,,,,,0.23740869954792435,0.02770952521442814
2013-12-31,-0.14204841718892694,0.05667903922232365,-0.03463120518744123,0.1869826394375103,-0.032270169875951195,0.15100780890785592,0.030539554055247164,-0.06534054741760013
2014-01-31,0.12189864522001308,0.10035276203351047,-0.06960559136365975,0.13509764851804368,-0.06960559136365975,0.13509764851804368,-0.02938322278624453,0.04440363741938806
2014-02-28,-0.026220361701247644,0.12624356778893564,-0.03176185135509447,-0.01551332641253998,-0.03176185135509447,-0.01551332641253998,0.1340976438171355,0.14802385336293636
2014-03-31,0.032818781884446965,-0.36650209826985636,-0.03470834177714365,-0.036989397944877676,-0.03470834177714365,-0.036989397944877676,0.04361013477642437,-0.4419577287567256
2014-04-30,-0.04905657058350167,-0.06644583213798415,0.06039684612821381,-0.08364706908561748,0.06039684612821381,-0.08364706908561748,-0.13984618887600742,-0.31956670526673564
2014-05-31,,,,,,,0.17076266584209038,0.06868803540202141
2014-06-30,0.004272515365238031,-0.2410920067923831,-0.13278131400909862,-0.04372231523183321,-0.1310736391404529,-0.04437961173266439,-0.1113635312540687,0.08540778015141622
2014-07-31,0.01285420542745329,0.1739335142818305,0.0065976209820501125,-0.018715775013679693,0.0065976209820501125,-0.018715775013679693,-0.23128041736987354,-0.18012545310488756
2014-08-31,,,,,,,0.08314928065524682,0.06056297355490468
2014-09-30,-0.04047849660838132,-0.02182189791934641,0.023282981580552475,-0.07612924384412355,0.02311936354802441,-0.07611295008009923,0.0903917778248172,-0.06658470415868147
2014-10-31,0.0015010200966170198,0.025344914199330805,0.06390435601112879,-0.035704242919309986,0.06390435601112879,-0.035704242919309986,-0.046990302780672406,-0.0680723951362977
2014-11-30,,,,,,,0.47827280288741514,0.11442405020329482
2014-12-31,-0.13661171627810031,0.07828761129152993,-0.10162143336868298,0.05019670545920154,-0.10226179816794632,0.0505768971681023,0.2337304521696031,0.1681713453072108
2015-01-31,,,,,,,0.2381894670621911,0.1366061160021433
2015-02-28,,,,,,,-0.3113251522460595,-0.12000347028981492
2015-03-31,0.022793796746086777,0.20273661089666795,-0.11184976709227708,0.02594710988069712,-0.11195951217104234,0.003687110917012187,0.3444679677112221,0.2041570746461353
2015-04-30,-0.20434113188549133,-0.3150711467957095,0.0984180099526961,-0.04783034511137846,0.0984180099526961,-0.04783034511137846,-0.7493011184832015,-0.5158220800378929
2015-05-31,,,,,,,0.3921959946093676,0.47918684378714915
2015-06-30,0.06841494740657252,0.13811742154288115,-0.05882029782162344,-0.04926349106844429,-0.07108543421127017,-0.04927940695406321,0.31833002608167815,0.0719797941459945
2015-07-31,0.3051371180825953,0.4292175485291945,-0.015085402959039842,0.09279155835756533,-0.015085402959039842,0.09279155835756533,0.0800931054572562,0.21477977555087666
2015-08-31,0.006366726241705384,0.03006493652729549,-0.15373425409561903,0.11148845295516581,-0.15373425409561903,0.11148845295516581,-0.13161337485922034,0.05936657028278884
2015-09-30,0.11046367993038254,0.30511453124786714,-0.21660764195775695,0.09542256413869199,-0.21660764195775695,0.09542256413869199,0.291508103833923,0.3005745147982226
2015-10-31,,,,,,,-0.10785939747632736,0.03233057734233126
2015-11-30,-0.028223483358286942,0.06980157181329358,-0.08625580084455671,-0.008849136284739472,-0.08313906828825206,-0.009118525957295048,0.20057357133736037,0.08285772636093872
2015-12-31,0.021777467306338526,0.48684951425676676,-0.0008211511531336785,0.0007464965688437503,-0.0008211511531336785,0.0007464965688437503,0.33846756666540956,0.4453766918479741
2016-01-31,,,,,,,0.045880976123148905,-0.07095557097564636
2016-02-29,0.14598699128826076,0.16533297177665862,-0.0006670823745343,-0.02587884753495859,0.006480007460414057,-0.0431080711191051,0.0483684541175189,0.04646142580963102
2016-03-31,-0.11238507107021259,-0.5055159745832748,-0.024461576714076692,0.036268634558340326,-0.024461576714076692,0.036268634558340326,-0.19813970786641763,-0.4408907614752936
2016-04-30,,,,,,,-0.22418451493682812,-0.24472430722342103
2016-05-31,0.08443252398552258,0.2998010288450505,0.028774149743307886,0.045077051971286634,-0.1298676722639578,0.015633298458079384,0.13348503618746863,0.09790344924491408
2016-06-30,-0.11570576498991596,-0.07878731711609593,0.1499943471201621,0.00014410865481478047,0.1499943471201621,0.00014410865481478047,0.14915992912185067,0.34949927291843763
2016-07-31,,,,,,,-0.1976794973090944,-0.17448994932619225
2016-08-31,0.1310328084648306,-0.14033505216175649,-0.16107292275545326,-0.04115416521919376,-0.16263707707176997,-0.0454913290689675,-0.1964619825815318,-0.10986065933588367
2016-09-30,0.02929884638584849,-0.30622766487893066,0.11152375137343304,0.014611664333334351,0.11152375137343304,0.014611664333334351,-0.00036914496100458663,0.24838866128978052
2016-10-31,0.08049525483086861,0.21488976825846914,0.0043992207936084365,-0.015222998908170518,0.0043992207936084365,-0.015222998908170518,-0.19502138219615814,-0.2318645733072739
2016-11-30,0.03202444645972644,-0.36749274063507553,-0.1457134871398469,-0.0054665998603208345,-0.1457134871398469,-0.0054665998603208345,0.22490738702130153,0.11401222770718271
2016-12-31,,,,,,,-0.13098552542054978,0.1494401624636131
2017-01-31,0.2309541313235909,0.06709929370948142,-0.13146236226238414,-0.027385193991663694,-0.13384971443554555,0.049136865119475195,-0.156683307864595,0.05445659548034963
2017-02-28,-0.06907797118790233,0.29057880105708234,-0.23284033418905462,-0.006541885075907579,-0.23284033418905462,-0.006541885075907579,0.09580641612457187,-0.07281630516776501
2017-03-31,0.05180912041373118,0.07867244621193403,-0.12471226397031174,-0.008094787497037391,-0.12471226397031174,-0.008094787497037391,-0.17094694544938543,0.17383513058660885
2017-04-30,,,,,,,-0.08014871127522767,-0.0903423826500799
2017-05-31,0.07603651140836316,0.23442679991233403,0.028161482426116425,0.0751411896958403,0.027556302774275124,0.07269330468847075,0.20010570314800238,0.25746706632571187
2017-06-30,-0.04822478270001888,0.16206401619184616,0.038336032505108975,-0.08330640705543708,0.038336032505108975,-0.08330640705543708,-0.15841633898660779,-0.20432150815327493
2017-07-31,0.10607748017950587,-0.04656618838970769,-0.2349836404731162,0.08144376427593734,-0.2349836404731162,0.08144376427593734,0.054884721108447804,0.1719468319300064
2017-08-31,0.1287155569922633,0.28643220320296076,-0.26047763782620675,0.04358773431226417,-0.26047763782620675,0.04358773431226417,0.354663368713356,0.5552697699074729
2017-09-30,,,,,,,-0.0830355584511848,-0.4493639268671923
2017-10-31,-0.04958636692964132,0.16514699969509095,0.025724794111813234,0.07872554811890647,0.01772292696571338,0.03571506835070981,0.18440731686495676,0.41458864409349416
2017-11-30,-0.05704643865000972,0.062455106573990705,0.21783019271500875,-0.2756713365395077,0.21783019271500875,-0.2756713365395077,-0.1587529723133496,-0.07927160407984739
2017-12-31,,,,,,,-0.08449955099470852,-0.19341092969740603
2018-01-31,-0.013299945336941107,0.07364598346599116,-0.2651098073218438,0.12756793063528146,-0.2681583788688889,0.17944071537589257,0.12022789829960764,0.2609168272062526
2018-02-28,0.009049056410094692,0.11977779475351134,0.029871573711325893,0.08568063403764134,0.029871573711325893,0.08568063403764134,0.057230549817056955,0.11030980426278768
2018-03-31,,,,,,,-0.10214102338348767,0.12774825424289551
2018-04-30,-0.13402726523514574,0.0802722796349309,-0.1999140240842875,-0.08587007858539834,-0.19787999901638156,-0.29310823346391796,-0.09365308690004778,-0.20168062198766767
2018-05-31,0.20633073050307535,0.10720755320023315,-0.018397812097845485,0.025848892007246663,-0.018397812097845485,0.025848892007246663,0.135983101387347,0.019473635283502003
2018-06-30,,,,,,,-0.32065743742046937,0.037289594873959726
2018-07-31,0.10770643166131778,-0.055215933428958704,-0.12653647779155486,-0.08927133234602895,-0.11526857027133518,-0.06174833086236041,0.06264967442035582,-0.2724538657824323
2018-08-31,0.24170570020326795,0.2382989809067489,-0.24891480808468527,0.19257521579761852,-0.24891480808468527,0.19257521579761852,0.08657689500400753,0.31506530172193176
2018-09-30,,,,,,,-0.07021410294315994,0.1015316989781503
2018-10-31,-0.03915074246564409,-0.15268373001620833,0.11622344574538526,-0.18250658105168704,0.13561703106254258,-0.17071542404677195,0.14179264547691614,-0.3915826903422731
2018-11-30,-0.04476366320816985,0.12384975698881134,0.026613739010835243,-0.012766776957254911,0.026613739010835243,-0.012766776957254911,-0.1611795776597036,0.11691694772771037
2018-12-31,0.04223321486124915,0.09168442131813653,-0.14509056156484998,-0.0409165855743186,-0.14509056156484998,-0.0409165855743186,0.0028748053314813908,0.1670082993838965
2019-01-31,,,-0.03577246329733047,0.09538245019962135,-0.03577246329733047,0.09538245019962135,-0.4187950715024945,-0.33256193361386094
2019-02-28,,,-0.09348575072451132,0.10085393999607375,-0.09348575072451132,0.10085393999607375,-0.08662856658685643,-0.05767792902033174
