Date,pe,pe,pb,pb,mom,mom,cfni,cfni,leve,leve,quick,quick
1990/4/30,,,,,,,0.085628696,-0.295631611,-0.618943211,-0.428408121,0.931271142,0.952908829
1990/5/31,,,,,,,0.976542848,0.967395887,-0.934252175,-0.509048874,0.625417373,-0.385981522
1990/6/30,0.770010134,0.890488659,0.54850281,0.727154155,0.238604777,0.704167394,0.241653437,0.386239036,-0.838313297,-0.747831851,0.952168465,0.525344271
1990/7/31,-0.771226902,-0.340594778,0.939758784,-0.066214645,0.998231406,-0.311087946,0.899475382,-0.922612353,-0.83170725,0.678979058,0.663938993,-0.990427819
1990/8/31,0.879751202,0.432278181,0.141429732,0.694049319,0.13552298,-0.123957258,-0.602610891,-0.194432951,-0.383959693,0.172125941,0.60533161,0.327853025
1990/9/30,-0.565631565,0.480175866,0.876608738,0.575564727,0.810918577,0.869667377,0.953698138,-0.997501884,-0.741593018,0.810662557,0.547472053,-0.957378381
1990/10/31,0.996293285,-0.253517621,0.960663913,-0.081888661,0.918361314,-0.809776712,0.796806975,-0.990404802,-0.860219295,-0.500156971,0.738242252,0.922100667
1990/11/30,0.384123234,-0.517284776,0.577855373,-0.319430412,0.603224885,-0.813768106,-0.311843976,-0.790226179,-0.762240662,-0.056033329,0.8781621,0.782830834
1990/12/31,0.614915862,0.465858022,-0.930509067,0.231322766,-0.975666075,0.709150096,-0.749985207,0.997609201,0.961900063,0.240634165,0.818263386,-0.866072033
1991/1/31,-0.41544735,-0.794414071,0.642724514,-0.92473331,0.957744484,-0.779010101,-0.526755806,0.158943277,-0.992471971,-0.761839837,-0.975312522,0.830397632
1991/2/28,0.94319099,0.329063164,0.711551315,0.299142243,0.521497656,0.362448422,-0.843156476,0.944605785,0.135254187,0.445378559,-0.208239538,0.447849069
1991/3/31,-0.558665407,0.945800201,-0.88460341,0.903244019,-0.923966995,0.245865833,0.887537735,-0.318131862,0.511225355,0.736919892,-0.323000979,-0.805740746
1991/4/30,0.998934276,-0.111733486,-0.099109826,-0.291655933,0.990152423,-0.058178148,-0.123730863,-0.495528901,0.435747264,0.722594321,-0.376826351,-0.611433936
1991/5/31,-0.223932832,-0.313006435,-0.966722596,-0.439645282,0.994866463,0.952428566,0.985955097,0.627704951,0.736635807,-0.825205879,-0.778694899,0.684774692
1991/6/30,-0.38365414,-0.394251263,-0.906421969,-0.423354514,0.950302969,-0.50967721,0.946373714,-0.134675329,0.618555804,0.520392216,-0.667915219,-0.902710958
1991/7/31,-0.755689287,0.609958508,-0.390287739,0.731542193,0.856432585,-0.487195339,-0.7891052,-0.147130505,0.176606803,0.298929079,-0.384480832,0.149639095
1991/8/31,-0.095527004,0.345893033,-0.724752894,0.527441419,0.964756129,-0.418517968,-0.14602768,0.482353344,0.80775693,-0.486131558,-0.91577963,-0.781533052
1991/9/30,-0.968519121,0.18018508,0.514441363,0.265682712,0.571739175,0.246784574,-0.980261315,-0.965044821,-0.281051897,0.277515919,0.067730753,-0.928328664
1991/10/31,0.188605996,-0.278490419,-0.670991542,-0.318343111,0.765866868,-0.687815524,0.141091865,0.883346692,0.915920036,-0.228077284,-0.979666062,0.914632401
1991/11/30,-0.991934877,0.764506663,0.988294261,0.677053647,0.594940175,0.129176616,-0.997139218,0.863668575,-0.460809627,0.2137115,0.264717759,0.142466522
1991/12/31,-0.102191622,0.534549394,0.126436013,0.481145986,0.895707753,0.610305132,-0.156621515,0.893100408,0.757164276,-0.011695812,-0.877179867,0.819663179
1992/1/31,0.397886527,-0.754122979,-0.309123655,-0.693532398,0.595543378,-0.737912236,0.19913588,-0.26301017,0.417911688,-0.524886743,-0.836420805,0.703260672
1992/2/29,0.440286876,0.225349699,0.081135724,-0.321365811,0.658013127,0.580342825,0.223955803,0.175547984,0.440845889,0.10383506,-0.850068534,0.545286764
1992/3/31,-0.237497821,0.475640901,-0.86002117,0.14528165,0.017572068,-0.181795252,-0.187116869,0.161868029,-0.828459684,0.511566285,0.952825402,-0.992926834
1992/4/30,0.628165953,-0.299328803,0.666652514,-0.60816559,-0.272841322,-0.634004393,0.641358703,-0.71844819,0.813060593,0.825288284,-0.581894033,-0.514465113
1992/5/31,0.971511467,0.799028128,0.262358894,0.517393462,-0.310312663,-0.607642572,0.977113218,-0.098957911,0.772119298,0.53793395,-0.399501914,-0.918396621
1992/6/30,-0.750808551,-0.381742842,-0.290420663,-0.444019306,-0.673580967,0.404634184,-0.843211591,-0.070011349,-0.664172219,-0.426330885,0.893614507,0.965762195
1992/7/31,-0.617342537,0.47677994,0.517642633,0.294731657,0.106832767,-0.451778498,0.522131354,-0.734286866,0.117793264,0.514634356,-0.02474687,-0.101709677
1992/8/31,-0.313891535,0.978260011,0.554667082,0.890175842,-0.520307964,0.73705373,-0.930308304,-0.603042582,-0.982000243,0.616844623,0.585336499,-0.051157994
1992/9/30,-0.325966815,-0.462593635,-0.559018214,-0.668868386,-0.294665702,-0.513397527,0.837227638,0.584940342,0.889102119,-0.768241691,-0.851115851,0.858750386
1992/10/31,-0.903149688,-0.021383276,0.409192954,-0.214406743,-0.117718236,0.249022012,0.146833267,0.369078027,-0.146105031,-0.042681269,-0.503791237,0.228184855
1992/11/30,0.132112625,-0.052110473,0.454040126,-0.416388604,0.950804127,0.917790348,0.958030908,-0.336306473,0.579058436,-0.532200247,0.457319623,0.802241007
1992/12/31,-0.885167292,-0.323404345,0.010942185,-0.459532443,0.511965129,0.544736364,0.21450011,-0.917338395,-0.391344792,-0.83220131,0.539470184,0.761389988
1993/1/31,0.47117295,0.149709585,-0.351316527,-0.04926257,-0.443228473,0.82371145,0.259919896,-0.280554602,0.206073097,-0.417470763,0.352627822,0.706542983
1993/2/28,0.844990009,0.357333144,-0.313753043,-0.051457054,-0.703406233,0.972132714,0.149637986,0.011990512,0.480308076,-0.448076914,0.11632189,0.847224599
1993/3/31,-0.69230822,-0.250355158,0.593536226,0.157903904,0.64745415,-0.694362223,0.13707405,0.279096684,-0.600652758,0.26978293,-0.033822454,-0.376666347
1993/4/30,-0.168637191,-0.553747247,0.732414978,-0.294068813,0.632788167,-0.716796143,0.666568193,0.537840331,0.619197249,0.060208389,-0.664239062,-0.67416371
1993/5/31,0.512448128,-0.109199734,-0.243378474,-0.352206533,-0.551116191,0.836882055,-0.561424221,0.055965048,-0.332810149,-0.529563412,0.992311599,0.731113905
1993/6/30,-0.565169654,0.83868819,0.832920577,0.598145069,0.811685263,0.227850669,-0.360360164,-0.275623276,-0.318115111,0.214525977,-0.136123801,0.17029144
1993/7/31,-0.897395456,-0.308193867,0.630463264,-0.091991357,0.768911473,-0.808679405,0.760454597,0.233812897,0.020890453,0.048418797,-0.552457642,-0.32341238
1993/8/31,-0.140041397,-0.348695793,0.807298111,-0.367485298,0.674031154,-0.200460325,0.874910972,-0.267198791,0.714793495,-0.548848917,-0.219902966,0.877904039
1993/9/30,-0.715192971,-0.746094262,0.787122496,-0.541401048,0.663897807,-0.414688048,-0.396910661,-0.020837585,0.032938456,-0.844270229,0.42460433,0.941417411
1993/10/31,-0.023967806,0.063388055,-0.269103995,-0.145328887,-0.862873414,0.640696516,-0.599973463,-0.306709487,0.502865775,0.342008018,0.822879518,-0.426692709
1993/11/30,0.816886606,0.272853081,-0.875638361,0.016049827,-0.64768646,0.625589248,0.289493335,0.588634294,0.739070062,-0.69922609,-0.152504551,0.223034733
1993/12/31,-0.091164676,0.478439531,-0.27246565,0.721488785,0.670022659,-0.673523016,-0.74788758,0.125451997,0.33643589,0.793579248,0.578920583,-0.890774408
1994/1/31,-0.750785086,-0.844839261,0.256488614,-0.695411028,-0.913699076,-0.251351666,-0.754565006,0.857058096,-0.123153246,0.524075331,-0.875275119,-0.002375322
1994/2/28,-0.468352136,-0.260452505,-0.442069661,0.078356207,-0.432203164,-0.674152454,-0.940316412,0.251673838,0.510088807,0.163134661,-0.754197915,0.09725179
1994/3/31,0.018710247,-0.140322775,-0.584571128,-0.23051706,-0.396024058,-0.239313906,-0.98084611,0.688742701,0.221366737,0.553015574,0.381049052,-0.528492277
1994/4/30,-0.79748946,0.26153995,0.376270237,0.653662149,-0.162257574,0.154074392,-0.771805716,-0.561783521,-0.049037935,0.555674614,0.906056047,-0.411236082
1994/5/31,0.694499094,-0.381932449,-0.92921067,-0.077436343,0.69645998,-0.581261586,0.855945783,-0.316147089,0.360655395,-0.37347437,-0.66092962,0.679906843
1994/6/30,-0.439903735,0.176986895,-0.286812658,-0.050664294,0.279689538,0.38022447,-0.041300229,0.776438865,-0.337123774,0.325313804,0.127774893,-0.304112069
1994/7/31,-0.356942211,-0.238421606,-0.044451253,-0.55800001,0.435551805,0.054546366,-0.375552968,0.591130061,0.300968632,0.660093893,0.716419547,-0.194377733
1994/8/31,0.80170406,0.195951669,-0.464702111,0.354464974,-0.639842447,0.388320114,0.729862446,-0.094991929,0.392762918,-0.602238349,-0.355867027,0.598690206
1994/9/30,0.431517396,-0.016463253,-0.628097605,0.031779839,-0.488610569,0.204965973,0.043218851,-0.269646587,-0.309507274,-0.026073195,0.258829621,0.004137694
1994/10/31,-0.053663239,0.07547914,-0.324810158,-0.087760195,0.303786599,0.224355105,0.087201253,-0.207791844,0.074805678,-0.41308974,0.084162339,0.349432642
1994/11/30,-0.302901776,-0.017150432,0.393680448,-0.260831856,0.02272594,-0.132218788,-0.182715798,-0.005858414,-0.027435915,-0.593936811,0.431224125,0.255546481
1994/12/31,-0.244177804,0.045947437,0.15281384,0.245591339,0.124345995,0.496621289,-0.276447037,0.045779993,-0.187003918,-0.256161821,-0.005673879,0.263531742
1995/1/31,0.229890854,0.148364454,-0.003813139,-0.197052599,-0.035464022,-0.710754887,0.096330277,-0.034331169,0.115105896,0.406578798,-0.052384097,-0.417683827
1995/2/28,-0.231983018,0.059641795,0.135662667,0.065968562,-0.055988248,0.199410148,-0.054951125,0.001562329,-0.012014696,-0.079788992,0.327131016,0.142963445
1995/3/31,0.034647319,-0.076353364,0.152232367,-0.090191391,-0.111478712,-0.021846188,-0.113853326,-0.087606088,-0.281514247,-0.095980785,0.229795382,0.24742541
1995/4/30,0.013666248,-0.225079972,-0.31748326,0.032518554,0.024038594,0.384586826,-0.134584172,0.023023545,-0.012029003,0.110896397,0.002237284,0.10369309
1995/5/31,-0.225538355,-0.013153512,-0.18971504,0.107549476,-0.055648055,0.0022738,-0.111647155,-0.091484415,0.129097819,-0.143475304,-0.104260893,-0.022914308
1995/6/30,-0.071464038,0.030653351,0.029285025,0.239235701,-0.098091575,0.355514071,-0.130266314,0.040162062,-0.046613003,-0.252946943,-0.007245384,0.374683149
1995/7/31,-0.063611453,-0.08633976,-0.041719829,0.031394236,-0.253491462,0.108381542,0.129237039,-0.066266194,-0.032912234,0.080981138,-0.099639221,-0.241923641
1995/8/31,-0.069421502,0.221100704,-0.009402459,0.081689656,0.227103035,0.247615896,0.030151663,0.119823408,0.011345964,-0.090894115,0.274397533,0.27209155
1995/9/30,-0.059859929,-0.016005298,0.100578864,-0.019655077,-0.109667258,-0.043017212,-0.026283262,0.04868163,-0.055218615,0.009497311,-0.182830255,0.029050455
1995/10/31,-0.165593764,-0.096200574,0.099745435,0.120958425,0.176156351,-0.097141871,-0.01748863,-0.029127544,-0.072846378,0.028190102,0.255367139,-0.024765053
1995/11/30,0.147696516,0.061723699,-0.042712207,-0.031328358,0.007231967,-0.253463013,-0.173650612,0.225815143,0.015999772,0.103859707,-0.097321607,-0.094070095
1995/12/31,-0.098037386,0.14402777,0.015823983,-0.183612034,0.124720585,0.010115161,0.159153472,-0.13182635,-0.014056155,0.15725677,-0.100689956,-0.135136785
1996/1/31,0.044422095,0.080554848,0.057623456,0.121398769,0.031048362,0.096635123,-0.027372344,0.232312477,0.045860979,0.010085945,0.261059521,0.047950537
1996/2/29,-0.185813594,-0.058954323,0.082749056,0.125466074,0.136962485,-0.15294641,0.147946539,0.038694238,-0.163681881,-0.149440067,-0.01742049,0.149780184
1996/3/31,0.07721671,0.031027513,-0.027560562,0.057721555,-0.014430756,-0.190797533,0.05177056,-0.066248067,-0.061343989,0.147382533,-0.067484801,-0.303888925
1996/4/30,0.115712042,-0.010272701,-0.073278899,-0.052912115,-0.058771725,-0.200586693,0.128959126,-0.020189643,-0.079579257,-0.158692425,0.051553432,0.255820086
1996/5/31,-0.01285886,0.22287059,0.063541531,0.290976909,0.152794589,0.214939102,0.419646196,-0.151475671,0.117072155,-0.095711361,-0.053626126,0.382616125
1996/6/30,-0.230590852,0.26597947,-0.088531167,0.28988483,0.010398868,0.315467932,0.034073665,0.088505926,0.078340368,0.224931696,-0.212042661,-0.196744828
1996/7/31,0.031537552,-0.050963423,0.166195027,0.046592136,-0.109867767,0.110301011,0.0055337,0.049303461,0.082559468,0.157733508,-0.0428613,-0.102371722
1996/8/31,0.065260139,0.040756857,-0.21108737,-0.068653403,0.044134558,0.021607606,0.180680773,-0.064750441,0.037204689,-0.115228651,-0.039034579,0.162108241
1996/9/30,0.010572662,0.081479819,0.163876219,0.213984781,-0.053848811,-0.119775393,-0.048849451,-0.072865416,-0.080766579,-0.23879264,0.138267363,0.337478417
1996/10/31,-0.069266811,-0.074536358,-0.177389834,0.005055181,0.085834674,0.228310414,0.159301521,-0.022535395,0.076386729,-0.103966513,-0.07172261,0.238434986
1996/11/30,0.167245578,-0.086115097,0.159323426,-0.143712531,-0.261565045,-0.259644319,-0.091858609,0.035824274,-0.312678968,-0.063180005,0.176403989,0.28668802
1996/12/31,-0.052923891,0.162068539,0.018281044,-0.144401845,0.122378149,0.129143179,-0.004730123,-0.056045226,0.152660096,0.078701612,-0.182632148,-0.113310122
1997/1/31,-0.022055723,0.186068684,-0.064545961,0.022232245,-0.036682335,0.19243642,-0.008373623,0.068132471,-0.151540776,-0.157264447,0.251948238,0.317442569
1997/2/28,0.047553138,-0.066343244,0.023994914,-0.087421088,0.003815713,-0.275255703,0.017058859,0.043668966,0.113905541,0.251865772,-0.328405127,-0.434320176
1997/3/31,0.093437142,-0.141753745,-0.078718385,-0.310765592,0.190968581,-0.073370024,0.085767459,0.109199527,-0.193155306,0.01820437,-0.015065416,-0.091729977
1997/4/30,-0.240947253,-0.089339954,0.153700667,0.143633457,0.221375016,0.056741815,0.034082369,0.104383656,-0.04929943,0.09404985,-0.237262682,0.032166838
1997/5/31,0.064425329,-0.212554875,-0.096926858,-0.090813122,-0.101836109,-0.257468465,0.066462777,-0.091928787,0.013647496,-0.274814269,-0.108817056,0.23657388
1997/6/30,-0.028900875,-0.127122686,0.166963929,-0.041655003,0.037254682,0.099851455,0.017509327,0.099596157,0.143435045,0.320379582,-0.32821005,-0.417603716
1997/7/31,0.087253438,0.097818746,0.093533706,-0.080642904,0.06519811,-0.22681261,0.07063381,-0.006926998,-0.042955924,-0.199341401,0.037007505,0.29247397
1997/8/31,0.125177124,-0.138012451,-0.072623393,-0.140827812,-0.235056769,0.188737568,-0.024678109,0.077778412,0.042230534,0.041409375,0.229127083,0.025792102
1997/9/30,0.213774771,-0.286983616,0.012647846,-0.31365366,0.033412199,-0.064045426,-0.061210581,0.219212947,-0.009295076,0.031449523,-0.098033681,-0.061996696
1997/10/31,-0.302100711,-0.049718036,0.085792634,0.082688705,-0.147746362,-0.277654727,0.052089678,-0.013134997,0.014204841,0.25144624,-0.21901283,-0.175282485
1997/11/30,-0.215291996,0.127570566,-0.082037385,0.193542171,-0.097150426,-0.162434444,-0.039867427,-0.140258402,0.167799315,0.095525692,-0.143801885,-0.245129949
1997/12/31,-0.160963564,-0.066763859,-0.031908343,-0.095965561,0.154422555,0.016369824,0.009420016,-0.441493509,0.126497142,0.098184159,-0.383661257,-0.232178276
1998/1/31,0.065515901,0.039456492,0.056818658,0.159401479,-0.037982464,-0.110133245,-0.019871401,0.04437076,0.089423755,0.061318518,0.030351134,0.208953532
1998/2/28,0.135224035,0.080430398,-0.098191327,-0.101830036,-0.068234286,-0.199705173,0.036589422,0.038731135,-0.327596857,-0.072156824,0.491834073,0.110030422
1998/3/31,-0.112451141,0.022828588,-0.052433228,0.0619007,-0.121223259,0.165807175,-0.068868798,0.09170779,0.347844779,0.180237899,-0.262349591,-0.258860369
1998/4/30,0.003766425,0.00475332,0.021734174,-0.062470734,-0.080367167,-0.150532318,0.060028945,0.067124993,-0.258298171,-0.106685706,0.102231713,0.244155782
1998/5/31,-0.108559923,0.048537002,0.124177061,0.14950399,0.382097877,0.501272564,-0.073810929,-0.247591128,0.043764226,0.19293876,-0.000926763,-0.31956713
1998/6/30,0.080175143,0.034628903,-0.026355443,0.330866372,0.356849264,0.47931334,-0.038880473,-0.037823362,-0.153918154,-0.035017442,0.189136554,0.123585125
1998/7/31,-0.062870265,0.203852174,-0.079286021,0.093271231,0.146432511,0.125512743,-0.017137528,0.059082089,0.072144564,-0.224932132,-0.072987683,0.15726544
1998/8/31,-0.002049425,0.104844208,0.050159662,0.043396803,0.096192623,-0.025154004,-0.073327692,0.036933296,0.084239646,0.047073681,-0.218016498,-0.241311391
1998/9/30,0.187944744,0.05014092,-0.013897198,-0.053377242,-0.166811844,0.007857678,0.393809394,0.000624218,-0.11950114,-0.059738302,0.236908237,0.261749671
1998/10/31,-0.076614781,-0.313947124,0.046781786,-0.174583829,-0.366648251,-0.401706074,-0.058413388,0.045171996,-0.091130084,0.107790332,0.315297989,0.098575618
1998/11/30,-0.094793371,0.045758293,0.003263303,0.198701306,-0.129772554,0.256059452,0.060881666,0.080760236,-0.008645442,-0.115394575,0.078653088,-0.064032119
1998/12/31,-0.229247376,0.245062325,0.144742048,0.11774752,0.36835518,0.522718625,0.064635912,0.129600733,-0.214799228,-0.182397649,0.072258516,0.164254073
1999/1/31,0.115593101,0.27475019,0.102770953,0.07473897,-0.033459743,0.439195918,-0.118307385,0.200792198,-0.053779761,-0.420830009,0.175313337,0.421213063
1999/2/28,-0.06764174,-0.076841502,-0.021014155,-0.010774907,-0.401968453,-0.184672196,-0.011693479,-0.157249043,0.11026386,0.075105268,-0.207254258,-0.241490164
1999/3/31,0.067316588,0.228495613,-0.112600875,0.126898896,-0.155604201,-0.034139267,0.23874468,0.096095989,-0.117914473,0.076354106,0.008637345,0.087124826
1999/4/30,-0.135113957,-0.511255778,-0.178515697,-0.518526944,-0.314130455,-0.394858288,-0.011280761,0.168701903,0.136446087,0.220492391,-0.130422526,0.010723065
1999/5/31,-0.081613055,-0.114456996,0.068569,-0.118367741,-0.108150812,-0.140940782,-0.070539709,-0.028375253,0.098204355,-0.068706018,-0.06747344,0.247313397
1999/6/30,0.029630234,0.324616555,0.097080177,0.148418517,0.315761707,0.191057731,0.005844569,-0.066906705,-0.30737913,-0.093721536,0.27770821,0.099384163
1999/7/31,0.095611289,0.086497588,0.081419635,-0.07921344,0.012454983,0.095244569,-0.015483037,0.036301865,-0.140190053,-0.168143239,0.099630966,0.183173365
1999/8/31,0.159809855,0.092144154,0.046085557,0.0673441,-0.015653038,0.211391717,0.138688157,0.0715807,-0.027589972,-0.166274876,0.141572275,0.220612943
1999/9/30,0.167486029,0.019432663,-0.022603652,0.122153569,0.013341001,0.024286245,0.245611695,-0.002441826,-0.048508079,-0.014222893,0.098132131,-0.037022034
1999/10/31,-0.092298351,0.059792015,0.176481902,0.169789407,0.127588269,-0.020634903,0.087062721,0.034363386,-0.151779593,-0.181258305,0.032524107,0.19672397
1999/11/30,0.168205568,0.118383036,-0.034086061,0.339961784,0.209810052,0.452318591,0.073478855,-0.027324785,-0.240170173,-0.262138397,0.265922362,0.272397429
1999/12/31,-0.037565953,0.170221489,0.117858003,0.117935266,0.188451168,0.377988586,0.160306773,0.166286168,-0.163283792,-0.122871603,-0.027888035,0.380924862
2000/1/31,0.046659666,-0.064860705,-0.087655774,-0.065883341,0.11566389,-0.111012842,-0.02737218,-0.138016015,0.064754986,-0.045924659,0.111993087,0.039238745
2000/2/29,0.254116316,0.434120268,0.10363738,0.376100072,0.440933147,0.546385268,0.118232697,0.023877742,-0.177748363,-0.337538025,0.245120419,0.40902113
2000/3/31,-0.111583713,-0.184570008,-0.233908792,-0.07134944,-0.144527579,-0.386173333,-0.018658789,0.065236993,-0.029678268,0.149046927,-0.04276556,-0.206143879
2000/4/30,-0.088912701,-0.163013277,-0.182776585,0.012079416,-0.157561014,-0.24567269,-0.004376516,-0.030089995,0.177153204,0.172276578,-0.172394346,-0.166909645
2000/5/31,0.054677792,-0.254760051,-0.044430686,0.019448454,-0.294860136,-0.262441843,0.064702477,-0.028351946,0.290227502,0.123897119,-0.336851014,0.039980962
2000/6/30,0.152240847,0.189237645,0.109916127,0.257629979,0.268648582,0.190038701,-0.067386179,-0.065237128,-0.236559811,-0.25742033,0.427024172,0.328183361
2000/7/31,-0.244999069,0.019534897,-0.13786065,-0.122242525,-0.130734905,-0.118809072,-0.026494029,-0.120802929,0.08666758,0.217265704,-0.167186509,-0.12502783
2000/8/31,0.098987454,-0.022955466,-0.036991243,-0.085161659,0.164855827,0.114695535,0.074435356,-0.025507193,-0.291520289,0.07069718,0.393562205,0.124340507
2000/9/30,-0.016404195,0.03103954,-0.030805296,0.072017654,0.143330008,0.269345362,-0.071724991,-0.085782524,0.247394695,0.167307202,-0.431317182,-0.176400829
2000/10/31,-0.151087596,-0.324181075,-0.024046588,-0.270229566,0.055524169,-0.122393851,-0.063444511,-0.122827624,-0.099260395,0.070679788,-0.303889058,-0.346332567
2000/11/30,0.011772714,-0.519450743,0.114737495,-0.362027128,0.32812156,-0.14388663,0.032410274,-0.031152867,0.030634487,0.303537248,-0.23184469,-0.422457104
2000/12/31,-0.113812922,-0.008327038,-0.080801001,-0.069281037,0.114086254,0.056769284,0.009845555,0.215390328,-0.05956851,0.32494435,0.0325349,0.056361922
2001/1/31,0.059976649,-0.188453397,-0.061254499,-0.214402647,-0.590757654,-0.551959192,-0.023674946,-0.030237048,-0.132338268,-0.184039305,0.305530986,0.168625019
2001/2/28,-0.031832342,-0.394060431,-0.104926568,-0.378927423,0.39871282,0.493949627,-0.059000714,0.183028837,0.198486522,0.38692387,-0.310318095,-0.64613581
2001/3/31,-0.141561193,-0.217747076,-0.100334848,-0.126530248,-0.10076889,0.509528201,0.015485411,0.017162802,0.22996435,0.143922694,-0.107349843,-0.546041122
2001/4/30,-0.069275632,-0.003850898,-0.152159093,-0.020140075,-0.205095443,-0.556276328,0.078285832,-0.007171749,-0.114063226,-0.183159583,0.287323392,0.438128096
2001/5/31,0.01289186,0.122038514,-0.040248778,0.016579958,0.038587335,0.332955229,0.067301269,-0.10530975,0.155853272,0.011417508,-0.258868128,-0.288827802
2001/6/30,0.173362201,-0.038351753,-0.054088652,0.072389385,0.135757022,0.090524362,0.103608904,-0.073995255,-0.128672032,0.068853668,0.156507498,-0.108651737
2001/7/31,-0.180119869,0.034888529,-0.006731961,0.000997011,-0.13372006,0.300359517,0.027629904,0.026485278,0.322536911,0.115704863,-0.233292831,-0.392022419
2001/8/31,-0.046250824,0.067685413,0.029328936,0.05808175,0.187964171,0.456554745,-0.029497865,-0.003078935,0.195470321,0.126781297,-0.056084525,-0.347584812
2001/9/30,-0.174844708,0.014448157,0.065849281,0.118723149,0.277172389,0.353170613,-0.179130027,0.015359792,0.175497969,0.200762107,-0.400682694,-0.368275053
2001/10/31,-0.064391364,0.000811322,-0.065265406,-0.054354355,-0.461272115,-0.316539395,0.119186902,0.037337697,-0.262866862,-0.145669006,0.431412871,0.444501542
2001/11/30,0.002642496,0.063362373,-0.055555729,-0.022143598,-0.40750691,-0.34930213,0.048326019,-0.043147066,-0.161910661,-0.253019024,0.162059213,0.221734971
2001/12/31,0.066910121,-0.241464519,0.014910483,-0.10932934,-0.020635954,-0.102227204,-0.005968341,0.112805533,0.053005879,0.11098354,0.147419995,-0.109897625
2002/1/31,-0.060498941,-0.087819114,-0.046599075,0.012432177,0.036971852,0.170802645,-0.007762874,-0.253100066,0.014833212,-0.104192585,-0.102084419,-0.060404066
2002/2/28,-0.097179936,-0.380859952,0.034107659,-0.000323046,0.059953149,0.175788174,-0.178771376,0.089057902,0.103347017,0.157762801,-0.214291433,-0.466650346
2002/3/31,0.014701103,0.108987473,-0.050962925,-0.109502224,-0.589769139,-0.219441214,-0.017366317,-0.096427816,-0.01729734,0.000924806,0.05968111,0.190365266
2002/4/30,-0.255046047,-0.163832923,0.046267684,-0.059520215,-0.00775387,0.244313211,-0.138194817,0.100323509,0.206987956,0.056287405,-0.28595245,-0.310743187
2002/5/31,0.085823591,-0.104588214,0.047725696,0.026656331,0.159490865,0.000921411,0.020711391,-0.075502095,-0.008328888,0.150238562,0.008697633,-0.096891683
2002/6/30,-0.120449409,-0.25446034,0.057166314,0.007884723,0.380327584,0.213506845,-0.042458495,-0.061111391,0.014536869,0.061105645,-0.239338854,-0.286723432
2002/7/31,-0.002369051,-0.075452538,0.004689123,0.138752545,0.274610251,0.14084868,0.075833215,-0.047599861,-0.151352363,0.018246099,0.020146655,0.142708179
2002/8/31,-0.164412979,-0.121405773,0.006858087,0.028779213,-0.094831315,0.0338496,-0.016198947,0.217737674,0.308817597,0.212535679,-0.174543554,-0.091069531
2002/9/30,-0.16662391,-0.136011144,0.119363768,0.1148386,0.505114614,0.457379193,-0.213315567,0.015773936,0.150347512,-0.039298969,-0.306750352,-0.212667842
2002/10/31,0.332142645,0.192423213,-0.097932991,-0.030455361,-0.280170647,-0.226685925,0.097216496,0.013433292,-0.238971318,-0.153099623,0.50856136,0.284373755
2002/11/30,0.096364084,0.416942959,0.015794764,-0.128759034,-0.624012441,-0.556521258,0.085207543,0.1481177,-0.121150673,-0.051879493,0.152351761,0.386461467
2002/12/31,-0.270152643,-0.364070364,0.040027009,0.062488634,0.084105868,0.30627783,-0.022955756,0.013521221,0.321766956,0.202368005,-0.37323876,-0.341286801
2003/1/31,-0.014138502,-0.008736147,0.051856384,-0.023830911,0.068375418,0.011676212,0.101736548,-0.084882467,0.004479866,-0.107964339,0.046688325,0.15454162
2003/2/28,-0.159157805,0.215899881,-0.081135058,0.013223563,0.151846475,0.047302743,-0.04418534,0.035454572,0.104622358,-0.205880614,0.140573699,0.178640322
2003/3/31,0.037964812,0.064755625,0.068871049,0.081991831,-0.085544263,0.069602681,0.008397706,-0.016667382,0.079529251,0.026702044,-0.192841262,0.019598393
2003/4/30,0.08643484,0.177931392,-0.123166987,0.014244359,-0.104307839,0.169529093,0.034766936,-0.040517804,-0.012460135,0.031302727,-0.093613952,0.158586833
2003/5/31,0.07277949,0.138821098,-0.21379913,-0.064354674,0.023536086,0.137453016,0.175157211,-0.151026097,-0.097974895,0.03697843,0.102332959,0.178388296
2003/6/30,-0.034810783,0.009296547,0.023285537,-0.045274847,-0.205826023,0.064159747,0.065759363,-0.19281696,-0.02657874,-0.004106709,0.02737216,-0.114941044
2003/7/31,0.120659091,0.172988862,-0.070728297,-0.013440631,0.002042764,-0.311824636,-0.05103648,0.058679701,-0.11977364,-0.101850111,0.158759619,-0.010282797
2003/8/31,-0.036925504,0.133095374,-0.088358097,-0.035047302,0.021307922,0.269621509,-0.068485656,0.070727153,-0.076407117,-0.096076538,0.057502483,0.209639971
2003/9/30,0.016015885,-0.27809935,0.144416035,0.032745275,0.043548246,-0.131983406,-0.170566767,0.066713534,0.187667969,0.250359761,-0.10582476,-0.095478682
2003/10/31,0.109445352,0.319413429,-0.177556763,-0.049991362,0.217449357,0.328233314,0.107507706,-0.064654759,-0.164868135,-0.039708479,0.309343765,0.137174201
2003/11/30,-0.023095821,0.03457367,-0.072062371,0.007237975,0.071766751,0.156407154,0.047833461,-0.176878607,-0.002891066,-0.099531582,-0.058422392,0.074454401
2003/12/31,-0.017998561,-0.228751252,0.150083971,-0.192423986,-0.235472591,-0.265076846,0.151476719,0.075154813,0.138716714,0.127558355,-0.123112645,-0.203011749
2004/1/31,0.082310864,0.111535326,-0.062927818,-0.0542319,-0.123216743,0.017564422,0.160773524,-0.047244291,-0.178304869,0.00026304,0.127926874,0.190129079
2004/2/29,-0.043280033,-0.342711854,-0.060611581,-0.102984017,-0.161188767,-0.16916699,-0.105238737,0.157659911,0.041617523,0.089266675,-0.080931816,-0.127781805
2004/3/31,0.014035092,-0.166290184,-0.091517553,-0.049865431,0.144370603,-0.031207133,-0.007395874,0.152267103,0.017977191,-0.08868623,-0.101246317,-0.340523296
2004/4/30,-0.107143339,-0.357767984,-0.028036993,0.02665976,-0.37072666,0.126444657,-0.228092086,0.119847976,0.031571675,-0.173576419,-0.046304821,-0.369871429
2004/5/31,-0.030126415,0.227198873,-0.08076152,0.005878564,-0.059423694,-0.090256458,0.167442083,-0.022394662,0.000251047,-0.125285096,-0.045905947,0.306627152
2004/6/30,0.166757797,-0.007272497,-0.031068407,-0.112241232,0.27891851,0.311084841,-0.021689756,0.052208975,0.034094151,0.160153726,0.027355722,-0.158174435
2004/7/31,0.043190058,-0.234421991,0.009148135,-0.109702045,-0.016603875,0.108768069,-0.027443104,0.006565314,0.156275836,0.195540275,-0.028230738,-0.225056344
2004/8/31,-0.00479858,-0.287803266,0.018351936,-0.066692083,0.042815879,0.088943292,-0.016975367,-0.061056148,0.228433015,0.135374559,-0.004242858,-0.012206134
2004/9/30,0.083303093,0.048841101,-0.082756314,0.007397508,-0.066912327,0.092199465,-0.060161416,-0.172557384,-0.165079097,-0.19732009,0.156204522,0.072032334
2004/10/31,-0.116390722,-0.052379309,0.013435558,0.025272076,-0.167677636,-0.069236508,0.090531188,-0.034010062,-0.074605176,-0.056250882,0.01359573,0.0773167
2004/11/30,0.040779387,-0.06460117,0.012731324,-0.093302987,0.239072032,0.194329206,0.035924307,0.101620666,-0.106896203,0.048503221,0.005509881,-0.074235233
2004/12/31,0.204089823,-0.083785736,-0.182119376,0.11010555,-0.221183902,-0.114910199,0.030975065,-0.135110408,0.170736074,-0.226319708,0.103821225,0.122160278
2005/1/31,-0.084060143,-0.093864934,0.063745076,-0.058073752,0.343324685,0.073340506,0.003995919,0.114998622,0.101542608,0.119432646,-0.116243143,-0.188052899
2005/2/28,0.00389358,-0.055488407,-0.087498447,0.04669832,0.196635332,0.063873137,-0.083204361,0.054752543,-0.007071613,0.121229199,0.092165806,-0.183346287
2005/3/31,-0.066026399,-0.106100224,-0.138386865,-0.077143335,-0.178060275,0.015640628,-0.120149704,-0.023666898,0.012687924,-0.01191065,-0.005345336,-0.214087489
2005/4/30,0.021427059,-0.147827886,-0.132866225,0.049599108,-0.215051704,-0.161105503,-0.009853471,0.046274187,0.029049768,0.049735083,-0.059968002,-0.200782306
2005/5/31,0.003266961,0.037768382,0.186344337,0.016466239,-0.097687099,0.038635369,0.166704692,-0.081835035,-0.285666072,-0.256484417,0.097907754,-0.00537004
2005/6/30,-0.132998747,0.008722285,0.03012773,-0.160380559,0.262837586,0.25663704,0.027162312,0.16764991,0.233564088,0.137794667,-0.108632128,-0.185954583
2005/7/31,-0.015286661,-0.021270132,0.097028192,-0.066458682,-0.128986319,0.004366802,0.079890165,-0.002602425,-0.160117734,-0.018545367,0.189925285,0.057964143
2005/8/31,0.01258604,-0.067895937,-0.039367331,0.04766716,0.064681779,0.229113154,0.023331527,0.044637297,-0.042795592,-0.046207984,0.101424553,0.115214209
2005/9/30,0.114026274,0.116202328,-0.185263303,0.038638358,0.322317846,0.140088122,-0.100310052,0.156899706,-0.026093991,-0.026129706,0.012945358,0.269933451
2005/10/31,-0.147597319,0.053788559,-0.186844469,0.127414493,-0.107071561,-0.299709327,0.071243023,0.014212668,-0.11855933,-0.078743241,-0.160572793,-0.085131327
2005/11/30,0.065352642,0.027001111,0.002097369,0.09925606,0.016814751,0.062323147,0.016050927,0.06898333,-0.183733231,-0.01484683,0.284488863,0.20950768
2005/12/31,0.070745447,-0.053527171,0.05832806,-0.074846262,0.143906797,0.094321337,0.298582453,0.007553412,0.035808516,0.099972215,-0.084888246,-0.108524447
2006/1/31,0.197022443,-0.041523339,-0.149566115,-0.047388644,0.338306174,0.36230478,-0.109257934,0.081633555,-0.20188417,-0.029869634,0.163227957,0.296565299
2006/2/28,-0.133974338,0.113836905,-0.085730875,-0.048124977,-0.146703225,-0.303654379,-0.042290435,0.060150403,0.07546667,0.13923723,-0.023401487,-0.044369426
2006/3/31,-0.059588051,0.132669876,0.090416397,0.061594941,0.039148031,0.393367088,-0.026224401,-0.1149661,-0.140656409,-0.0220065,-0.283845306,0.236174025
2006/4/30,-6.06E-05,-0.092318122,-0.027658299,-0.185972311,0.015000574,0.006946679,0.169429624,-0.130358818,0.017376146,0.014371048,0.041417361,-1.06E-05
2006/5/31,-0.25051875,-0.272770684,0.032089616,-0.201783305,-0.107354772,-0.170558603,0.134156923,-0.117079285,0.33791995,0.057099471,-0.411390908,-0.359623903
2006/6/30,0.042553537,0.013915277,-0.031463709,0.053992736,0.11285387,0.09046308,0.048095699,0.127576154,0.110857402,0.074760293,-0.278797822,-0.218047401
2006/7/31,-0.188285138,0.007890346,-0.095750379,0.030731204,-0.00080273,-0.129612463,0.113354167,0.063895733,0.147146123,0.05072959,-0.219162422,-0.092010407
2006/8/31,0.231865685,0.026312553,0.096319717,0.092931825,-0.440340166,-0.432294759,0.00173853,0.009664043,-0.050517209,-0.142210676,0.061678345,0.348771897
2006/9/30,-0.043048413,-0.008431648,0.011657124,0.060109717,-0.002037008,-0.107566342,0.162024073,-0.018306007,-0.093097764,0.05146614,-0.110642501,-0.181558362
2006/10/31,0.013828782,-0.283281191,0.045926405,-0.019675765,0.082969035,-0.031809772,0.011930151,0.036615744,0.071769789,-0.058329352,-0.114642275,-0.127546463
2006/11/30,0.128697312,0.314099419,0.049395807,0.02804301,-0.029542985,-0.286674305,0.02590333,-0.057728441,0.066508847,0.039826617,-0.057759526,-0.00117908
2006/12/31,-0.164755445,-0.131287961,0.071292111,0.016239724,0.120537337,0.215905475,0.120549568,0.025115201,0.09074183,0.097910954,-0.077430543,-0.110783355
2007/1/31,0.212967273,0.094634857,0.14147004,-0.018265296,0.127045567,0.066022993,0.096173293,-0.121099974,0.008299145,0.176053294,-0.091616662,-0.110409929
2007/2/28,-0.1741007,0.013007652,-0.073093057,-0.114399762,-0.050720974,-0.15835459,-0.036550125,0.123736389,-0.0522005,-0.160704062,0.055387673,0.072440668
2007/3/31,0.0383463,-0.184412591,0.229507424,-0.044423147,0.355923006,-0.105239149,0.172012227,-0.078773344,-0.018434745,0.002533738,0.030924927,-0.07478133
2007/4/30,-0.117552778,0.127781983,0.244860938,0.170289389,0.001285233,-0.048026789,-0.037648857,-0.142648248,0.080166651,0.023258249,0.301842315,0.102564592
2007/5/31,0.047398268,-0.209720696,0.040210703,0.001548049,0.061576298,0.264536413,0.050753384,-0.034142531,0.007923439,-0.045185999,-0.02756581,-0.187839881
2007/6/30,0.203891749,-0.089046416,-0.024932174,-0.143770428,0.040182503,0.226363144,-0.118288669,-0.053107329,-0.116565729,-0.095685345,0.097890533,-0.029786067
2007/7/31,-0.078308901,0.313629635,0.011541369,0.03047597,0.14347663,0.352456436,0.185325566,0.227309758,-0.035644228,-0.201270007,-0.087325345,0.080112611
2007/8/31,0.049717298,0.119543779,-0.131843389,-0.158463655,0.139240922,-0.048945771,0.159653545,0.103262467,0.025071409,-0.147651943,-0.04440071,0.014198558
2007/9/30,0.122127012,0.068445292,0.04397506,0.150619794,0.289467493,0.30423988,0.275870985,-0.051923902,0.049947803,0.044580666,-0.033113169,-0.000931455
2007/10/31,0.051083137,0.038664267,0.019525284,-0.013510022,0.174542624,0.102246129,0.070634874,0.033232235,0.035748146,0.002087832,-0.048078352,-0.258636076
2007/11/30,-0.11799751,0.01928315,-0.037713778,0.152460035,0.048655652,0.234882783,0.02476284,-0.087854978,-0.099249558,-0.158861851,-0.151783427,-0.203493296
2007/12/31,-0.035576562,-0.082857066,0.119901599,0.067602598,0.402936372,0.43536721,-0.013879478,-0.029695157,-0.03475752,-0.12402491,0.026112598,-0.145644675
2008/1/31,-0.073135627,-0.039498842,-0.179985676,-0.131333681,-0.520781774,-0.377029298,-0.111637974,-0.122370705,0.03483316,0.205808882,-0.030027786,0.004692211
2008/2/29,0.077385124,-0.135863878,0.158304497,-0.257932339,0.371896008,0.14013357,0.147500383,0.163093268,-0.11815315,-0.037102995,0.009848704,0.035029881
2008/3/31,-0.067074536,0.074281675,0.174538655,0.111409583,0.354947518,0.059356514,-0.004505631,0.056098569,0.239021707,0.030342133,-0.131191727,0.159508533
2008/4/30,0.28163927,-0.081847318,0.043799689,0.1175512,-0.049797981,0.058528415,0.179396983,-0.092651017,0.048483016,-0.077682181,-0.005698049,-0.002134019
2008/5/31,-0.165174604,-0.083156897,-0.020725726,-0.031948774,0.137350107,0.105819614,0.02309895,0.143905813,-0.032370892,-0.14874874,0.142447154,0.154241403
2008/6/30,-0.12245192,-0.078525226,0.136211943,0.050184966,0.456144266,0.547651779,0.076527049,-0.113925811,-0.051487272,-0.108339919,-0.051653146,-0.135374291
2008/7/31,-0.028468566,0.059104971,-0.011667949,-0.037393723,-0.095762662,-0.418838188,-0.144865328,-0.100348918,-0.210079245,0.090823313,0.070473916,0.146577249
2008/8/31,-0.07044169,0.007181626,-0.002136381,-0.069196181,0.11742433,-0.404029308,0.005602799,0.052829237,-0.210216739,0.15660063,0.072892852,-0.085795655
2008/9/30,0.056151271,0.165332839,-0.002140328,0.049791385,0.02813636,-0.039673054,0.126483272,0.064388291,0.046232846,0.098546854,-0.241895687,-0.096193013
2008/10/31,-0.177130715,-0.082006775,0.097594802,0.171300367,0.075825383,0.183770966,-0.174700761,0.064463286,-0.072584952,-0.165286956,-0.048282448,0.002701306
2008/11/30,0.077582216,0.039944155,-0.086461797,0.115621171,0.273689891,0.198809685,0.122862658,0.049867407,-0.048728744,-0.116395486,-0.038121931,-0.123836858
2008/12/31,-0.15522688,-0.129245695,-0.066929647,-0.005136093,-0.236509506,-0.093873844,0.057825035,-0.116481021,-0.162051047,-0.102741984,-0.065706128,0.057490713
2009/1/31,-0.028451281,-0.055498294,0.131194164,0.014154648,-0.088808294,-0.018824631,-0.038567396,-0.093510438,0.004514231,-0.078095177,0.072872303,-0.03570213
2009/2/28,0.125692839,0.008772585,0.156103791,0.229214854,0.291726736,0.180023577,-0.197383062,-0.083300036,-0.060770834,-0.319320135,0.058234302,0.2152859
2009/3/31,0.009114224,0.039079458,-0.045594283,-0.025333168,-0.166442499,-0.304803997,-0.100753956,-0.027916163,-0.094764459,-0.032197054,0.048755511,-0.044047231
2009/4/30,-0.021403614,0.044780685,-0.208664168,-0.123004371,-0.693308488,-0.711345955,0.011865425,0.226341792,0.072529557,0.124214305,-0.072601869,0.019195784
2009/5/31,-0.098752149,-0.117274965,-0.031997167,-0.170512989,-0.440331418,-0.281188773,0.132923597,0.07459436,-0.112478445,0.009958588,-0.017247114,-0.046038488
2009/6/30,-0.008811182,-0.075821231,-0.070361713,0.00771117,0.070648191,-0.075866902,-0.074660528,0.142210452,-0.10651104,-0.07368638,0.054286663,0.026465137
2009/7/31,0.002321391,0.133446455,-0.056989116,-0.160092746,-0.011394209,0.08170601,-0.054531542,-0.159019895,0.124620556,-0.000225543,-0.008604986,0.016037242
2009/8/31,-0.001473031,0.042935435,-0.134707017,-0.027054206,-0.119918927,-0.154957148,-0.002788527,-0.141760651,-0.053068264,0.098340104,-0.035489997,0.015475982
2009/9/30,0.04660104,-0.036795487,0.068597956,0.040647367,0.121012333,0.275525954,-0.012514373,0.229444188,0.145222927,-0.155665485,0.008482818,0.158094503
2009/10/31,-0.13585691,-0.084986371,0.014873748,-0.046969709,-0.283136959,-0.083323597,0.00663467,-0.080107785,0.086777718,-0.0923046,-0.120579522,0.012865269
2009/11/30,0.003950314,0.04542569,-0.02433215,0.053578999,-0.043420553,0.197431835,0.007655004,-0.066062043,0.142317093,-0.106000611,0.04927661,0.172894131
2009/12/31,0.076752819,0.038603862,0.074901379,0.000548638,0.140522447,0.106530422,-0.067315299,0.011125025,0.082909848,-0.066786583,0.062698419,0.121263597
2010/1/31,-0.107094434,-0.220796767,-0.011992707,0.034555102,-0.101307204,-0.242237017,0.028843544,0.030401688,-0.219805722,0.051240386,0.056468528,-0.154822093
2010/2/28,-0.002501446,0.153971917,-0.001680574,0.01582004,0.136246924,0.268771088,0.001987481,-0.003910299,-0.123429886,0.114557109,0.09135534,-0.000121332
2010/3/31,0.060996973,-0.059167378,-0.031431237,-0.01326398,0.018656873,0.182252964,0.031843042,0.171317687,-0.054428628,-0.160128022,0.085088182,0.020964653
2010/4/30,0.039335371,0.17435977,0.014945362,0.06182227,-0.153259506,0.034482128,0.128506726,0.1822935,0.20061732,0.032326986,-0.128527657,-0.072775487
2010/5/31,0.019239022,0.114927806,-0.015225262,0.141066034,0.09871101,0.075239884,0.058343157,-0.016613569,-0.082075212,0.071275336,0.030349424,-0.069190569
2010/6/30,-0.11753744,-0.034023915,0.043132931,0.130203056,-0.091168864,-0.17000153,-0.106222589,0.140993168,-0.074238797,0.180584719,-0.099808691,0.016145508
2010/7/31,0.059148389,0.038964015,0.087341983,0.009567084,0.040923922,-0.054189214,0.01323233,0.155223063,0.244934533,-0.034954733,-0.012479792,0.047908437
2010/8/31,0.041983085,0.073297904,-0.12768107,0.078577242,0.143625043,0.146572307,0.043365604,-0.125700359,0.048073301,0.258898541,-0.025103642,-0.141974025
2010/9/30,-0.159620863,-0.104537242,0.014461484,-0.051911606,-0.301926326,-0.158489711,-0.023641296,0.124596422,-0.152440387,-0.209372962,0.154310446,0.208095875
2010/10/31,0.016031199,-0.023027716,0.009641668,-0.031700116,0.007136262,0.062813133,0.056659075,-0.312994385,0.072068534,-0.044789405,0.116601751,0.005080561
2010/11/30,0.042884468,0.217912979,-0.000726572,0.080633169,0.020116429,-0.088383215,-0.059394984,0.140323166,-0.003095416,-0.135248073,-0.032359581,-0.071069295
2010/12/31,-0.095876144,0.084445785,-0.106767975,-0.04911955,-0.383450712,-0.220541898,-0.038511421,0.210542596,-0.088910255,0.080529304,-0.065211536,-0.033885882
2011/1/31,-0.318064922,-0.005949132,-0.043160419,-0.127361915,-0.195544977,-0.086152935,-0.117133918,-0.003677296,0.011711163,-0.069632869,0.238333325,0.147464027
2011/2/28,-0.027915476,0.246861296,0.028260655,-0.021652449,0.00960797,0.139563989,0.106895805,0.029284183,0.009523344,-0.025807379,-0.025132985,-0.116609272
2011/3/31,-0.128429631,-0.11733768,0.111141525,0.113120264,0.162016498,-0.118520097,-0.016531234,0.013903673,0.06099266,0.104419002,-0.140775963,-0.129527522
2011/4/30,-0.03589619,-0.13226496,-0.022699728,-0.019743812,-0.146295838,-0.265699538,-0.04306074,0.031684731,-0.004121777,0.141347953,-0.052902381,-0.178348135
2011/5/31,-0.195387718,0.079023306,0.00560906,0.164710797,-0.10336292,-0.134173774,-0.036314888,0.014029997,0.261193188,-0.024831374,-0.153437909,0.032477107
2011/6/30,0.02264813,-0.102064526,-0.019004729,0.022528722,0.039139525,-0.033026463,-0.161166143,-0.092462523,0.003745592,-0.111925192,-0.14948524,-0.110112727
2011/7/31,0.119727887,0.123506952,-0.011448665,0.026288815,0.383495405,0.08969047,-0.06675276,-0.00163157,0.102769912,-0.018684204,0.046771127,-0.107524106
2011/8/31,0.06626052,-0.000573186,0.069679524,0.157006653,0.354198549,0.225620113,-0.071939981,0.030798374,0.086022082,0.086968267,-0.136837676,-0.010988245
2011/9/30,-0.055263574,-0.029846987,0.095980615,0.027702215,0.345388426,0.312515301,-0.216979221,-0.036727965,-0.049195191,-0.104032546,-0.016293436,0.05182645
2011/10/31,-0.015125974,-0.130951904,0.013251878,-0.172593568,-0.406203452,-0.308441097,-0.154232529,-0.033076714,-0.076450113,-0.061475429,0.19875216,0.13119732
2011/11/30,0.048541738,-0.075288539,0.00946423,0.019215483,0.193972508,0.095233323,-0.036747593,-0.12163174,-0.028243957,0.06665794,-0.006283261,-0.17184354
2011/12/31,0.016125109,0.043019322,-0.031417683,0.01920555,0.027748994,0.110320266,-0.012324946,0.006964238,0.130146391,0.123138752,-0.014989673,0.082556243
2012/1/31,0.147072102,-0.027180468,0.034287993,-0.029052962,-0.454838995,-0.538122859,-0.034954165,-0.048143237,0.057270939,-0.021522735,0.235895207,0.026892371
2012/2/29,0.111763735,-0.103152223,-0.04555807,0.002955693,-0.215360133,0.066895689,0.060113833,-0.050243186,-0.209013764,-0.186073406,-0.021137898,0.053418885
2012/3/31,-0.088980424,0.090747636,-0.128288672,0.042220678,0.261225093,0.10367199,0.038364276,-0.219498593,-0.073076137,-0.067913915,0.049848685,0.171303423
2012/4/30,-0.263447835,-0.00175296,0.147014035,0.03939904,-0.270198182,0.124691327,0.037716749,0.004871339,0.084859121,0.264367427,-0.128775158,-0.17008953
2012/5/31,-0.109891698,0.069915848,0.114018451,0.023128751,0.125156279,-0.049120245,-0.053785741,0.051178888,0.150329774,0.132635439,-0.142501432,-0.088143754
2012/6/30,0.011524492,-0.018759831,-0.017766628,-0.023641443,0.013423869,-0.13075904,-0.078636027,0.016055786,-0.051606118,0.053804288,0.079713066,-0.012308611
2012/7/31,-0.046611296,0.000423968,0.10191388,0.059047145,-0.018164638,0.042644177,0.066141418,0.04083912,0.118171052,0.296057257,0.018247228,-0.111926634
2012/8/31,0.002713314,-0.110620497,-0.08405995,-0.057133816,-0.028457329,-0.138330645,0.056463762,0.047566046,-0.161203693,-0.150078833,-0.007960281,0.075481107
2012/9/30,-0.070475683,-0.124354496,-0.004609243,-0.012392076,0.05776325,0.005756304,-0.014463991,0.149290059,0.09415832,0.094246825,-0.070730929,0.104534208
2012/10/31,-0.137003704,-0.09980079,-0.029911628,0.011944862,0.083215535,-0.016732919,-0.03031301,-0.055280584,-0.009684678,0.316013384,-0.104652202,-0.194925494
2012/11/30,0.031899046,-0.098896987,0.054713725,-0.037649374,-0.039484242,-0.090853385,-0.005154536,0.030206388,-0.087067595,-0.222776213,0.076787888,0.067941809
2012/12/31,0.074363956,0.04185635,-0.197028866,-0.168593834,-0.063273163,0.044556641,0.115545316,0.027883478,-0.099953058,-0.102469942,0.102502455,0.237552891
2013/1/31,0.11014333,-0.073744412,-0.149752294,-0.009969205,0.038061284,0.132267665,-0.130181395,0.100509874,-0.102059618,0.017386378,-0.026257335,0.071474709
2013/2/28,0.098132155,0.094592033,0.017101163,0.043866604,0.108263126,-0.090368065,-0.103625871,0.032701379,-0.097157821,0.066979259,0.078253679,-0.045367932
2013/3/31,0.08896416,0.020501895,0.064439468,-0.030025879,0.055612161,0.166951324,-0.14222195,0.019019072,-0.045417736,0.113856928,-0.095481658,-0.180795906
2013/4/30,-0.035362137,-0.174337804,-0.034822839,0.023703354,-0.006891794,-0.098638616,0.114841753,-0.135239127,0.120531666,0.08450759,-0.124407716,-0.039168135
2013/5/31,0.176080952,-0.064876587,0.140297993,-0.120671655,0.146991471,0.12039717,-0.158557878,0.004998277,-0.237146868,-0.309734393,0.079632803,0.155175029
2013/6/30,0.283421954,-0.154369931,-0.020206369,-0.03572634,0.05474944,-0.000877926,-0.024764742,-0.121506681,-0.078205612,0.003140182,-0.050481968,-0.029923911
2013/7/31,-0.175563053,0.072316409,0.103040904,-0.034197853,0.100842735,-0.040568064,-0.03653719,0.101682636,-0.085738205,-0.07662236,0.038756805,-0.106373566
2013/8/31,0.003555085,0.03943069,0.059601037,-0.056978968,-0.014675662,-0.065449461,-0.081124386,0.041320722,0.010076183,-0.045175376,0.101618216,0.099385275
2013/9/30,0.21475081,0.101367494,0.105847567,0.025355855,0.234385597,0.05563013,0.095933001,-0.000912562,-0.084496218,-0.026063777,0.129459852,0.197522527
2013/10/31,-0.055046413,0.120456117,0.154835435,0.026910279,0.073633739,0.013741297,-0.043531244,-0.198555479,-0.104479993,-0.040705912,-0.093265478,-0.020749709
2013/11/30,0.238881935,-0.208015701,0.087687475,-0.050110026,0.022006716,0.154373735,-0.059924446,-0.166070157,-0.152314045,-0.196782189,0.096130073,-0.125512692
2013/12/31,-0.043505698,0.063040517,0.10831912,0.217647582,0.117906522,-0.091176013,-0.132718346,0.088018691,-0.038206767,0.02270506,-0.019470571,0.150703476
2014/1/31,0.114996909,0.096449425,-0.110374468,0.177418024,-0.042359532,0.042020572,-0.029247893,-0.085686673,0.092218075,0.07569293,-0.065972235,0.210125419
2014/2/28,-0.006662806,-0.010635578,-0.232590235,0.095709108,0.052041993,0.076307464,0.036614419,0.030060279,-0.089298492,0.072543159,0.050937378,0.088978218
2014/3/31,-0.026925277,-0.420422005,-0.093743783,-0.138011929,-0.112620554,-0.322897846,0.015847868,0.034781994,-0.099605166,0.01057563,-0.061229406,-0.022116703
2014/4/30,0.020080596,0.033115166,0.093988085,-0.12979175,-0.162570131,-0.250836847,0.273620584,0.139803975,0.341126709,0.065145572,-0.213085894,-0.097446667
2014/5/31,0.067667355,0.036128337,-0.078745661,0.051283655,0.102381693,0.148069294,0.108350057,-0.158298982,0.039589821,0.056260448,0.014868003,0.118381486
2014/6/30,-0.045506531,-0.023530297,-0.008326039,-0.115259084,0.130367918,0.012908011,0.026838469,-0.017114197,-0.01957455,0.063062705,0.065085585,-0.000624951
2014/7/31,0.048590337,0.229574969,0.015097803,0.075657212,-0.214544901,-0.068439465,0.028404781,0.175469508,0.075764263,-0.093831854,-0.08957264,0.04106091
2014/8/31,-0.053974446,-0.042110059,0.056893748,-0.193644982,0.038225709,-0.142734182,-0.274184034,-0.005464747,0.040403795,-0.033896226,-0.118617944,-0.03785986
2014/9/30,-0.040276498,-0.032543234,0.17492015,-0.016796856,0.037621968,0.025145116,-0.018594265,-0.035065648,-0.077990506,-0.148659338,0.101428811,0.198557509
2014/10/31,0.053370843,0.030143435,-0.010711167,0.078146426,0.001512444,-0.100450836,0.060893233,-0.108773874,-0.031448618,0.166042759,0.244242214,-0.086268561
2014/11/30,0.048014987,0.105575304,0.090326496,0.009835816,0.436150823,0.306922867,0.037581093,-0.027498252,0.018283823,0.001649087,-0.028126711,-0.070818484
2014/12/31,0.041214458,-0.055258936,-0.127085733,-0.153082,0.207274574,0.218616967,0.042121283,-0.083286265,-0.10232431,-0.070994186,0.023886576,-0.131961623
2015/1/31,0.176389446,0.230096695,0.002886284,0.046031472,0.279410452,0.240225328,0.296394599,-0.020194551,0.056559263,0.087012613,-0.075618858,0.021340485
2015/2/28,-0.00945536,-0.171390245,-0.011464774,0.020107152,-0.220345421,-0.100992266,-0.023331328,-0.054335132,-0.244021891,-0.200019923,0.265311062,-0.015664864
2015/3/31,0.07810721,0.075877303,0.100138544,-0.0884693,0.392398803,0.173018542,-0.047159698,-0.018352867,0.032842648,0.0203157,-0.207981038,-0.020126993
2015/4/30,-0.030206437,0.010271852,-0.082350004,-0.101314875,-0.659243641,-0.538018385,0.014741119,0.194960768,-0.115438412,-0.089717177,-0.073134163,-0.078428197
2015/5/31,0.007029483,-0.161783446,0.05313481,-0.084768828,0.394027916,0.469107421,-0.091418928,-0.158380732,-0.050675793,0.038859101,0.095583945,0.004503422
2015/6/30,-0.058008739,0.009298711,0.010122841,0.002092492,0.350017844,0.113508034,-0.029950365,-0.05271439,-0.035592204,-0.141342853,-0.099784972,0.137614032
2015/7/31,0.156286409,0.063933898,0.078456322,-0.066084824,0.272372045,0.015481265,-0.081558674,-0.131318862,0.024135751,-0.087807819,-0.124934352,0.082856607
2015/8/31,0.029353516,0.002132253,-0.027247186,0.159119278,-0.026801236,0.057244024,0.098735132,0.087537068,-0.011768084,0.060945184,0.232336615,-0.049129553
2015/9/30,0.019673646,0.048913518,0.099732974,0.074902813,0.333287219,0.249819896,-0.048263123,-0.013828605,-0.1027638,-0.041733322,0.100310283,-0.045576875
2015/10/31,0.150782379,-0.095676965,0.038408405,-0.029452791,0.02661005,-0.06500262,0.058761995,-0.074325251,-0.097690997,0.124430803,0.306014076,-0.014053045
2015/11/30,0.109496979,-0.12222936,0.064117831,-0.016489327,0.173443515,-0.109359341,-0.032823252,0.03755901,-0.146798642,-0.1344726,0.201073268,0.145298396
2015/12/31,-0.198455895,-0.079341276,0.110764954,0.052994986,0.415813992,0.324296979,-0.089715815,0.057057354,0.017835032,0.034366089,0.019875631,0.064741894
2016/1/31,-0.081320274,0.253064842,0.07035341,0.077067079,0.116937422,-0.012218852,0.076196953,0.041352108,0.066100306,0.028675961,0.133013835,-0.026344919
2016/2/29,-0.141424665,-0.321860717,0.020520804,-0.122677939,0.045030702,0.065030799,-0.086572299,0.014968862,-0.029939745,0.025795419,-0.112115717,-0.047546817
2016/3/31,0.089772078,0.263137583,0.002642913,-0.082823069,-0.247262162,-0.388139653,0.058401364,0.102699707,0.182910988,0.08523413,0.042613707,0.014365696
2016/4/30,0.134923818,0.278070319,-0.029275088,-0.002739429,-0.347585498,-0.067389619,0.07715452,0.011452775,0.24250232,-0.071910207,-0.034024759,0.031007027
2016/5/31,-0.003147082,0.019467055,0.018297547,-0.017400762,0.275247887,-0.025443963,-0.096394128,-0.023976449,-0.12867029,0.001926396,0.175239648,0.048947177
2016/6/30,-0.006288856,0.066154674,-0.011735263,0.055413561,0.311294161,0.336836787,0.060740033,0.045407575,0.086847458,0.065081391,-0.103082387,-0.095397169
2016/7/31,-0.210240989,-0.144718362,0.012264342,0.00464298,-0.137908278,-0.207510069,-0.101222384,0.074301298,0.070627602,0.034520625,0.171861851,0.19231762
2016/8/31,0.051481334,0.002126793,0.034298072,-0.127851711,-0.2734769,-0.171279384,0.041166858,-0.086822642,-0.06703603,-0.226657497,-0.008097397,0.213585199
2016/9/30,0.148989725,0.039679532,-0.040117773,0.069689535,0.286039343,0.067430915,0.121984667,0.104495096,-0.035681306,0.010253735,0.111069846,0.136592145
2016/10/31,-0.023359445,-0.217964145,0.023628297,-0.038769846,-0.377503848,-0.218199388,0.003622421,-0.080459198,-0.13602075,-0.17450786,-0.042721864,-0.096961683
2016/11/30,0.067130758,-0.046165638,-0.106127248,-0.07337641,0.203221673,0.081023103,0.130613643,-0.066979495,-0.112671183,-0.194646974,0.067241658,-0.195254187
2016/12/31,-0.044420502,-0.064184793,0.016650332,-0.16879039,-0.221507235,0.201043439,-0.112545614,-0.081677946,0.03275366,-0.101601005,-0.019641113,-0.04215031
2017/1/31,-0.042247624,-0.035574351,0.043274177,-0.013335242,-0.071081392,-0.023094447,0.033139592,0.009748849,0.061004316,0.060866392,0.084711789,0.134660829
2017/2/28,-0.072814497,-0.117213811,0.124635132,0.093211026,-0.114834708,-0.007738313,-0.205317922,-0.133350109,-0.026751134,-0.043282926,-0.079885972,0.014814963
2017/3/31,0.023585812,-0.063084039,0.069059273,-0.181685879,0.066256459,-0.068188037,-0.059160013,0.091954905,0.072467054,-0.099996682,0.139576933,0.093738018
2017/4/30,-0.155824319,-0.160010712,-0.018454464,0.186850379,-0.08485897,-0.050839205,-0.11383491,-0.102370289,-0.054838147,0.06591992,-0.038037792,0.077553521
2017/5/31,-0.072655366,-0.157584204,0.135752912,-0.008035571,0.150310698,0.296826624,-0.029709303,-0.086019717,0.12694954,-0.087071501,-0.031435929,0.045325915
2017/6/30,-0.035693186,-0.077555019,0.010762049,0.04531483,-0.087300143,-0.200033735,-0.094854647,-0.012050673,-0.088713744,-0.023112233,-0.012130806,0.021290633
2017/7/31,0.093014214,0.116339703,-0.182147388,0.244052559,0.080379035,0.14793255,0.062120872,-0.052257449,0.052792214,0.019434312,-0.157371514,0.281463328
2017/8/31,0.021250753,-0.15119923,-0.139243222,-0.029312274,0.458416051,0.420432225,-0.028676312,-0.078956595,-0.003786197,-0.036433741,0.088428258,0.131560926
2017/9/30,0.03550989,-0.224207903,0.037119507,0.024450786,-0.226803347,-0.276908144,0.203006112,0.036163452,-0.141879661,-0.051162559,0.118431522,-0.082069631
2017/10/31,0.007918708,0.132640847,-0.017016687,-0.007913277,0.359723162,0.381198546,-0.079016692,0.115325621,0.063154571,-0.089236226,-0.002559018,0.092267634
2017/11/30,-0.045910693,-0.122840814,0.128380733,0.027046347,-0.224638779,-0.167102061,0.009571706,0.032133252,-0.062215002,-0.110758101,0.068263997,-0.264428351
2017/12/31,0.043961293,-0.042748662,-0.001545723,0.044941035,-0.061262442,-0.140719025,-0.040757449,0.080054004,-0.027607584,-0.036439549,-0.047952796,-0.051599201
2018/1/31,-0.154350111,0.236646609,0.016758138,0.214061944,0.152090603,0.252414491,0.132877573,-0.118984604,-0.182628241,-0.014027309,0.074152699,0.198265646
2018/2/28,-0.136341459,0.095756258,0.034734886,-0.0052048,0.083499524,0.02445372,0.103522998,-0.014261375,-0.158604674,-0.119400081,0.174664513,0.0021336
2018/3/31,0.173025472,0.087788839,-0.029077915,-0.083648279,0.009644132,-0.227423072,-0.081318021,-0.236101646,-0.041972673,0.16204223,-0.118108504,-0.02345609
2018/4/30,0.050324531,0.162549284,-0.075978488,0.037635154,-0.14031446,0.186835456,-0.064500305,-0.04231019,-0.10268974,-0.091870655,-0.096411959,-0.189966533
2018/5/31,0.111163881,0.255901773,0.028393974,0.132883248,0.099947323,0.262862058,-0.066185099,0.193042038,-0.04489165,0.013831653,0.220653628,0.352618509
2018/6/30,-0.00815605,0.240850815,0.070180502,0.044214612,0.009776298,-0.08897031,0.0177279,0.009261643,0.183826217,0.052290099,-0.124742252,-0.024039483
2018/7/31,-0.064738992,-0.112597657,-0.133820412,0.056650879,0.022294511,-0.208531876,0.09848186,0.036374141,-0.192643913,0.103110859,0.094793065,-0.149899829
2018/8/31,0.084768941,0.056821201,-0.189353088,0.06449116,0.253571373,0.355698013,-0.022294192,0.028654373,-0.027328932,-0.143852412,0.061251159,0.101595817
2018/9/30,-0.141638762,0.1022322,0.19621606,0.128804316,0.177896885,0.059516315,-0.265203724,-0.004209983,0.076046576,0.085087925,0.103210075,-0.03204541
2018/10/31,-0.058819388,-0.133669301,0.150678404,-0.066530671,-0.15522681,-0.196344711,-0.079888311,0.029150376,0.066343613,0.055326883,-0.033484985,-0.224210007
2018/11/30,-0.161698744,-0.06199494,-0.001356973,0.024945192,0.065682975,-0.081588658,-0.145867616,-0.015599047,0.087184013,0.154402609,-0.075115947,-0.107696592
2018/12/31,0.080770034,-0.212277293,-0.182057151,0.191433941,0.203848787,0.259277616,-0.085519958,-0.131632944,-0.03863997,0.122614092,0.096883708,0.098480162