Date,pe,pe,pb,pb,mom,mom,cfni,cfni,art,art,leve,leve,quick,quick,a_turn,a_turn
1990/4/30,,,,,,,,,,,,,,,,
1990/5/31,,,,,,,,,,,,,,,,
1990/6/30,,,,,,,,,,,,,,,,
1990/7/31,,,,,,,,,,,,,,,,
1990/8/31,,,,,,,,,,,,,,,,
1990/9/30,,,,,,,,,,,,,,,,
1990/10/31,,,,,,,,,,,,,,,,
1990/11/30,,,,,,,,,,,,,,,,
1990/12/31,,,,,,,,,,,,,,,,
1991/1/31,,,,,,,,,,,,,,,,
1991/2/28,,,,,,,,,,,,,,,,
1991/3/31,,,,,,,,,,,,,,,,
1991/4/30,,,,,,,,,,,,,,,,
1991/5/31,,,,,,,,,,,,,,,,
1991/6/30,,,,,,,,,,,,,,,,
1991/7/31,,,,,,,,,,,,,,,,
1991/8/31,,,,,,,,,,,,,,,,
1991/9/30,,,,,,,,,,,,,,,,
1991/10/31,,,,,,,,,,,,,,,,
1991/11/30,,,,,,,,,,,,,,,,
1991/12/31,,,,,,,,,,,,,,,,
1992/1/31,,,,,,,,,,,,,,,,
1992/2/29,,,,,,,,,,,,,,,,
1992/3/31,,,,,,,,,,,,,,,,
1992/4/30,,,,,,,,,,,,,,,,
1992/5/31,,,,,,,,,,,,,,,,
1992/6/30,,,,,,,,,,,,,,,,
1992/7/31,,,,,,,,,,,,,,,,
1992/8/31,,,,,,,,,,,,,,,,
1992/9/30,,,,,,,,,,,,,,,,
1992/10/31,,,,,,,,,,,,,,,,
1992/11/30,,,,,,,,,,,,,,,,
1992/12/31,,,,,,,,,,,,,,,,
1993/1/31,,,,,,,,,,,,,,,,
1993/2/28,,,,,,,,,,,,,,,,
1993/3/31,,,,,,,,,,,,,,,,
1993/4/30,,,,,,,,,,,,,,,,
1993/5/31,,,,,,,,,,,,,,,,
1993/6/30,,,,,,,,,,,,,,,,
1993/7/31,,,,,,,,,,,,,,,,
1993/8/31,,,,,,,,,,,,,,,,
1993/9/30,,,,,,,,,,,,,,,,
1993/10/31,,,,,,,,,,,,,,,,
1993/11/30,,,,,,,,,,,,,,,,
1993/12/31,,,,,,,,,,,,,,,,
1994/1/31,,,,,,,,,,,,,,,,
1994/2/28,,,,,,,,,,,,,,,,
1994/3/31,,,,,,,,,,,,,,,,
1994/4/30,,,,,,,,,,,,,,,,
1994/5/31,,,,,,,,,,,,,,,,
1994/6/30,-0.961313556,-0.989681146,0.87552112,-0.946641195,0.845378936,-0.229696944,0.908783463,0.937835244,-0.856664158,-0.093244908,-0.615476662,-0.107765795,0.459839426,0.024968246,-0.106019203,0.242444497
1994/7/31,-0.538924831,0.337113553,0.978345805,0.459754353,0.992819201,-0.183760275,-0.620225408,-0.314022383,-0.992626184,0.997829047,-0.943440463,0.081147134,0.822302497,-0.957707883,-0.523377702,0.670417084
1994/8/31,0.716352339,0.48175909,0.043353372,0.361742204,0.516701966,0.463967435,0.70968352,0.363730154,0.164936181,-0.616047132,-0.266522638,-0.044288408,0.33275486,0.431495537,-0.624634544,-0.711339417
1994/9/30,0.464265683,0.04886643,-0.053322973,-0.051231687,-0.320021508,0.294993902,0.513658818,0.459521907,0.012350394,-0.770482025,-0.328312164,0.27725601,0.062250889,-0.037859587,-0.265567231,-0.285169909
1994/10/31,-0.288201715,0.531372557,0.02190087,0.299274987,0.398277154,0.204672488,-0.307307822,-0.155074458,0.463877199,-0.031093823,0.257701822,-0.438935707,-0.481009335,0.099597646,0.259337576,-0.349808141
1994/11/30,-0.162298164,0.398070636,-0.483920963,0.675967194,-0.628424909,-0.04166976,0.053318496,-0.202015558,-0.356464556,0.497427526,-0.158775646,-0.505306943,0.537141441,-0.155491475,0.070869365,-0.098763298
1994/12/31,-0.26008406,0.186581084,0.307745818,-0.04921468,0.03757066,0.554889519,-0.403042573,0.00989215,-0.211371048,-0.70111567,0.034274977,-0.118275351,-0.189704367,0.205683211,-0.353520852,-0.509640657
1995/1/31,0.288847099,0.125446106,0.422037724,0.12892865,-0.220914873,-0.59376195,0.048084805,-0.166191988,-0.365692383,0.351813744,0.206766027,0.310249536,0.053605232,-0.560352333,-0.329688268,0.015698449
1995/2/28,-0.247775286,0.086409455,-0.230534893,-0.153470677,0.155555039,0.041075824,0.081854029,0.051303165,-0.161544338,-0.276037368,0.151419721,0.10101299,-0.025926339,0.385907236,-0.325707261,-0.380998861
1995/3/31,0.254473608,-0.086090884,0.06927656,-0.152678575,-0.106937132,0.06613884,0.123784834,-0.094948361,-0.132584464,0.104155754,0.14629762,-0.257410835,-0.074145217,0.415592281,0.051564707,0.021871967
1995/4/30,0.178763365,-0.252603525,-0.094330525,-0.059976296,0.047638475,0.279589641,0.054624549,0.000868794,-0.30335018,-0.182037417,0.059336642,0.151054234,0.153309785,-0.110151087,-0.094616179,-0.183536635
1995/5/31,-0.186194432,-0.018066095,-0.14607366,0.239867088,-0.127893124,0.02907003,0.02892976,0.040533171,0.084891566,0.140893328,-0.137970301,-0.00135466,0.037246938,0.060887379,-0.275236823,-0.137501339
1995/6/30,-0.14476527,0.011977086,-0.014552109,0.162101448,0.160079531,0.378657142,0.138059204,-0.270449002,-0.026835447,-0.060127843,-0.025496919,-0.227785355,0.068808274,0.204029656,0.093146405,0.029861158
1995/7/31,0.081628924,-0.117056346,0.024389911,0.124587488,0.140418076,0.228706597,0.135010166,0.043106804,-0.07155752,-0.052617476,0.165110541,0.09997831,-0.149302696,-0.266194895,0.09335404,0.018788226
1995/8/31,-0.210450316,0.254335898,0.060802235,0.120689692,0.285702709,0.248506323,-0.00398458,-0.108740545,-0.030854728,-0.168607372,-0.156145435,-0.036571576,0.23192185,0.271332372,-0.072677489,-0.050910993
1995/9/30,-0.104386619,-0.046529909,-0.020190589,-0.112047711,0.024647625,0.012543717,0.186832411,-0.163844827,0.153864654,0.165942329,-0.21746172,-0.149720816,-0.223189013,0.11158723,-0.001198401,-0.220540351
1995/10/31,-0.310651657,-0.029899584,0.110121244,0.006321874,0.339531167,-0.017341421,0.053351387,-0.063361074,-0.016163901,0.084883009,-0.121622377,-0.114636258,0.120221691,0.076034651,-0.141364752,-0.020143538
1995/11/30,-0.012351471,0.175146885,-0.011967754,0.02581451,0.009542408,-0.265152775,-0.074580711,-0.079096476,0.02407721,0.105621839,0.039307562,0.053232357,-0.161135885,0.039132747,-0.105979408,0.036721492
1995/12/31,-0.058383536,0.332208556,0.043742837,-0.170774832,0.097591712,0.060515153,-0.039895266,0.230716268,0.068587607,-0.079073928,0.202633033,0.148878072,-0.247325101,0.028285851,-0.206930865,-0.089150621
1996/1/31,0.029732282,0.015620375,0.024354524,0.144692903,-0.0126114,0.047864927,0.009675143,-0.090220086,-0.212205484,0.040099321,0.148700855,-0.026578885,0.160517716,0.064574116,-0.282751798,-0.168307133
1996/2/29,-0.224322095,-0.079240869,0.016552782,0.108352232,0.048538651,0.010739463,0.020161302,0.066752383,0.075451556,0.199661218,-0.087188234,-0.18523142,0.094122744,0.060546707,0.221665589,0.157573387
1996/3/31,0.071569487,0.163052311,-0.008654986,-0.063485176,-0.113257554,-0.003258619,0.305872493,-0.061307898,0.14940885,0.368491561,0.050956421,0.130144513,-0.065654813,-0.136538766,-0.018556713,-0.354579981
1996/4/30,0.183341513,0.011832274,-0.090314452,-0.090769132,-0.285231827,-0.039596788,-0.013714275,0.095827577,0.024074739,0.080270403,0.01487443,-0.270623577,0.116299151,0.271460062,0.116281791,0.257494958
1996/5/31,0.058796239,0.038760071,0.046600996,0.2654692,0.160506863,0.182633838,-0.215840768,0.338069223,0.025495742,-0.064150185,0.080427983,0.050727811,0.010281322,0.17964754,-0.0024388,0.120286589
1996/6/30,-0.228583343,-0.0333211,-0.025126711,0.151029278,0.168571438,0.039720577,-0.121573002,-0.050542489,0.179965762,-0.044796857,0.071786112,0.206669364,-0.186772078,-0.185647853,-0.120229418,0.005769469
1996/7/31,0.066667975,-0.048090295,0.0612184,-0.177729096,-0.171601824,0.07304837,0.192415337,0.07021511,-0.026383418,-0.010511815,-0.116682338,0.138253699,0.034589429,-0.101022262,-0.114311858,-0.074902825
1996/8/31,0.056768688,0.007082252,-0.140293768,0.146224838,0.055999185,0.040050042,0.002070127,0.052284814,0.129208424,0.253738025,0.097017523,0.075269015,0.196313317,-0.10652711,0.134136059,-0.014522995
1996/9/30,-0.031786252,-0.048082232,0.20259782,-0.086929847,0.110314713,-0.207049072,0.03232867,0.035888631,-0.09322998,-0.380859422,-0.030839497,-0.316495554,-0.062269872,0.188726931,-0.029394748,0.089525627
1996/10/31,-0.252092425,0.069756836,-0.101438361,-0.059989895,0.03716734,0.352752248,-0.115654324,-0.037632274,-0.202404423,-0.023555364,-0.056808755,0.136908062,-0.100608196,0.121808408,-0.173451769,-0.082083856
1996/11/30,0.114295384,-0.100533793,0.093332703,0.021358127,0.051150986,-0.26788617,-0.096368175,-0.039736313,-0.043056842,-0.031776623,-0.108078172,-0.186853775,0.162171611,0.288139788,0.016323064,-0.110391047
1996/12/31,0.020096032,0.071679788,-0.216359405,0.010147257,-0.082500038,0.035570307,-0.01129228,0.148191943,-0.017851803,-0.037545434,0.093030126,0.133855295,-0.099916788,0.01451692,0.062630258,0.021683599
1997/1/31,-0.111766646,0.222042505,0.046080729,-0.047391213,0.103997388,0.012860649,-0.179227555,0.212659137,-0.332096555,-0.266979081,-0.023352319,-0.223970587,0.192556862,0.350422669,-0.110524082,-0.13005324
1997/2/28,0.004977858,-0.023649008,0.077899077,-0.014248386,-0.087454449,-0.406565237,0.052159647,-0.055246012,0.286693213,0.221251741,-0.296782775,0.208843955,-0.140769168,-0.462287048,0.188688604,-0.066497325
1997/3/31,0.068711539,0.175395637,-0.110170856,-0.254836462,0.008205232,0.085405482,0.059157131,0.029171962,-0.038497645,0.164216581,-0.073931299,0.062358991,0.048011035,-0.062732434,0.130358451,0.200249313
1997/4/30,-0.239319739,-0.136622899,0.046877693,0.083145348,0.177887319,0.020044434,-0.037652056,-0.011755913,-0.002333035,0.040708148,-0.034727215,0.003053388,0.0430961,-0.054035249,-0.15812277,-0.021268806
1997/5/31,0.011554237,-0.114948515,0.013547312,-0.012730061,-0.18786938,-0.231033059,-0.115527751,0.026522908,-0.179190184,-0.110295024,-0.087152128,-0.135367112,0.213005796,0.268925753,-0.025948915,0.180396522
1997/6/30,-0.10687724,-0.124705851,-0.055030353,0.076096866,0.041630647,0.058680174,-0.084557492,0.221935457,-0.09299997,0.035831344,0.081338675,0.239605265,-0.072133449,-0.26254935,0.068545355,0.042750187
1997/7/31,0.036988946,-0.044669426,-0.021350197,-0.027872617,-0.00399105,0.112609326,-0.071795546,-0.073441136,0.096003957,-0.003411529,-0.112630945,-0.307111158,0.023713857,0.287882429,-0.129664387,0.00154918
1997/8/31,0.243817114,0.021335933,-0.055329189,-0.21479086,-0.010334762,0.082916864,0.325461496,-0.065863434,-0.225628347,0.011552929,0.185109279,0.051100267,0.129521433,0.067931669,0.027057627,0.113412192
1997/9/30,0.199009251,-0.319771654,0.053037505,-0.222598945,-0.142353362,-0.029293992,0.053628195,0.041232616,0.041427714,0.088541268,0.125117262,0.190411262,-0.022290668,-0.157976381,-0.041286794,-0.231469402
1997/10/31,-0.319457563,-0.072733229,0.11559228,0.065404783,-0.031993726,-0.301961416,0.034336164,0.087092298,0.119334763,0.05990225,-0.012007164,0.028305299,-0.277994108,-0.126974278,0.108429426,-0.029876751
1997/11/30,-0.316414877,-0.025391059,0.183885595,0.031076258,0.04303949,-0.08702164,-0.135337155,-0.127591498,0.209411162,0.155497807,0.043282582,0.05591998,-0.424549283,-0.216320442,0.187178116,-0.013932925
1997/12/31,-0.261067524,-0.286044172,-0.050628265,-0.22430317,0.190880433,-0.077449578,0.076947688,-0.306267493,-0.032611474,-0.016058386,-0.128997049,0.075306064,0.022979698,-0.195221009,-0.187850562,-0.192524901
1998/1/31,0.100773308,0.132212549,-0.006825705,0.252321443,0.060770003,-0.187612276,-0.130536976,0.044673694,0.133578899,0.067684842,0.132384619,-0.041653599,0.013682416,0.12743101,0.190185666,0.11628543
1998/2/28,-0.074458297,0.001520113,-0.008220143,-0.174232971,-0.070547708,-0.183151468,-0.228177503,0.061357893,0.137293157,0.054984758,-0.174082615,-0.224021526,0.105636228,0.207115405,0.229954866,0.134204922
1998/3/31,0.012753404,0.019187863,0.01596632,0.107266152,0.055927374,0.124409702,0.066463929,-0.144959331,-0.018696922,0.034184177,0.25713039,0.158292035,-0.247277382,-0.177894475,-0.044383954,-0.11107186
1998/4/30,-0.060206004,0.108417132,0.075857481,0.115235912,-0.047455399,-0.125325891,-0.065355774,0.029283301,-0.131351542,-0.095074427,-0.11187813,-0.246221739,0.086586012,0.225166239,-0.084926995,0.11392268
1998/5/31,-0.335210576,-0.027842485,0.169479899,0.140489316,0.257138816,0.397886662,-0.314157077,-0.256409398,-0.102927815,0.134629873,-0.105279061,0.14935348,0.101009027,-0.33564544,0.158609574,-0.027907107
1998/6/30,-0.004308324,-0.038261477,0.033579283,0.084607163,0.309398225,0.36238239,0.09151018,0.004818955,0.11792258,0.034228314,-0.037134123,-0.187441668,0.117358935,0.081552292,0.06845995,-0.005613798
1998/7/31,-0.053378108,-0.058005354,0.036296814,0.055598422,0.129134081,0.223600416,0.043949052,-0.000649388,-0.093690943,0.097432345,-0.163937012,-0.01505137,0.074985306,-0.098301744,-0.081214408,0.101177306
1998/8/31,0.000333705,-0.051486353,0.072857976,-0.024351537,-0.118790026,0.132142322,0.052647036,-0.153367905,-0.074641792,0.129089473,0.099037945,0.183507937,-0.142580819,-0.4158503,-0.053336274,0.227114078
1998/9/30,0.221746926,0.098252754,-0.076626661,0.031504004,-0.111128875,-0.136345842,0.026366877,0.417292957,0.018916132,-0.215587993,-0.117286391,-0.023835785,0.195120606,0.216389056,-0.168420542,-0.17603277
1998/10/31,-0.202934822,-0.054607435,0.072591872,-0.203283018,-0.294762215,-0.364986845,-0.238567465,-0.02559546,-0.045598791,-0.157011751,-0.119050924,0.016375056,0.095162413,0.210295826,0.058247956,-0.004057093
1998/11/30,-0.141274549,0.077339347,0.044032651,0.110058922,0.062174676,0.16004423,-0.186298158,0.085228258,0.050767696,0.321910387,-0.088036199,-0.168073898,0.079409319,-0.08887843,0.110783865,0.122022616
1998/12/31,-0.115399386,-0.115234129,0.220455239,0.105488988,0.580861321,0.440026812,0.043513049,-0.106316191,0.175376433,0.082260522,-0.205117929,-0.192879936,0.105513069,0.148695919,0.125151713,0.055267815
1999/1/31,0.102273325,0.030334298,0.077180935,-0.047119847,0.16520133,0.229887416,-0.231691798,0.091023239,0.191835822,-0.168748005,-0.229668837,-0.236983938,0.17430426,0.39577529,0.233687785,0.120123414
1999/2/28,-0.073553199,0.160305066,0.158872527,-0.087440736,-0.265619762,-0.194774457,-0.026675541,0.058451031,0.033925572,0.420033883,-0.029994754,0.124988651,-0.163455906,-0.188807807,-0.094361987,0.140031138
1999/3/31,0.09561581,0.078067361,-0.058907019,0.187652525,-0.060370964,0.037742947,0.363257449,0.034859253,-0.219970261,0.056116163,-0.021942782,-0.064402623,0.226745454,0.097372693,-0.202052526,-0.028125643
1999/4/30,0.015431082,0.077112044,-0.113593533,-0.37637936,-0.243634923,-0.18633416,0.175626097,0.122552477,-0.143468084,-0.109024385,0.330036374,0.110377986,0.041565661,-0.059091678,-0.138517076,-0.417945743
1999/5/31,0.058042018,-0.346755719,-0.049293493,-0.104519335,-0.155597556,-0.130433507,0.108053247,-0.249892502,-0.119659187,-0.079241539,0.051201314,0.085914589,-0.007107319,0.182573953,0.033765699,0.014515088
1999/6/30,0.057052837,0.203775016,0.058651557,0.25639057,0.20957465,0.157622108,-0.046084053,0.153600312,0.08480157,-0.016002255,-0.173959187,-0.198189621,0.21805429,0.130957561,0.19350636,0.048421943
1999/7/31,0.025607547,0.018694317,0.063609774,-0.013192278,0.002205709,0.106587862,-0.019200497,-0.027200109,0.089695385,-0.273840068,-0.177877438,-0.157563829,0.254593866,0.094378013,0.025285127,0.079293539
1999/8/31,0.158176008,0.185916444,0.062554055,0.085932958,-0.008675115,0.190909304,0.112813988,0.1808308,-0.213133397,-0.131295808,-0.025843969,-0.196058569,0.232356015,0.150970178,-0.182878974,-0.093528484
1999/9/30,0.15345172,0.02397257,-0.036419485,-0.274990338,0.134382535,-0.023772856,0.103196204,0.030463034,-0.098474779,0.035774578,-0.067636384,-0.153456565,0.12872333,0.057237272,-0.061101436,0.058860102
1999/10/31,-0.032492405,0.110255344,0.245351262,0.145324954,0.146587604,-0.011037738,-0.031561322,0.041463668,-0.12821866,0.053214571,-0.162766524,-0.254192936,0.074193907,0.156404092,-0.121512601,-0.065418086
1999/11/30,-0.003472568,0.251229851,0.048041801,0.164278052,0.176868123,0.451786647,0.263850733,-0.000379904,-0.088140181,-0.006955971,-0.169928909,-0.377907947,0.250190883,0.346879399,0.020606317,0.237168324
1999/12/31,0.189410862,0.170868541,0.113723433,-0.06319167,0.219506553,0.344808628,0.017322803,0.104588719,0.105381293,-0.012665855,-0.188761928,-0.210532235,0.330996826,0.339431646,0.060995874,-0.101030248
2000/1/31,-0.118943153,0.104146384,-0.045671495,-0.005390409,0.066516832,0.166351336,-0.086891731,0.088008215,-0.187855226,-0.126197037,-0.046854423,-0.075218959,0.110909822,0.197457563,-0.117904483,-0.087110235
2000/2/29,0.071042247,0.307581918,0.145731342,0.210834671,0.482774486,0.566626382,0.075250185,-0.101234307,-0.072595943,-0.120612367,-0.368785574,-0.366404748,0.463359199,0.441128457,0.034905684,0.106147447
2000/3/31,-0.033091017,-0.226271313,-0.012798054,-0.362392613,-0.093287513,-0.42481265,-0.053261891,0.003043167,0.025817134,-0.024796347,-0.203727803,0.130199545,-0.000551779,-0.241189291,-0.056110248,-0.019215387
2000/4/30,-0.193840481,-0.143301439,-0.034192503,-0.140286231,-0.231751006,-0.155081189,-0.054545393,-0.002466792,-0.105324032,-0.192391655,0.188779548,0.235493396,-0.140078837,-0.139864827,0.019546222,0.057597782
2000/5/31,0.115927498,-0.11677423,0.099096119,-0.21367252,-0.261804382,-0.289860379,-0.031504555,0.066636354,0.093129132,-0.009749533,0.101519607,0.205557065,-0.091666156,0.005042151,-0.223304772,-0.294959118
2000/6/30,0.034256315,0.168333209,0.009311045,0.341504253,0.180324956,0.279061737,-0.10127429,-0.078667249,-0.159006645,-0.109144646,-0.153425848,-0.23731949,0.287634066,0.123838461,0.052393028,0.1300885
2000/7/31,-0.198438265,-0.032933956,-0.113587683,-0.025943335,-0.147720817,0.015704534,-0.050709434,-0.159100808,0.079985373,0.116334197,0.023126218,0.118333489,-0.141855783,-0.123823831,-0.106469684,-0.050979992
2000/8/31,-0.164492445,0.123509054,-0.152746851,0.02082623,-0.032643194,0.124207504,-0.171727416,0.075163692,-0.07626296,-0.364803219,-0.104194762,-0.251677685,0.156024223,0.316397451,-0.128800145,-0.133033473
2000/9/30,-0.009256931,-0.057522899,0.003420382,-0.050719297,0.391824872,0.340362032,0.047160749,-0.101965573,-0.002054053,0.106352286,0.040648278,0.259954288,-0.292638432,-0.224531036,-0.02559514,-0.037512237
2000/10/31,-0.236550546,-0.085103401,-0.050764935,-0.260923376,0.045837215,-0.050979139,-0.125691951,0.02606917,0.203722672,0.015467371,-0.156472357,0.006478299,-0.225265562,-0.231577662,0.216218109,0.181599548
2000/11/30,0.067456175,-0.058532265,0.109127085,-0.266648772,0.3153221,0.00521407,0.033662757,0.024833421,0.053739724,-0.046586155,0.092126516,0.267997846,-0.37754842,-0.273497575,0.03941494,-0.04647933
2000/12/31,-0.145379252,0.033343545,-0.019224171,-0.045454389,-0.039463144,0.172800174,-0.054738637,0.083710618,-0.106217044,0.11181008,-0.036094966,0.150346911,0.215690829,0.103273635,-0.074680735,-0.136680538
2001/1/31,0.120273805,-0.049491802,-0.023635636,-0.178859914,-0.514112339,-0.56008376,0.056637563,0.037889775,0.128169105,0.08449381,-0.207381438,-0.058230844,0.249677339,0.10073647,0.12010323,0.089411915
2001/2/28,-0.03340513,-0.008617665,0.053040244,-0.223049175,0.273795467,0.544734612,-0.035923712,0.142159845,-0.102277891,0.196731478,0.113186967,0.354130924,-0.591455962,-0.581387731,0.066721664,-0.018207972
2001/3/31,-0.107885343,-0.18230406,-0.083635512,-0.103905402,0.0560161,0.381412838,0.094674785,-0.081291938,0.148149352,0.052767666,0.155723007,0.169039713,-0.287629505,-0.469827505,-0.029732674,0.040481087
2001/4/30,-0.057582867,0.030242016,-0.189608355,-0.087733001,-0.295353038,-0.457662976,0.05919951,-0.001539829,0.006872871,-0.017923972,-0.276568474,-0.164180041,0.286757633,0.468352562,0.053539388,0.03987268
2001/5/31,0.065767841,0.083730931,0.035371387,0.065952195,0.247879096,0.348223957,-0.054530515,-0.113986127,0.009166544,0.177148388,0.164007909,0.124252511,-0.393816503,-0.257425649,0.007046465,-0.063191072
2001/6/30,0.239955546,0.084512669,-0.021531454,0.151748568,-0.080251726,0.177654169,0.121256523,-0.060487469,-0.031304902,0.150377603,-0.118637186,-0.016726773,0.126003256,-0.009705636,-0.152373302,0.096228848
2001/7/31,-0.133604722,-0.050220981,0.031787752,-0.113522155,0.032558388,0.389130479,-0.011119479,0.008211508,0.00708067,0.212143634,0.185592728,0.153925193,-0.368628888,-0.353849307,0.110605751,0.089271103
2001/8/31,-0.078226242,0.011625973,0.053615907,-0.087943936,0.205406847,0.513745785,-0.105095997,0.018019804,-0.327791069,0.072268352,0.195912429,0.104572595,-0.12486031,-0.334128032,-0.072914464,0.213842864
2001/9/30,-0.034763864,0.019702618,0.097196312,-0.018239484,0.157176586,0.427459542,-0.182091985,-0.146603616,0.386151151,0.150051135,0.107799339,0.204218008,-0.10879804,-0.384005476,-0.136058791,0.027097529
2001/10/31,-0.009154844,-0.007630185,-0.038157474,-0.119769327,-0.268327019,-0.471165429,0.077131007,0.260762406,-0.236761839,-0.020684774,-0.146984401,-0.297251998,0.259608808,0.575124001,0.085560273,0.013871933
2001/11/30,0.177594316,0.056985031,-0.092822645,0.077320781,-0.392541991,-0.400618979,0.190843224,0.083713973,-0.19618229,0.065064961,-0.256608835,-0.283750529,0.078139215,0.239210519,0.055484991,0.153048874
2001/12/31,-0.036615536,-0.172836731,0.019615003,-0.136729023,-0.045060393,-0.196775924,-0.039527117,-0.011355,0.061934574,-0.043403375,0.111940648,0.032989777,0.112484236,-0.052035087,0.015458928,-0.027348361
2002/1/31,-0.132847739,0.006175809,-0.079266701,0.12591108,0.017374309,0.114477718,0.154561555,-0.029660923,0.002010146,0.187617765,-0.130930433,-0.059083612,-0.144936884,0.031436846,0.01781872,0.15674572
2002/2/28,-0.058794147,-0.243778965,0.003345831,-0.085337143,0.026958761,0.278818308,0.108862547,-0.110115821,-0.064147669,0.09169029,0.103921637,0.097843002,-0.326847568,-0.309963672,0.016921002,0.085223714
2002/3/31,0.129550871,-0.058991529,-0.058960305,-0.195812278,-0.216672267,-0.491852554,-0.06509848,0.074742212,0.023203263,0.078379944,-0.025684641,-0.045380771,-0.098146949,0.241710766,-0.05132759,-0.200197627
2002/4/30,-0.146635179,-0.181463611,0.02131193,-0.02193935,-0.106762345,0.150278322,-0.05336061,0.046774403,0.224508375,0.062720007,0.155644612,0.100487092,-0.227360001,-0.416398053,0.072800906,0.292006816
2002/5/31,-0.022119583,0.051549159,0.087377792,-0.003647264,0.116432709,0.105459487,0.051831845,0.091292083,0.122401049,0.097859246,0.079418679,0.066235449,-0.166729994,-0.211890607,0.065032759,0.124784126
2002/6/30,-0.198572653,-0.203337968,0.050118454,0.131600976,0.393326322,0.345279521,0.110812771,-0.08477688,0.202055955,0.07699174,0.147310288,-0.052402549,-0.387562098,-0.271334883,0.217315867,0.146345001
2002/7/31,-0.069270107,-0.069301676,0.086960495,0.281744424,0.286394888,0.262152795,-0.029625738,0.048853476,0.110035775,0.019237919,-0.035559203,-0.138567817,-0.062756934,0.142912365,0.086011584,0.003844185
2002/8/31,-0.096911769,-0.149397324,0.033207523,-0.204552647,-0.259374673,-0.058266211,0.125832284,-0.07731747,-0.041089286,-0.041880942,0.224613912,0.228458041,0.009134331,-0.16544666,-0.146604489,-0.117958308
2002/9/30,-0.215029892,-0.0352848,0.105269543,0.335916077,0.425104444,0.528805792,-0.158679851,-0.04018,0.160604167,0.143439743,0.096438099,-0.117796541,-0.256634873,-0.276527198,0.18947395,0.192767347
2002/10/31,0.28077417,0.042629698,-0.095944163,0.031144645,-0.132798856,-0.316262986,0.205784983,-0.035144356,-0.063330257,0.010615568,-0.291041478,-0.166713896,0.409487383,0.337966994,-0.076917666,0.017804517
2002/11/30,0.111985744,0.000334054,0.010396651,-0.218743234,-0.709928104,-0.545076071,0.140645165,0.130629709,-0.160276805,-0.163111156,-0.174528367,0.040213246,0.260905705,0.382753505,-0.15692693,-0.185002502
2002/12/31,-0.259374511,0.021315754,0.052453697,-0.075098616,0.314317948,0.196233411,-0.052098895,-0.001470095,0.098968799,-0.111412846,0.346660761,0.3284104,-0.477909994,-0.368834575,0.187895938,-0.13147737
2003/1/31,0.010787086,-0.0306003,0.051414129,-0.180130136,0.191966764,-0.098245959,0.130200714,0.020964875,-0.055312537,-0.162500885,-0.097264073,0.072629755,0.124260792,0.10431149,-0.087892537,-0.106762009
2003/2/28,-0.083804963,-0.074808503,0.010671156,0.136764977,0.175611346,0.067892665,-0.10414846,-0.050449257,-0.032772499,0.084977559,-0.092800627,-0.127641332,0.296658493,0.095300385,0.004995607,0.016085504
2003/3/31,-0.064786991,0.092879414,0.000883686,0.200694039,-0.073107509,0.13385975,-0.203342124,-0.235618402,0.027752415,0.023621706,0.160261829,0.041735494,-0.104569357,-0.02909434,0.082108482,0.048746753
2003/4/30,0.112167399,-0.027444517,0.014040413,-0.177677217,-0.259127382,0.115901638,0.017394147,0.039304253,-0.082156283,-0.027679313,-0.138607481,0.100286361,0.102130646,-0.012300343,-0.118226514,-0.126136439
2003/5/31,0.11518096,-0.158229282,-0.024690212,-0.348414207,0.213324129,0.25016869,0.229192245,0.167332621,-0.043176086,-0.076474986,-0.186495997,-0.036151256,0.364190034,0.022453398,-0.078598348,-0.077776815
2003/6/30,0.115825633,-0.050438301,0.056445043,0.08276043,0.002422952,-0.047357036,0.053272144,0.015644787,0.165062522,-0.017571877,-0.052952794,0.011638026,0.05952312,-0.132229524,0.15132812,0.272101693
2003/7/31,0.173638145,0.181697709,-0.041482035,0.109368616,-0.039762355,-0.330086409,-0.017603231,0.065464844,0.115718229,0.089226128,-0.101139586,-0.041889912,0.069814445,0.095370001,0.079868011,-0.072171696
2003/8/31,-0.015282585,0.094318118,-0.089348524,0.001467532,0.037834091,0.324921333,-0.038579618,0.148178065,-0.055988616,-0.158947222,-0.1810274,-0.009376036,0.25694726,0.251678531,0.043387655,0.132270152
2003/9/30,-0.083545635,0.008888151,0.187389157,-0.234021193,-0.102925826,0.053772069,-0.198327123,0.057567407,0.03080151,-0.141875028,0.180280605,0.220787117,-0.186137251,-0.153528867,-0.155047112,-0.205929002
2003/10/31,0.1245211,0.085115833,0.006352097,-0.039445803,0.147294103,0.285290338,0.103928447,-0.008767151,-0.174681808,0.131038102,-0.277868094,-0.092812538,0.307352766,0.1042925,-0.051405014,-0.008094797
2003/11/30,-0.010578922,-0.046665891,-0.025626693,-0.049693319,0.214616922,0.109442062,0.066420232,-0.15592237,-0.081133269,-0.021683226,-0.037638345,-0.05538816,0.150235899,0.048204136,0.062469866,0.108008825
2003/12/31,0.02337227,-0.211557713,-0.181616269,-0.321506262,-0.19545361,-0.320106198,0.142461336,0.179122642,-0.134619087,-0.252518769,0.072393675,0.146859075,-0.0631361,-0.295332052,-0.046067568,-0.136445653
2004/1/31,0.105090488,-0.089902999,-0.102251266,0.084297805,-0.048283055,-0.017613699,0.13893808,-0.051315436,-0.033235803,-0.06004335,-0.246627453,-0.057280708,0.401237335,0.107247581,-0.171759943,-0.077810638
2004/2/29,-0.132528876,-0.073283588,-0.121440293,-0.245558761,-0.223394299,-0.034769076,-0.064759938,-0.137535129,0.025504811,0.165143367,0.043735535,0.061415693,-0.271730702,-0.155028482,0.123062421,0.19687705
2004/3/31,-0.039142626,-0.056086104,-0.067886864,0.051088388,-0.083558057,0.252269357,-0.256192341,0.113334827,0.061667779,-0.03239147,0.064045157,-0.086026875,-0.32204007,-0.279945873,0.105357126,0.171482722
2004/4/30,-0.136954712,-0.108766729,0.013208374,0.068296823,-0.267461235,-0.009755023,-0.082121393,0.183881231,0.095617299,-0.064548257,-0.066267418,-0.060293502,-0.232697191,-0.333798758,0.217622511,0.20305433
2004/5/31,-0.039653538,0.123546315,-0.051504182,0.097628625,-0.077773413,-0.031260477,0.138292534,0.058388882,-0.025759301,-0.032988172,-0.034963612,-0.134947458,0.069980867,0.225556055,-0.087721034,-0.004842661
2004/6/30,0.177131786,-0.083734329,-0.084299859,-0.03965219,0.178888096,0.283895415,-0.133068487,0.154724952,-0.180773023,-0.135755343,0.01672111,0.199668403,0.133773052,-0.231895458,-0.005722371,0.051507099
2004/7/31,0.090402991,-0.371960289,0.081643702,-0.085539057,-0.134015765,0.230644475,-0.026999767,0.003940768,0.076182025,0.038669042,0.097197499,0.210853418,-0.109354301,-0.266207664,-0.02145031,-0.09392209
2004/8/31,0.044780413,-0.310101591,-0.003742787,0.02007541,0.232376981,0.098552416,0.111543173,-0.052106702,-0.05852328,0.082768225,0.226505786,0.09909608,-0.263125596,-0.090867442,-0.186445828,-0.063200538
2004/9/30,-0.014164062,0.068431359,-0.039105975,-0.253705049,-0.003617091,0.041989369,-0.165340876,-0.003728212,-0.058160541,-0.019904218,-0.343492016,-0.129481127,0.052956436,0.1653885,0.175703452,-0.00260556
2004/10/31,-0.020642479,-0.061762999,0.078452448,-0.149872087,-0.383220777,-0.296167241,0.179153739,-0.033189417,0.042603282,0.026509626,-0.142909434,-0.001237543,-0.012042067,0.118970438,-0.011941619,0.018528231
2004/11/30,-0.043033372,0.223788087,-0.077935025,-0.077491376,0.21920758,0.061498396,0.048936216,-0.034126569,0.031950481,-0.114303297,-0.016499495,-0.041314994,-0.145944189,-0.007205257,0.049830656,0.096885199
2004/12/31,0.207551416,-0.080197749,-0.131036364,0.037327337,-0.184910799,-0.176871356,-0.012665543,0.014989758,-0.124996771,0.047020984,0.012945657,-0.019212703,0.022776908,0.161674435,-0.089079538,0.063925486
2005/1/31,-0.101736084,-0.030935231,-0.098387207,-0.04595791,0.141439333,0.009220369,0.006998169,0.055518943,0.116960377,0.06147032,0.075474243,0.055754256,-0.219582185,-0.139418429,0.101060869,0.130964617
2005/2/28,0.001328851,0.018789937,-0.075684026,0.105606664,0.184764725,0.092078972,-0.072981045,-0.021144087,-0.079924947,-0.059754289,-0.146081569,0.159379491,-0.000119957,-0.095158741,0.231867965,0.093491773
2005/3/31,-0.070244822,0.015122189,-0.09338248,-0.085390275,-0.007859577,-0.102359781,-0.112252661,-0.054953262,0.083259633,-0.055426659,-0.009470739,0.100010039,-0.097267481,-0.077757637,0.135532427,0.007379855
2005/4/30,0.015123818,-0.136098333,-0.068738905,0.064362504,-0.119753409,-0.254808416,0.019351063,-0.211067254,-0.110103461,-0.089965687,0.10009243,0.085768716,-0.078641706,0.138896254,-0.267795381,-0.084756558
2005/5/31,0.021674151,0.074175617,-0.065240818,0.028486572,-0.051221566,-0.149663414,0.201036864,0.068250282,0.038386408,0.133558996,-0.163420831,-0.275846096,0.168024688,0.073741196,-0.002492343,0.120297099
2005/6/30,-0.149438546,-0.029858057,-0.068813428,-0.026714843,0.296133504,0.344997964,0.002863298,0.165523485,0.184449325,-0.077573992,0.234640441,0.106092994,-0.136775582,-0.19300495,0.017410215,0.078891048
2005/7/31,0.083854445,-0.020682653,-0.059934276,0.010524496,-0.03761076,-0.025864488,0.110218671,-0.085606588,0.060134607,0.006502778,-0.099361354,-0.233704503,0.118789712,0.205503559,0.065632136,0.048734687
2005/8/31,-0.047507908,0.079339521,-0.029811398,0.003483156,-0.012670118,0.33217161,0.218168935,0.051602424,-0.215081384,-0.25437981,-0.022793613,-0.063307836,0.025474196,0.093616265,-0.177473421,-0.003795244
2005/9/30,0.095042989,0.148683425,-0.215916265,0.065721951,0.147635964,0.26143725,-0.010162793,-0.041032891,-0.011720631,-0.099903205,-0.074764903,-0.079084926,0.251276223,0.261164862,-0.171265029,-0.029801712
2005/10/31,-0.169229082,-0.087666097,-0.119303407,-0.001963428,-0.121815049,-0.286700482,0.052702052,0.019511762,0.136844706,0.108302892,-0.075622836,-0.035724293,-0.22938686,-0.142011471,0.053034908,0.0403989
2005/11/30,0.130063811,0.171244479,-0.042851341,0.200438435,0.115246323,0.045938635,0.191804602,-0.113424963,0.003632639,0.088810777,-0.145133546,-0.053477475,0.325398774,0.298058092,-0.008999875,0.164735039
2005/12/31,0.003856799,-0.013465787,-0.046590256,-0.033601729,-0.010301138,0.22712684,0.154602258,-0.044836301,-0.050044466,-0.047349485,0.064811514,-0.016168632,-0.133155838,-0.112396032,-0.034856582,0.140772119
2006/1/31,0.145207822,-0.035130786,-0.121181947,-0.102882709,0.317406171,0.39644152,0.087028579,-0.131116881,-0.022355812,-0.131280409,-0.091760608,0.015555964,0.301063173,0.290812267,0.000924073,0.035750855
2006/2/28,-0.019244487,-0.167980856,-0.077938256,-0.169928595,0.081076993,-0.321180628,0.0885542,-0.028240592,-0.112137778,0.070872571,0.007217676,0.120395543,0.024350591,-0.040066126,-0.249543473,-0.044643332
2006/3/31,-0.028584501,-0.094032665,0.064870251,-0.037098511,0.384394861,0.135580726,-0.020747076,-0.213073922,0.020420657,0.014106236,-0.134935234,-0.005032384,-0.102871879,0.128544915,0.161996017,0.098544685
2006/4/30,-0.009836887,0.15514556,-0.011278216,-0.077624783,0.014604646,-0.142274038,-0.021479715,-0.031044169,-0.041053236,-0.142349157,-0.031934921,-0.058956363,0.01634649,-1.52E-05,-0.015576,-0.219548312
2006/5/31,-0.232695034,-0.015330937,0.05971373,-0.074390738,-0.283734759,-0.029854851,-0.062529119,0.268405174,0.042446729,0.031464667,0.231477022,0.193821149,-0.364802989,-0.328544216,0.048607325,0.138408481
2006/6/30,0.120291337,-0.055973616,-0.058701842,0.168401268,0.102817271,0.020756177,0.186475337,-0.027827704,0.304834577,-0.022651798,-0.062753673,0.123896237,-0.187678608,-0.210400237,0.139125837,0.054699116
2006/7/31,-0.128924703,-0.148101471,-0.070464764,0.002481219,-0.156361599,-0.07973433,0.094801359,0.117247023,-0.042923024,-0.054824838,0.131155975,0.076178134,-0.133082803,-0.295264377,-0.122247067,-0.145820899
2006/8/31,0.202692326,0.104687027,0.078963351,0.121118785,-0.480574095,-0.45622967,0.10600726,-0.013179767,-0.012155611,-0.100284083,0.043127469,-0.049193061,-0.03936355,0.328479256,-0.08281651,-0.003159918
2006/9/30,-0.114060951,-0.008949249,0.030669053,0.060394608,-0.200201475,-0.037840139,0.089576745,0.0531137,0.079905738,0.054230302,0.07795188,-0.113650266,-0.024992548,-0.117694421,0.046138305,0.008613924
2006/10/31,-0.254000331,-0.011350289,0.037698963,-0.009924717,0.05950368,0.114184458,0.07833367,0.039374635,0.045963353,0.017278725,0.01849128,-0.017050533,-0.021291002,-0.185015272,-0.047271221,-0.063473861
2006/11/30,0.302670556,-0.002735614,-0.00215818,0.035977473,-0.099912418,-0.34680868,0.000930015,-0.034158086,-0.028704049,-0.036505524,0.049887187,-0.022598359,0.052034625,0.014975395,-0.137978044,0.042121506
2006/12/31,-0.229382076,0.06315021,0.046213358,0.012852465,0.160725407,0.182599663,0.157244863,-0.200772854,0.027678815,0.123658716,0.014473492,0.196004978,-0.078103215,0.008647719,-0.108746938,-0.097796776
2007/1/31,0.226742066,-0.173850983,0.131841525,0.026907175,0.134480384,-0.024157359,0.066484591,-0.031774811,0.031409978,0.012203499,0.078171755,0.031744851,-0.06356481,-0.158099645,0.173069305,0.143932677
2007/2/28,-0.090516947,-0.012282826,-0.014032446,-0.117409909,-0.016394083,-0.122979955,0.002871326,-0.008450184,-0.046359481,0.020049579,-0.062962675,-0.036776295,0.095230176,0.119397189,0.016778981,0.169829605
2007/3/31,-0.005404288,-0.014052453,0.215715375,-0.061754094,0.368240641,-0.181864356,0.20642809,0.106107872,-0.151350214,-0.130342403,0.035307564,-0.189830426,-0.118491022,-0.038219126,0.138187322,0.033028571
2007/4/30,-0.130119051,0.000878976,0.093157532,0.037762105,-0.014021038,0.006452282,-9.28E-05,0.082488755,-0.001192607,-0.172398627,0.101025139,0.075073148,0.239763003,0.146432354,-0.17797751,0.054263273
2007/5/31,0.026888071,-0.094798505,-0.022760502,-0.03182777,0.080780629,0.206007374,0.087232432,-0.015708655,0.041970539,-0.002027535,-0.003562026,-0.045562015,-0.200058768,-0.102037211,-0.009911276,0.077257161
2007/6/30,0.249073424,0.053544836,-0.088738115,-0.103310256,0.007352664,0.192253951,0.012038309,-0.080116925,0.032132271,-0.011287306,0.082893616,-0.218364613,0.167061873,0.020680185,0.017695555,0.100257196
2007/7/31,-0.03622322,-0.037776117,0.031885206,0.023872642,0.036177197,0.298257561,0.06828429,0.178911574,-0.156932286,-0.109097535,0.002574089,-0.183939298,0.058766332,0.15463653,-0.06157368,0.122464133
2007/8/31,-0.066434747,0.160815273,-0.060831715,-0.176171605,0.151923466,0.011988476,0.08695257,0.186016721,-0.279817913,0.15331803,-0.013197776,-0.047548146,-0.023477693,0.062932683,0.006963012,-0.032732459
2007/9/30,0.099274668,0.006467313,-0.032511609,0.175892674,0.232551276,0.452793767,0.030147157,0.263095285,-0.154237788,-0.156914806,0.10395764,-0.168807709,-0.093614582,0.092823872,-0.22650877,0.010341836
2007/10/31,0.01731911,-0.003292628,0.130892058,-0.148133552,0.21907567,0.062192427,0.075799735,0.091468081,-0.043617093,-0.007729304,0.007936033,-0.114433474,-0.054140135,-0.227919359,0.038400476,0.071390993
2007/11/30,-0.117981424,-0.040918407,0.022223942,-0.062109684,0.083150495,0.280419815,-0.045957897,0.100416648,-0.088317219,0.193705415,-0.074853789,-0.148523516,-0.182021147,-0.088618354,-0.015195124,0.200389112
2007/12/31,-0.016769908,-0.127672868,0.1147172,0.053959613,0.54036957,0.353213527,-0.02724959,-0.086880672,-0.134708231,-0.016034026,-0.073953922,-0.193108917,0.123854327,-0.12676732,-0.03571544,0.122204244
2008/1/31,0.008512715,-0.089569232,-0.050571833,-0.188562558,-0.427901468,-0.503554867,-0.092598602,-0.014663546,0.144677161,0.06035611,0.054252531,0.221145962,-0.145175862,-0.141695748,0.109744425,-0.092963125
2008/2/29,0.05459742,-0.160428032,0.06274263,-0.160858023,0.353655621,0.338185281,0.148975476,0.05186742,-0.2782063,-0.027852637,-0.062382915,-0.041147289,-0.050228988,0.00650418,0.014536021,-0.085165085
2008/3/31,-0.050041035,0.003712128,0.082449921,0.002984936,0.214587461,0.042459432,0.122444853,0.068735189,0.0039134,0.056110141,0.023753509,0.0780351,0.101727897,0.135027588,0.089503889,-0.086917777
2008/4/30,0.126893817,0.039095859,0.020630096,0.023748962,0.10750156,0.035989668,0.173284801,0.012161404,0.077725332,-0.000927116,-0.001560926,-0.05031035,-0.03397197,0.14502298,0.017239994,-0.095998481
2008/5/31,-0.108979756,-0.028101327,0.229428466,-0.066349698,0.168124276,0.113466371,0.045325224,-0.065743153,-0.162455453,-0.243783746,-0.095940869,-0.161177228,0.138251309,-0.056896215,0.121247184,0.001430712
2008/6/30,-0.142229593,0.086989688,0.126061939,0.117998801,0.470029683,0.533727929,0.064246274,0.019666862,-0.177930038,-0.068696892,-0.10314001,-0.061766487,-0.013262171,-0.172150418,0.110420579,0.105142607
2008/7/31,-0.01020421,-0.028333426,-0.006074996,-0.032738904,-0.140607044,-0.282506577,-0.073114469,-0.150132894,-0.094191681,0.030976175,-0.161850038,-0.033013362,0.174053683,-0.05112152,0.00769845,0.025138201
2008/8/31,-0.033968497,-0.171536965,0.071622909,-0.082050835,-0.122893492,-0.227640496,0.024178418,-0.010863554,0.241697549,0.230919558,0.038526709,-0.222408027,-0.003512505,-0.161318077,0.031546184,0.115139088
2008/9/30,0.150450687,0.002584525,0.016779256,-0.131538544,0.242572991,-0.173547192,0.120098166,0.054001571,0.051704883,-0.003957845,0.054517988,0.128439927,-0.150552588,-0.192159088,0.040889529,-0.159840008
2008/10/31,-0.240921801,0.171245452,0.085073145,0.104658943,0.160009794,0.128207228,-0.178840885,0.058724922,-0.024602323,-0.031737108,-0.002766368,-0.116170481,-0.145804094,0.166972925,0.037679184,0.007433464
2008/11/30,0.116104253,-0.073739967,0.03092988,0.102583362,0.335848592,0.209044473,0.248738458,0.004501378,0.04598562,-0.144386357,-0.048455739,-0.172385692,-0.202844798,-0.133597818,-0.012671673,0.270054873
2008/12/31,-0.194735502,-0.039549694,-0.094288951,0.030537197,-0.120071521,0.03023619,0.091974757,-0.139076105,0.079374924,0.125467892,-0.143960386,-0.144565331,0.034984099,0.029483098,0.268614321,0.284410431
2009/1/31,-0.053940908,-0.156586718,0.116333077,0.126767289,0.012105354,-0.135859163,-0.025797083,-0.10341836,-0.034801718,0.056726481,0.044730771,-0.089326163,0.003929628,0.045909294,0.194842372,0.237029926
2009/2/28,0.083379115,0.036292092,0.075616095,0.143864723,0.165477547,0.1610382,0.037146098,-0.362461484,0.16939094,0.149044737,-0.070809694,-0.352275961,0.050663509,0.225347612,0.098138411,0.161926689
2009/3/31,0.064473863,0.083058065,-0.00952679,-0.156640903,-0.418186978,-0.290432113,-0.118824235,0.116324988,0.069143611,-0.007328397,-0.017573784,-0.124555484,0.090293986,0.091537231,-0.167350237,-0.191778159
2009/4/30,0.228967235,-0.163532693,-0.089491255,-0.244755909,-0.705593559,-0.665209991,0.087621828,0.186041423,0.008535537,-0.054822041,0.285503776,0.163233964,-0.027583914,0.051069728,0.023597295,-0.047727467
2009/5/31,-0.091215331,-0.263171976,-0.109692825,-0.234838693,-0.442065137,-0.310524107,0.028609829,0.197146448,0.031076428,-0.130377553,-0.044437251,-0.056757512,-0.068421074,-0.087741498,-0.023582665,-0.159758828
2009/6/30,-0.011706383,0.057761248,0.067504197,0.030568685,0.206086673,-0.229917708,-0.053339216,0.001503895,-0.02919799,-0.134144421,-0.086476907,-0.104373187,-0.080212414,0.076369487,-0.062389829,0.076286817
2009/7/31,0.12965823,0.046209442,-0.141361372,-0.157117877,0.059676178,0.032747636,-0.111324139,-0.023580854,-0.085705839,-0.046673924,0.096105707,0.152904587,0.050090687,-0.083525881,0.015319783,-0.047385299
2009/8/31,-0.044620459,0.113873559,-0.004924578,-0.156607065,-0.066969609,-0.002303007,-0.045432029,0.080525648,-0.075839121,-0.023088472,0.019405931,0.078353389,0.07269144,0.056099281,-0.16417478,-0.166858149
2009/9/30,-0.074202262,0.030973066,-0.281107359,0.179256511,0.213523033,0.137231912,0.067749402,0.017168919,-0.085215953,-0.084915369,0.065407309,-0.122707157,0.000799995,0.267594322,-0.002927982,-0.012865423
2009/10/31,0.065469474,-0.305767115,0.152366277,0.187382617,-0.243146041,-0.09933802,-0.06482219,-0.034762964,0.149726374,-0.043879298,-0.049830198,-0.067188534,-0.12594892,-0.083445648,0.306209102,0.181410156
2009/11/30,0.036591203,-0.079389656,-0.010849636,0.138485338,-0.04801859,0.184622058,-0.129764448,0.006130506,-0.008598034,0.046052259,0.11595755,0.062731296,0.083313051,0.097427194,0.018737826,-0.096401972
2009/12/31,0.160640406,0.034670804,-0.083310447,0.025171916,0.148966064,-0.008334097,-0.120256515,-0.076604256,-0.030401158,-0.03715306,0.118861315,-0.001537693,0.011185013,0.128432661,0.0398538,-0.146967794
2010/1/31,-0.025523185,-0.020447884,-0.006637189,-0.018812739,0.050553452,-0.258584761,-0.029718015,0.055592442,0.18419763,-0.03500697,-0.020493866,-0.029727112,-0.174564388,-0.094757937,0.058001592,0.118212713
2010/2/28,0.043598277,0.112191231,0.017788535,-0.064998329,0.107403585,0.300625103,0.073026108,-0.036984228,0.015877157,0.049741918,-0.088617138,0.02333783,0.116512348,-0.026607296,0.075215651,-0.000617023
2010/3/31,0.062099258,0.118698131,0.037329096,-0.03211533,0.038001788,0.123702393,0.026414129,-0.002795566,-0.023446214,-0.026188331,-0.020668489,-0.175093349,0.066251197,0.050258905,-0.1486827,0.058125425
2010/4/30,-0.028941444,0.087592914,-0.16920136,0.005106167,-0.152537298,-0.016129338,0.172004813,0.062040377,0.089810467,0.10384514,0.255907874,0.001551381,-0.224871707,-0.044609742,-0.090866621,-0.037368756
2010/5/31,-0.140127434,0.070638184,-0.111507544,0.132261965,0.025298105,0.15616689,0.106637629,-0.02906681,0.06969709,-0.009832054,-0.045302409,0.049951262,-0.030997215,-0.048015935,0.165992211,0.105759446
2010/6/30,-0.076805382,-0.018263931,0.072996977,0.095712497,-0.159224709,-0.021494822,-0.065864518,0.08684534,0.036712003,-0.152901994,0.024389575,0.065441281,-0.164638077,0.097694789,-0.014090164,-0.064243807
2010/7/31,0.069373152,0.00649977,0.140626337,-0.002714541,-0.038373294,-0.126030919,-0.068680601,0.115098605,-0.004384678,-0.062276828,0.168348623,0.105658548,0.015273143,-0.034102624,-0.085671454,-0.197344342
2010/8/31,0.066531711,0.009093459,-0.051446094,-0.140344992,0.173999074,0.086567534,0.059900197,0.007026006,0.072238547,0.022696662,0.05401082,0.122993166,-0.119855921,-0.019815055,-0.030996816,-0.031287465
2010/9/30,-0.166219973,-0.052068815,0.069715952,0.024258445,-0.321927686,-0.185715585,-0.117191879,0.04573531,-0.011939749,0.043680276,-0.159662742,-0.213379143,0.186679994,0.141442628,0.207525192,0.253874111
2010/10/31,0.025922445,0.000107752,0.065070405,-0.004533124,0.059677236,0.094701663,0.123836544,-0.100809733,-0.087885214,0.014230774,-0.018513792,-0.098696195,0.04670848,0.021995714,-0.021023921,0.01940133
2010/11/30,0.014388342,0.121108089,-0.006891885,0.122035602,-0.109895364,0.044980055,-0.114004368,0.114601018,0.054685697,0.20792599,-0.044203919,-0.085544022,-0.017014369,-0.139612855,0.341283501,0.082000919
2010/12/31,0.045358228,-0.194109702,-0.104964693,-0.053240592,-0.355615394,-0.255200323,0.121902097,0.170355275,0.019184774,-0.055827709,-0.103722137,0.059263046,-0.032650234,-0.089479959,-0.237004367,-0.044964407
2011/1/31,-0.390209709,0.006603843,-0.012195152,-0.129735146,-0.16207747,-0.120243691,-0.119630612,0.03417981,-0.034529444,-0.269232437,0.046187331,-0.135189561,0.060664623,0.261867832,-0.024874039,-0.105477439
2011/2/28,-0.012574875,0.163639171,-0.076386017,-0.03371643,0.087993236,0.168699785,0.052956398,0.08016461,0.044711679,0.041046013,0.079627651,-0.07558963,-0.056819825,-0.063669695,0.014697387,0.031113968
2011/3/31,-0.114023606,-0.112332814,0.035245259,0.079738261,0.118837178,-0.206352733,0.043437593,0.013033547,-0.00362107,0.114893161,0.017910869,0.216149694,-0.03791251,-0.21649326,0.00828598,0.158767432
2011/4/30,-0.059262479,-0.011771905,0.104222567,0.018383508,-0.106791319,-0.238615827,0.002950493,-0.156152077,-0.054848711,0.009716162,0.084844376,0.151240282,-0.005616886,-0.140911064,0.157426553,0.110952723
2011/5/31,-0.227509765,0.15809117,0.14348566,0.145605056,-0.080829915,-0.078364897,-0.046148828,0.017431571,-0.090187248,0.257158552,0.172234745,0.048763265,-0.116245557,-0.018334547,0.008786538,0.19665549
2011/6/30,-0.061187422,-0.009667593,-0.044305044,0.069740649,-0.011418397,0.002302647,-0.075977904,-0.241892697,0.03352491,0.135566428,-0.034172683,-0.115554359,-0.109463144,-0.072861904,0.131259878,0.008135244
2011/7/31,-0.061669946,0.071567909,0.121125893,0.042913504,0.173178958,0.158780999,-0.054585518,-0.006501858,-0.006893883,0.096626577,0.130107465,0.078560848,-0.122504889,-0.024056109,0.013004854,0.113775959
2011/8/31,-0.123844298,0.040519006,0.115559732,0.142829022,0.361182536,0.237842298,-0.110340481,-0.03234592,0.042762319,0.169622388,0.110915599,0.231312004,-0.026420626,-0.076352079,0.093902807,0.134854613
2011/9/30,-0.103906884,-0.009423927,0.073933384,0.161301824,0.354633415,0.305178134,-0.118831247,-0.026880599,0.105831371,0.074474917,-0.056264635,-0.01667979,0.032956116,0.043310566,0.014268612,0.10197993
2011/10/31,-0.001699995,0.011221038,-0.153041561,-0.139943418,-0.355477628,-0.407119265,-0.012726071,0.013165219,0.074779137,-0.052064869,-0.016683143,-0.199302147,0.129371551,0.119347618,0.010334145,-0.089140535
2011/11/30,0.082606901,-0.141687086,0.033490115,-0.034447612,0.050694629,0.037827228,-0.016351912,-0.151209677,-0.03746747,0.169735307,0.046960493,0.028148527,-0.092430408,-0.167757794,0.009825517,0.076835063
2011/12/31,-0.002827395,-0.219642618,0.013283958,-0.028680596,0.033761156,0.062132991,0.042032901,-0.187294431,0.077904803,0.126995791,0.156833622,0.115542963,0.004397773,0.121351784,-0.077486849,-0.062078821
2012/1/31,0.085398935,0.082584466,0.003849407,0.008668955,-0.573482526,-0.367545611,0.103099588,0.054025119,-0.029992458,0.005960891,0.021189956,-0.058328456,0.125311573,0.099425676,-0.003747893,0.123421243
2012/2/29,0.079212681,0.191852908,-0.078462406,0.070077924,-0.151985337,-0.030824055,0.039903693,0.186090201,0.045811686,-0.016963533,-0.115589011,-0.130450843,0.011760876,0.024453852,-0.120893312,-0.098332449
2012/3/31,-0.017161616,-0.059911076,0.006697386,0.067871505,0.218459687,0.201327416,-0.029755881,0.022516398,0.142909062,0.083048881,0.02236649,-0.124007666,0.125986046,0.177158192,0.006235338,-0.036658329
2012/4/30,-0.148093235,-0.243334562,0.086062421,0.038257174,0.04933231,-0.0036073,0.024350844,0.003516604,0.018560006,0.138505347,0.112674046,0.197355519,-0.127125743,-0.084263753,-0.10067115,0.037867599
2012/5/31,-0.020968009,-0.045684801,0.034760302,0.016770117,0.090184077,-0.057574839,-0.000688269,-0.005628427,-0.074679147,0.115965803,0.225357381,0.206543707,-0.209659432,-0.11266703,0.094500696,-0.000577754
2012/6/30,-0.136880489,0.048747462,-0.091832523,-0.086219794,-0.001310389,-0.073937777,0.021273511,-0.018508381,0.004832873,-0.017700849,-0.061150557,0.068184979,-0.011137242,0.075814832,-0.085357976,-0.200059799
2012/7/31,-0.051879016,-0.043584617,0.199531065,-0.163587165,0.051889756,-0.016556147,-0.027460211,-0.069685009,-0.038953811,-0.095461955,0.117389432,0.13120905,0.058722686,-0.112250298,-0.115663469,-0.073497791
2012/8/31,0.129496082,0.006367603,-0.092463433,0.026245306,0.084765802,-0.056739697,-0.026167967,0.182740566,-0.189955417,-0.105720315,-0.042801193,-0.096205694,-0.000858937,0.078834921,-0.133033982,0.14292377
2012/9/30,-0.009837689,-0.116394356,0.031751795,-0.060377194,0.125632947,-0.194105102,-0.011951957,0.053460622,0.039794443,-0.048709684,0.016251495,-0.015820322,-0.095950647,0.10117849,-0.230164184,-0.051259909
2012/10/31,-0.086160535,-0.119024365,0.028679268,-0.001851022,0.11731145,-0.01512284,-0.019745396,-0.054068523,0.110867047,-0.254405822,0.027269608,0.277383207,-0.091518498,-0.213807719,-0.090935813,-0.109130949
2012/11/30,-0.085443637,0.148382869,-0.061017694,0.010613283,-0.055428529,-0.00951471,-0.000156755,0.093462251,0.107743369,0.047804491,-0.149146411,-0.121397833,0.043104456,0.186903514,0.1379828,0.146867487
2012/12/31,0.055923112,0.069967169,-0.174892787,-0.148941274,-0.058391384,-0.049376629,0.158050372,0.097951609,-0.094472871,-0.088231994,-0.186686465,-0.156482526,0.104651658,0.240609614,-0.107289986,-0.169969644
2013/1/31,0.164564619,-0.03370439,0.006537861,-0.103318764,-0.063399149,0.029492271,-0.111133601,-0.043099894,0.09944451,-0.194908155,-0.050344219,-0.05630303,-0.094897649,0.254364178,0.198632014,-0.222797738
2013/2/28,0.117341644,-0.060731941,0.08612958,0.033769864,-0.014833763,-0.022400839,-0.137117275,-0.109476189,-0.13915522,-0.006756519,0.070532733,0.145009296,0.002333126,-0.078800242,-0.094379226,0.061033512
2013/3/31,0.081993413,-0.001822567,-0.062011308,0.097813072,0.145776272,-0.074477311,0.037322831,-0.091937017,0.036278436,0.082790458,0.136909664,0.028886265,-0.117848658,-0.217591901,0.027708352,0.033863614
2013/4/30,-0.05135624,-0.107047309,0.022358369,-0.003367822,0.022286213,-0.063993074,0.104075205,-0.098924283,0.337023868,-0.003430332,0.010295582,0.131002095,-0.149801422,-0.014320864,-0.077967689,0.019596475
2013/5/31,0.202596417,-0.072191745,-0.083788443,0.086821661,0.08362118,0.094207086,-0.135916317,-0.049447547,-0.038147148,-0.027580924,-0.18587816,-0.412050791,0.04806921,0.085085258,0.074307495,0.063793723
2013/6/30,-0.077621003,0.271151554,-0.042061136,0.04049933,0.102483547,0.02523469,-0.090810108,-0.136140765,-2.47E-06,0.111439446,-0.144028023,-0.026831549,-0.056816853,-0.078410284,0.015457002,0.068717311
2013/7/31,-0.25030832,-0.106351572,-0.032934219,0.045325169,0.256769847,-0.131772234,-0.010014497,0.070224751,0.047593445,0.023239554,-0.219497087,-0.098237546,-0.098930644,-0.080471221,0.032287555,0.145565158
2013/8/31,-0.125474982,0.035369135,-0.040112213,-0.013608371,0.085853733,0.009174323,0.010361223,-0.048466718,0.139456604,0.033475033,-0.082330746,-0.008081575,-0.031143034,0.113644041,0.085739679,0.121346959
2013/9/30,-0.43805323,0.369763755,0.098064438,0.097951221,0.094369421,0.301593491,0.095661593,0.204264367,-0.10031922,0.063063456,0.020317748,-0.078664897,0.066500234,0.145250109,0.101316705,0.069842528
2013/10/31,-0.079158778,0.000889871,0.140629442,0.020215247,0.141410499,0.052587543,-0.157129245,-0.037207846,-0.075765495,0.000381539,-0.125841263,0.052719143,-0.106864198,0.02410524,0.051066116,0.067855154
2013/11/30,0.193837489,0.184941898,0.105319541,-0.035829117,-0.051193736,0.269371806,-0.186448308,-0.052063546,-0.001842719,-0.125555019,-0.068664337,-0.242946584,-0.13796362,0.15009943,0.064098916,0.134841847
2013/12/31,0.105104786,-0.019376529,-0.024239251,0.237294866,-0.040122776,0.105011184,0.031399403,-0.086736137,-0.151442502,0.000914227,0.005057343,0.08858989,-0.02155946,0.136768239,-0.075264891,-0.035422879
2014/1/31,-0.07097161,0.172513644,-0.0414025,0.167351042,0.251962412,-0.024998684,-0.029967526,-0.0622084,0.013538975,-0.132577195,-0.050430624,0.111529886,-0.103849244,0.205611339,0.020627849,-0.193587202
2014/2/28,-0.027215786,-0.073554952,-0.194160435,0.09240917,-0.003719094,0.248217891,0.002347275,0.030493705,0.047415355,0.010494657,-0.134342613,0.057734251,0.102471025,0.139941753,-0.090799887,0.048542787
2014/3/31,0.177030561,-0.128374682,-0.002632973,-0.145508098,-0.078091376,-0.373697191,0.028754493,0.026747635,-0.029474659,-0.002615819,-0.048891235,-0.00276638,0.07139623,-0.112754015,-0.176768744,-0.075067628
2014/4/30,0.134055801,-0.129454882,0.081553469,-0.126720363,-0.2113564,-0.241420988,0.182554417,0.195729731,-0.098779948,-0.085500953,0.287466923,0.180662109,-0.176774272,-0.175726779,0.201516712,-0.205389678
2014/5/31,0.020393443,0.0340061,0.044326266,0.046477219,0.040860643,0.174042963,0.00240301,0.049297439,-0.138710023,-0.096911898,0.14008317,-0.09299531,0.168611167,0.07815822,0.017359261,0.014660017
2014/6/30,0.013528895,0.088376302,-0.122831765,-0.100955174,0.058551809,-0.09694336,0.081225778,0.00704992,-0.001745463,-0.179941328,0.017655716,-0.084681404,-0.006832292,-0.001796082,-0.227031676,-0.015681813
2014/7/31,-0.061896365,-0.024810821,0.010224235,0.071636826,-0.309902878,-0.136349298,0.087700773,-0.027533561,0.066486247,0.075283167,-0.074639641,-0.044298627,-0.086489041,0.097328405,0.137971059,0.18821832
2014/8/31,0.016263232,0.052550363,0.025344305,-0.208345642,0.039327447,-0.008351836,-0.053278881,-0.21232062,0.164282674,0.060674571,-0.006685106,-0.151992001,-0.260556612,0.031941534,0.06097195,0.249946365
2014/9/30,-0.123010343,-0.037810005,0.020896543,0.207021778,-0.081108961,0.056421651,-0.014326485,-0.024372361,-0.065919575,0.024867498,-0.142443793,-0.137827168,-0.020571871,0.224687595,0.055339648,0.042721613
2014/10/31,-0.184434473,0.086111995,0.045701544,0.062123605,-0.039509237,-0.019082545,0.054988983,0.076971443,0.180743193,0.066217836,0.006490073,0.13131369,0.193091664,-0.021015017,0.068806694,0.10325367
2014/11/30,0.003220703,0.015037816,0.05736842,0.051697308,0.336019719,0.406115821,0.029004642,-0.015214379,0.041276221,0.105812106,0.01805788,0.042513574,-0.141633753,0.038209696,0.201762913,0.194540658
2014/12/31,-0.027117708,0.036026604,-0.134387458,-0.071583422,0.164877513,0.154420378,0.035052743,0.073016457,0.099095875,-0.001327081,-0.229742516,0.061609173,-0.022290947,-0.077773545,0.062746544,-0.063978402
2015/1/31,0.192156812,0.181712364,0.028424891,0.116801571,0.252742072,0.261630325,0.16888042,0.042747366,-0.025981342,0.09829668,0.016302665,0.153365041,-0.001715811,0.055884349,0.127305074,0.207692205
2015/2/28,-0.100962463,-0.005739766,-0.027806972,-0.077467062,-0.043235104,-0.270114256,-0.104306779,0.054333422,0.094854593,0.02795051,-0.141133256,-0.291345596,0.110241022,0.07258776,0.11747451,0.114161147
2015/3/31,-0.078723418,0.047703106,-0.115835128,0.010524219,0.411074513,0.219796406,-0.154746454,-0.068933693,0.112786884,-0.042632522,-0.044194154,-0.002984915,-0.160412032,-0.045131885,0.097601826,0.136550235
2015/4/30,0.123521849,-0.012661785,0.079079762,-0.086831173,-0.609145273,-0.603414289,0.01616834,0.068443656,-0.102535854,0.000112486,0.004564031,-0.00910729,-0.090887295,-0.051482348,-0.18674334,-0.172731132
2015/5/31,-0.076157572,-0.009496126,-0.022657363,-0.019164125,0.526286996,0.357306112,-0.074956289,-0.136355241,0.053875733,0.001335414,-0.062970407,-0.078457279,0.082089285,0.084731238,0.255570836,0.019446755
2015/6/30,-0.016583687,-0.141221527,0.01764848,0.021524341,0.343989372,0.109774964,-0.182435033,-0.023973012,-0.000814939,0.08829831,-0.241103643,-0.0171941,-0.007277713,0.036736117,-0.077693038,0.104672793
2015/7/31,-0.136341506,0.145957739,0.161278742,0.068380289,0.21533214,0.021361082,-0.122353158,0.038375317,0.088081203,0.01954256,-0.028041152,-0.089251832,-0.039436253,0.043161741,0.094398673,0.039599835
2015/8/31,0.048895686,0.005897829,-0.217498966,-0.058146583,0.062491315,-0.010256515,0.04319299,0.001805822,0.086685506,-0.045770146,-0.159456668,0.056788035,0.012443351,0.002363392,0.167622475,-0.017713753
2015/9/30,-0.163117241,0.066654872,-0.082604518,0.138814396,0.380685568,0.274443653,-0.044580045,0.037224733,0.04602044,0.087300256,-0.146474411,-0.039370034,0.024350917,0.000139133,0.083758304,0.057012728
2015/10/31,0.02647643,0.07035206,0.085416749,-0.001353076,-0.139805375,0.082647922,0.037302336,0.099213725,0.012549494,-0.024934396,-0.037868495,0.126643272,0.235151164,0.062068045,-0.106777841,-0.123727978
2015/11/30,0.033027861,0.006883606,-0.053800309,-0.014012222,0.079119877,0.126220799,0.011707544,-0.008766748,-0.015098006,0.044922933,-0.251256719,-0.234124226,0.147294497,0.195093046,-0.211982794,0.052000515
2015/12/31,-0.230671377,0.123019316,0.161100692,0.040077818,0.396052049,0.326896506,-0.031951717,0.084960103,0.044320017,0.070319727,0.039119534,-0.00789596,0.000932623,0.091206331,0.101664826,0.099692567
2016/1/31,-0.102836904,-0.067068793,0.085254377,0.063084531,0.09685818,0.064605696,0.062350678,-0.034096141,-0.004776755,0.131731192,0.088518245,-0.007228782,0.216153339,0.009547378,0.107073261,0.075149636
2016/2/29,-0.225798719,-0.083281991,0.026378642,-0.136589895,0.066835139,-0.137998469,-0.095734695,-0.00873522,-0.036725027,0.051918789,-0.087814747,0.0759627,-0.094026999,-0.071813172,0.260572218,0.144216313
2016/3/31,0.308898247,0.031762762,-0.002989233,-0.061679903,-0.374423053,-0.157220463,0.069295955,0.016772232,-0.166906473,0.005538522,0.185750312,0.029738117,-0.043330571,0.048903777,-0.144811177,-0.059661502
2016/4/30,0.279956796,0.000344301,-0.04816614,-0.098172835,-0.332751682,-0.152466402,0.058149545,0.024081474,-0.115713685,0.062819152,0.116821721,-0.043361589,-0.06719126,-0.00999405,-0.285368663,-0.156318118
2016/5/31,-0.114224724,0.154166325,0.013691898,-0.009312652,0.091094693,0.168042993,-0.144188809,0.090577143,0.017668711,0.015211728,-0.085075584,-0.08046789,0.078944912,0.046124149,-0.014818868,-0.08191172
2016/6/30,0.032853084,0.037069139,0.050867595,0.083667172,0.078375968,0.493638255,0.085949273,0.073377258,-0.097689511,0.146281253,0.154897725,0.114739634,-0.053457981,-0.088721731,0.147973457,0.096268798
2016/7/31,-0.287489787,-0.000240254,-0.053109794,-0.06102272,-0.191950247,-0.211126141,-0.137196639,0.045080619,0.097947145,-0.048619829,0.138851963,-0.059571655,0.143413591,0.19342637,0.171427809,-0.127114586
2016/8/31,0.046083058,-0.111503077,-0.041800057,-0.0596141,-0.241164327,-0.167822506,0.069893679,-0.183629427,-0.037533305,-0.074623186,-0.153438525,-0.207047409,0.067624516,0.087318577,-0.061695369,-0.046502126
2016/9/30,0.186430799,-0.043543347,-0.01563359,-0.100943777,0.221925675,0.192891076,0.152953199,-0.076347681,-0.124813343,-0.115539217,0.001634139,-0.043312035,0.228993859,0.119495335,-0.265414836,-0.191081684
2016/10/31,-0.102756621,-0.1112965,0.03258819,0.044070724,-0.296399588,-0.220326572,-0.023114085,-0.038684773,0.03671749,-0.048625286,-0.138360996,-0.176525225,-0.143278157,-0.037574774,-0.105912076,-0.011046412
2016/11/30,0.034564336,-0.221724145,-0.153812991,-0.053524419,0.19235295,0.21378978,0.025651996,0.075714565,0.050476603,0.045262912,-0.174072332,-0.20142215,0.180032035,-0.178361987,-0.06309219,0.042652267
2016/12/31,-0.054808833,-0.02292163,-0.09529749,-0.066436994,-0.124422978,0.173454919,-0.045130958,-0.060133393,-0.068733329,0.006020232,-0.022179079,-0.074065245,-0.107878465,-0.021499572,-0.136855872,-0.194011307
2017/1/31,-0.020820297,0.044797923,-0.058639147,-0.076589962,-0.051138042,0.030558642,0.007756537,0.034064914,0.063823432,-0.069357552,0.04426198,-0.025651138,0.014747737,0.184698559,0.015586458,-0.067489706
2017/2/28,-0.118639058,-0.170350244,-0.011417538,-0.06669966,0.005425742,-0.089921535,-0.178035441,-0.052373573,-0.060037655,-0.082681035,-0.262470257,0.030009079,-0.049064085,0.092463363,0.10632553,-0.131969754
2017/3/31,-0.045850654,0.039530403,0.084684011,0.102519428,-0.154908644,0.123485329,-0.103396811,0.078153798,0.186228908,-0.059400441,0.141162543,-0.231779584,0.035252088,0.127313286,0.099657434,0.033242439
2017/4/30,-0.200388578,0.080630537,0.002064095,0.072834094,-0.049894519,-0.100207748,-0.151087365,0.026157659,0.066128548,-0.205844318,-0.038838416,0.067383265,-0.090360039,0.137486585,0.062734874,-0.121765185
2017/5/31,-0.052362129,0.006012727,0.157153472,0.014025514,-0.016400911,0.447212262,-0.03747978,-0.017529592,-0.080633409,-0.15771036,0.12305741,-0.082724453,-0.108907057,0.126360391,0.066580767,0.036985923
2017/6/30,-0.059023145,-0.091364264,-0.035185036,0.004680866,0.097332774,-0.356825757,-0.132313588,-0.03499915,-0.097416253,-0.048702638,-0.108572984,-0.073259513,0.107884294,-0.108471436,-0.05932019,-0.144454908
2017/7/31,0.107221268,0.065836961,-0.021625863,0.260935224,0.061861965,0.116501358,0.040998699,0.044807901,-0.116322297,0.025068925,-0.032258024,0.01471011,-0.083498403,0.198467634,-0.138040444,-0.193268232
2017/8/31,0.008463292,0.047757758,0.059128082,-0.008244613,0.588424383,0.214334127,-0.051465075,0.068495163,0.00390271,0.074770518,-0.019647723,0.005321202,0.039064103,0.187750725,0.038290025,0.03835894
2017/9/30,0.152560618,-0.243308922,-0.033493542,0.044581093,-0.458164334,-0.075322514,0.188039026,-0.059350439,0.021372142,0.069606183,-0.177585518,-0.101464442,0.158673076,-0.069671535,0.057962195,0.112178015
2017/10/31,0.040124865,-0.001948758,-0.043738289,0.076977239,0.268928992,0.442394912,-0.124051575,-0.022332068,-0.013639273,-0.064144051,-0.076632208,-0.00668179,0.056599163,0.063377162,-0.044547115,-0.177776789
2017/11/30,-0.151581353,-0.150324569,0.145146088,0.08918303,-0.063409469,-0.109176307,0.018971388,-0.071958873,0.096322501,0.101751881,-0.011350222,-0.044952046,-0.126791512,-0.134834385,0.282848131,0.246825431
2017/12/31,0.089074198,-0.09922428,0.078663997,0.009864388,0.013222747,-0.170521203,0.12065346,-0.06613164,0.118546534,0.218047975,-0.016380646,-0.08264275,0.0880944,-0.158203342,0.134286395,0.258619551
2018/1/31,-0.020740211,-0.085457151,-0.25943482,0.024709556,0.115282195,0.216325868,-0.088861923,0.157268748,0.116855682,-0.006887596,-0.167059206,-0.024475391,0.102439339,0.080506415,0.118230564,0.148012018
2018/2/28,-0.147594357,-0.041023351,0.064584077,0.019755444,-0.028045743,0.154727788,-0.17906135,0.156638264,-0.100267329,-0.158005507,-0.152345959,-0.095659014,0.083582869,0.159001724,0.023728599,0.044737704
2018/3/31,0.112671415,0.007710223,-0.230816829,-0.087302249,-0.044858824,-0.307691954,-0.114722025,-0.136405239,-0.010278186,-0.105982131,-0.023351647,0.184103019,-0.079746323,-0.107146489,-0.116449836,-0.117389036
2018/4/30,0.161329117,-0.356360297,-0.2390008,-0.004195699,-0.009675338,0.076903591,0.051485944,-0.05606962,-0.080787531,0.029492905,-0.070022438,-0.059768553,0.034612882,-0.247775554,0.0370037,0.101777167
2018/5/31,0.116253781,0.121816859,-0.061732997,0.037390783,0.086357161,0.291214245,0.013170743,-0.07701753,0.144372217,-0.145669219,0.029515236,-0.153153236,0.152727792,0.366258403,-0.02336127,0.079670128
2018/6/30,0.092124072,0.038126056,0.084696312,0.028651327,-0.131367399,0.035477092,0.001196816,0.115233496,0.193898261,0.023736561,0.045249414,0.139036458,-0.124959516,0.067776618,0.136048847,-0.087662456
2018/7/31,-0.118739369,-0.081241709,-0.276006449,-0.064678686,-0.085981004,-0.260646045,-0.023954986,0.085633839,-0.086506571,-0.011874605,-0.15512073,-0.020257489,0.029853218,-0.307053769,0.117988373,0.057922028
2018/8/31,0.054838982,0.124454462,-0.160374149,0.131125494,0.334842667,0.269257925,-0.102560054,-0.051882152,0.153505435,0.109295621,-0.054879211,-0.018890551,0.115986522,0.116286977,0.17969491,0.245295894
2018/9/30,0.03778652,-0.057731523,0.202168822,0.122205766,0.04072702,0.138063687,-0.00323622,-0.013386617,-0.136086172,0.066075432,0.094405488,0.031238511,0.139266617,-0.203499221,0.164639306,0.156955063
2018/10/31,-0.13918754,-0.038701951,0.172863641,-0.145530212,-0.039991668,-0.278540223,-0.058410354,-0.030838838,0.135836982,0.097502757,0.101231936,0.143593694,-0.031186837,-0.251973636,-0.054391831,-0.036094966
2018/11/30,-0.12578452,-0.019257836,0.018394986,0.060498604,-0.040525849,0.020968849,-0.152912176,0.145031255,-0.009961512,0.013974609,0.056672206,0.151827245,-0.044870113,-0.131653911,0.122279837,-0.156472243
2018/12/31,-0.132685604,0.087257403,-0.167217517,0.137053494,0.343171863,0.064016951,-0.105315522,0.02302828,0.109854958,0.028801561,0.096042139,0.092277292,-0.157356571,0.234212098,0.001841656,-0.184319487
