Date,eps,eps,sps,sps,prof_mar,prof_mar,roic,roic,ninc,ninc,cfo,cfo,cf,cf,sg,sg,mom,mom,pe,pe,pb,pb
1990/3/30,,,,,,,,,,,,,,,,,0.025647476,-0.083733348,-0.37352344,0.364178817,-0.033039034,0.268243651
1990/5/31,,,0.730376407,0.437226421,0.12538906,0.256929519,,,0.922480989,0.748724764,,,,,-0.654391404,0.314377025,-0.106770671,0.070435999,0.32571837,0.584492905,-0.108206979,0.411240091
1990/6/29,,,0.80671941,0.442946184,0.000174376,0.222550121,,,0.959531444,0.620522301,,,,,-0.216600277,0.073831542,-0.045761368,0.271132419,0.221705727,0.540569461,0.1195049,0.543820291
1990/7/31,,,0.99628292,0.974077102,0.223850797,0.054840018,,,0.526519376,-0.475731812,,,,,-0.77744847,0.899543452,-0.006958286,-0.021262102,0.231128621,0.36431965,0.265362529,0.277414988
1990/8/31,-0.903738301,0.881796301,-0.990891801,0.014109243,0.043776238,-0.025575698,-0.33007351,-0.488376689,-0.159541826,0.294782793,,,0.313045204,-0.756497103,-0.299173379,-0.306621002,-0.161288705,-0.180476135,-0.09113795,-0.03644154,0.015668695,-0.134606459
1990/9/28,-0.660085033,-0.186905903,-0.142996151,0.808344027,0.101410384,-0.046737014,-0.31102818,0.153401908,0.635133033,0.37128907,,,0.325445873,-0.227152192,0.02725049,-0.479408358,0.145544817,0.064545948,0.015594493,0.16093488,0.062162079,0.142776967
1990/10/31,-0.011310646,-0.941689364,-0.555325922,-0.089595397,0.076999442,0.180023696,-0.452367781,-0.57276202,-0.077637682,0.217031488,,,0.585986771,-0.832619382,-0.129860173,-0.203256429,0.331424509,0.022954456,-0.554939131,-0.090962932,0.046423493,-0.195939147
1990/11/30,0.979431714,0.465477309,0.793828945,0.523654226,0.351908584,0.228992166,0.378799164,0.053253934,0.207094906,0.12663574,,,-0.209211338,0.166775634,-0.054397388,0.045903839,0.156368667,0.04357077,0.153783651,0.193220629,0.224957471,0.066172989
1991/1/31,0.968260246,-0.124027199,0.98047702,-0.388972765,0.182475753,-0.024230866,-0.191808906,0.181362075,0.098658371,0.279335647,,,-0.063685232,-0.402155158,0.306100862,0.4076212,0.016630939,-0.23814211,-0.147491267,0.168433921,-0.058316492,0.164070046
1991/2/28,-0.964087604,0.513129674,-0.752230155,0.978863065,-0.000162894,-0.138532787,0.378491519,0.220468875,0.004159904,-0.203760429,,,0.135783699,-0.310776148,-0.047718899,-0.043269489,-0.25469863,-0.26241245,-0.047225514,-0.22757109,-0.295350261,-0.041156338
1991/3/28,0.931939154,-0.210656263,0.741545823,-0.020610184,-0.38638449,-0.073521296,-0.392368269,0.442656147,-0.322164354,-0.046813929,,,-0.242009877,0.16654755,-0.239571564,-0.265925731,-0.422510765,-0.463099419,-0.296420523,-0.032636471,-0.234260161,-0.095872074
1991/4/30,0.257505222,0.986239829,-0.103726414,0.683469236,-0.0230409,-0.115638615,0.051790828,-0.138391856,0.217349948,-0.336633233,,,0.052238612,-0.381157637,0.244163324,-0.180434778,-0.234105272,-0.236467677,0.01501379,0.229430486,-0.067962782,0.168531841
1991/5/31,0.042098337,0.955936857,0.395363508,0.933306169,0.115657287,0.008124966,0.397039117,0.290761224,0.171727656,-0.175324166,,,0.126883229,-0.443579427,0.133662854,-0.045917596,0.252382009,0.39363843,-0.295172649,0.163402554,0.215757383,0.207766703
1991/6/28,-0.005386383,0.329400553,-0.368051463,-0.159220805,0.200816628,0.098146765,-0.006825939,-0.117959204,0.247841317,0.045441495,,,-0.025297424,0.066778508,0.06388746,0.056234349,0.04648571,-0.163586042,-0.070720652,0.118799552,0.001173259,-0.0363155
1991/7/31,0.04003772,-0.009336264,0.400052863,-0.438817128,-0.165572267,0.021681658,-0.122748257,-0.001758383,0.17351257,0.026769488,,,0.092706711,0.051661031,-0.187160086,0.008202674,0.028591271,0.210485553,0.222409857,-0.015639502,-0.225169223,0.119875439
1991/8/30,-0.075488061,0.399117365,0.29166414,-0.104115604,-0.044712327,-0.054958214,0.178995321,0.032889718,-0.096502736,0.034070237,,,-0.127328295,0.165601572,-0.046033138,-0.272395896,-0.070810564,-0.153897423,-0.276198913,0.037009471,0.104858984,0.009862083
1991/9/30,-0.687964728,0.93455877,-0.353418815,0.98876553,0.029967899,0.148307892,0.074645,0.161151679,0.025793379,0.219682718,,,-0.13198176,-0.096162707,-0.066580933,0.090630927,-0.108664859,0.068457679,0.169881542,-0.067176178,0.115471726,0.310520371
1991/10/31,0.624413653,0.835970299,0.87808163,0.823582447,-0.286846212,0.044922121,-0.204044164,0.257400617,-0.539946276,0.241099202,,,-0.041874426,0.054894325,-0.275501422,0.36430366,0.233173649,0.148593452,0.108916818,0.137118167,-0.173276231,0.229701589
1991/11/29,-0.364178392,-0.853251423,0.024704682,-0.643475645,0.152510807,0.115764716,0.035604104,-0.153250588,0.174861086,-0.013597681,,,0.04696102,0.02304531,0.11179219,-0.154427286,0.001450651,-0.061863107,-0.238098136,-0.142923062,0.067161544,-0.131465476
1992/1/31,0.983436948,0.930939297,0.978580902,0.822579044,-0.023679898,0.162231528,0.002486905,0.204557888,0.116448712,0.234459766,,,0.14911958,0.014273831,-0.057611752,0.149588938,0.096785533,0.274551672,-0.203326648,0.104829909,-0.16298319,0.179954589
1992/2/28,0.907592156,0.635743572,0.999046172,0.843580222,0.156245438,0.226523259,0.087674136,0.281273569,0.110028324,0.43449931,,,0.031317609,0.204013847,0.010427094,0.539607575,-0.1253834,0.070141318,-0.14713797,-0.085318519,-0.135007178,0.314816742
1992/3/31,0.979967652,0.863502696,0.982172734,0.969054491,-0.123547693,0.128422839,0.016029756,0.287748985,0.101843006,0.393808611,,,0.009691226,-0.017437762,0.097038723,0.484471385,-0.032937061,0.14380673,-0.166434992,0.147112267,-0.077740782,0.287895639
1992/4/30,0.930530442,-0.622825262,0.946910791,-0.90029434,0.068739068,-0.067225429,-0.158034363,-0.189181591,0.099208607,-0.114920866,,,0.048765704,0.128454323,-0.138139034,-0.006387417,0.138224765,-0.346439713,-0.116120719,-0.086147773,-0.165868721,-0.233308118
1992/5/29,0.969589828,-0.020096174,0.980142239,0.281262131,0.016593837,-0.083109743,-0.256944999,0.00511013,0.06766269,-0.0891056,,,0.093375807,-0.211952517,4.04E-05,-0.085096773,0.047391043,-0.088581008,-0.184603368,0.12085145,-0.182851197,-0.149838312
1992/6/30,-0.912805281,0.283771725,-0.931213956,-0.034436864,-0.021520751,-0.178725922,0.01355937,-0.38142495,0.105202745,0.039771356,,,-0.102871758,-0.088444895,-0.186123944,-0.192966292,0.005876979,-0.164034512,-0.231555736,-0.036492749,-0.188127846,-0.261547418
1992/7/31,-0.809718911,0.343073129,-0.900982144,-0.919265097,-0.260416707,-0.350194993,-0.209696412,-0.361332448,-0.234030582,-0.180460932,,,-0.124912611,-0.22675273,-0.222501627,-0.402952479,-0.299970343,-0.2451543,0.25302082,0.224904063,0.042192571,-0.4340627
1992/8/31,-0.716478451,-0.474433945,-0.497875117,0.933178716,-0.036718327,-0.085233388,0.007908778,-0.167363217,0.095372689,-0.180882834,,,0.105520395,0.176062,0.211901019,-0.000698861,-0.297644711,-0.130556884,0.178565825,0.287813388,-0.056477752,0.174502717
1992/9/30,-0.593079813,0.846942341,-0.771250152,-0.738900959,-0.107730939,0.294918686,0.030457779,-0.070229451,-0.095410042,0.174071105,,,0.010804813,0.069092627,-0.11772787,0.071035688,-0.089975012,-0.125340489,-0.207718628,-0.105060557,0.09340685,-0.069824314
1992/10/30,0.454959367,0.309965333,0.735039391,0.368831147,-0.04471857,0.048343749,0.014445391,0.029662217,0.109609178,0.080534973,,,-0.00844784,0.015395047,0.086698962,0.081130569,0.001892234,-0.222948555,0.186820999,-0.239137665,-0.04940194,0.073878508
1992/11/30,0.978178699,0.811653734,0.574401412,0.742674515,0.082391202,-0.021449404,0.193739207,0.110827961,-0.195569218,0.17180246,,,0.071122565,-0.140577595,-0.006444818,0.022024689,-0.117694211,-0.061777518,0.231293216,-0.09605101,0.026735726,0.173020277
1993/1/29,0.115855271,-0.136928168,0.77641306,-0.222021999,-0.049400874,0.066806428,-0.160031726,-0.044687139,-0.110118188,-0.122778674,,,-0.367899438,0.027830685,-0.020210188,0.136142931,-0.062671368,-0.103983478,0.025139695,-0.168621013,-0.230031114,-0.058146421
1993/2/26,0.594163857,0.937998828,0.207531711,0.878732768,-0.132081608,0.230885869,0.270497894,0.296217715,0.049188832,-0.308146123,,,-0.032935028,0.162093502,0.074927974,0.251290091,-0.013986739,-0.344773914,-0.144909904,-0.167958856,-0.267173776,0.245203911
1993/3/31,-0.394526305,-0.452668264,0.001720489,-0.39338726,0.157329862,-0.063460377,-0.058323696,0.046294849,0.184740045,-0.014990478,,,0.136557039,-0.038471012,0.177736922,0.208071669,0.175924454,-0.234079058,-0.222398533,0.027002422,-0.312917692,-0.012097514
1993/4/30,0.877632728,0.563860739,0.987861499,0.607470587,0.020307209,0.162988618,0.06178616,-0.121204372,-0.012941474,-0.461763394,,,0.07939793,0.059349877,-0.049974506,-0.217738756,0.068325754,0.11003678,-0.114544703,-0.404313723,0.051946561,-0.173488558
1993/5/28,0.508992477,-0.258988639,0.836778998,-0.072642738,0.074380109,-0.178273059,-0.107285135,-0.461114679,-0.09887419,-0.160732207,,,0.147325144,0.023776611,0.181848918,-0.007578108,0.039550267,0.093089194,-0.078296475,0.126544906,-0.06447907,-0.343601665
1993/6/30,-0.765068659,-0.868422852,-0.00011001,-0.701492431,0.028914066,-0.107874468,0.019497833,-0.303496211,0.023523084,-0.232558616,,,-0.024264068,-0.032579506,0.019560362,-0.300810157,0.012189319,0.070484292,0.114466254,0.007902526,0.110343317,-0.231381097
1993/7/30,-0.526608339,0.361503085,-0.957847929,0.351140746,-0.088670966,6.29E-05,0.088909332,-0.040633854,-0.045006931,0.121506597,,,-0.000879094,0.041574619,-0.250349866,-0.044121176,-0.04510799,0.088528658,0.207703935,-0.195297133,0.085569417,-0.035333365
1993/8/31,-0.928124371,-0.696502071,-0.453682252,-0.739689166,-0.072828785,-0.03897283,0.083910318,-0.071744029,0.017387087,0.146139652,,,0.100241638,-0.23678284,0.137536619,-0.265968677,-0.206663991,-0.117740797,0.058271933,0.126422551,-0.117595119,-0.203686699
1993/9/30,0.854280478,0.08556075,0.794771623,0.127785225,0.04905061,-0.026319289,0.129294063,0.03853978,-0.00446637,0.12935624,,,-0.031396729,-0.137742088,0.186336723,0.093772109,-0.007688877,0.117872236,0.034739305,0.10826526,-0.340001794,0.146291901
1993/10/29,0.112531814,0.677673661,-0.099791963,0.684675966,-0.010009628,0.124867151,-0.314457698,-0.155405099,-0.067987844,-0.078573565,,,0.240187904,0.089319604,0.055939723,-0.074264476,-0.070486764,0.385228135,-0.034374965,-0.04274594,-0.083407977,0.007720466
1993/11/30,-0.999905926,0.65898728,-0.442705459,0.556922011,0.135542426,0.101756044,-0.295053518,-0.360475647,-0.083775598,0.149355094,,,-0.029817991,-0.230846822,-0.161611916,-0.214496685,-0.07673886,0.371193398,0.029167913,-0.164254854,0.241863721,-0.293868453
1994/1/31,-0.179186497,0.666984599,0.431947427,0.796687782,0.11209158,-0.09954295,-0.040843151,0.155854211,-0.098649708,-0.041973544,,,0.077126678,0.125804356,0.124293321,0.04091332,0.226422496,-0.074455375,-0.011480791,-0.160117272,-0.171465233,-0.106049323
1994/2/28,0.747287837,0.722557363,0.100310689,0.797492446,-0.326789959,0.308434524,-0.171041754,0.117632041,0.096899846,0.361124005,,,-0.126085901,0.152133451,-0.070763577,0.080010294,0.015576857,0.439549067,-0.146847817,-0.158878392,-0.035076975,0.142048433
1994/3/31,0.858075457,0.521885814,0.43965328,0.568837249,0.009321671,-0.123841289,0.01074185,0.094132604,0.140105078,0.167531212,,,0.11592137,0.105092234,-0.110551121,-0.076286203,0.007876504,-0.328320433,0.348296086,0.026865321,-0.051845635,0.048873929
1994/4/29,-0.689378022,-0.708492644,0.533294402,-0.537252621,0.065864885,-0.238377091,0.094970581,0.148071711,-0.018994533,-0.133785122,,,-0.025831216,0.258245198,-0.149138933,0.060991185,0.02388656,-0.246986651,-0.019114294,0.408121833,0.099295651,0.201811782
1994/5/31,0.166446696,0.465780018,-0.804490758,0.630890216,0.026048278,0.249785674,0.027299975,0.088130771,0.081195029,0.062057304,,,-0.019436225,-0.006278521,-0.014299591,-0.162977207,0.063819763,-0.002593496,0.060023393,-0.048347169,-0.266331939,-0.101891038
1994/6/30,-0.240094298,-0.654841485,-0.443420111,-0.624786182,0.066094527,-0.103212636,0.110710402,-0.284612361,0.240875318,0.250384167,,,-0.054472632,0.098008646,-0.048722247,0.233302608,0.041188485,-0.000573085,-0.232705841,0.023813515,0.133129734,-0.126002565
1994/7/29,0.837286884,0.997845802,0.573774868,0.96048399,0.099493768,0.031457524,0.127423226,0.141189006,0.144449356,0.168517522,,,0.101727738,-0.074256786,0.010991786,0.380163489,-0.106157409,0.130244381,-0.008050025,0.053514862,-0.096625505,0.277551275
1994/8/31,0.167539454,-0.96594467,-0.035913589,-0.869000771,0.053653796,-0.062200668,-0.017689172,-0.144877927,-0.005609837,0.150221414,,,0.004770381,0.075292893,-0.010666525,-0.119173068,0.095762686,-0.175029728,0.046365725,0.156145068,0.134635266,0.013796428
1994/9/30,0.236651069,0.191359977,0.801491117,0.06689493,-0.095034351,-0.028525862,-0.0491583,-0.144125957,-0.087536225,-0.200670932,,,0.04575545,0.168925663,0.308130291,-0.228932339,0.021595009,-0.173144659,-0.076479895,0.128209622,0.025651544,-0.220561246
1994/10/31,0.111413812,-0.291491463,0.957996353,-0.410658949,-0.06595896,0.213676494,-0.015115632,0.099331269,-0.091303157,-0.166859068,,,-0.011348129,-0.037295967,-0.087473132,-0.187078564,-0.220304319,-0.070355494,0.151269561,0.150492733,0.072308924,0.052176854
1994/11/30,0.598068461,0.603582323,-0.165454956,0.408873452,0.193004249,-0.108933368,-0.041093764,-0.025595272,0.125276597,-0.040044529,,,0.170570494,-0.033265474,0.021200368,-0.014619051,-0.403093005,-0.049213088,-0.012785438,-0.029396385,-0.071405455,0.021016624
1995/1/31,0.78437263,-0.397043397,0.2470576,-0.070946784,0.148127054,-0.090285007,-0.205426091,-0.141578067,0.024007355,-0.001577696,-0.10021912,0.603135552,0.031251698,0.048598911,0.204420842,0.091661086,0.04383182,-0.05400915,-0.155171761,0.049624862,-0.063415009,-0.146163223
1995/2/28,-0.460557644,0.004061249,0.345018574,0.382300019,-0.019472347,0.214548831,0.022061624,0.478991165,0.176926083,0.1658167,-0.999667375,-0.41517837,-0.085732668,0.017166585,-0.009358336,0.233551269,0.118531887,-0.048354152,0.08925135,0.136224,0.021569465,0.328565658
1995/3/31,-0.276066215,-0.466998422,0.016016366,-0.349736711,0.113725916,0.086111884,0.15861824,0.396089731,0.012208463,0.022610406,-0.951900837,-0.780356592,-0.002760137,-0.011694111,-0.031041058,0.037538968,-0.022904136,0.009295451,0.024283227,-0.072005914,0.001304452,0.353607942
1995/4/28,-0.02172414,0.259032207,0.11190777,0.36694886,0.128011291,0.05171759,0.095168756,0.200446835,0.154637482,0.029685765,0.163324894,0.406849589,0.118098291,0.13583546,-0.093076441,0.258533122,-0.185915049,-0.158585265,-0.139874506,0.052842697,0.21780865,0.159348286
1995/5/31,0.042792483,0.399250346,0.189726587,0.287183316,0.225539447,0.17757645,0.231200591,0.315255481,-0.086479963,0.049412759,0.326295047,-0.027825342,0.001519774,0.066431995,-0.136088968,-0.027570787,-0.026477372,-0.144936075,-0.111199929,-0.194859115,-0.195466494,0.035775108
1995/6/30,0.311854415,-0.373775533,0.028546135,-0.253871023,0.046431751,0.092035211,-0.004398423,-0.020394883,0.111139719,-0.027742305,0.535575764,-0.38375804,0.029218685,-0.028003251,0.170945502,0.200720358,0.017193367,0.008417313,-0.071475757,-0.10691755,-0.069414657,0.04567345
1995/7/31,-0.049845624,-0.048642187,-0.357690786,0.055051028,0.183460594,0.195948235,0.045855181,-0.034030151,0.1003113,-0.235333093,-0.006609183,-0.044514646,0.076358646,-0.095074267,-0.15128121,-0.270087726,0.154888766,-0.041830327,0.081850833,-0.219988148,-0.104417014,-0.147503616
1995/8/31,0.365799094,-0.04218158,0.213758679,-0.175992644,-0.072074391,0.192288199,-0.097899437,0.190813412,0.045374406,0.062961354,0.363114505,0.046231217,0.054163516,0.039463484,0.031549987,0.312746495,0.022021471,-0.035469879,0.001740859,-0.009022844,0.300672826,0.01518129
1995/9/29,-0.196663862,0.24783023,0.156502752,0.124054608,-0.053965264,0.132221025,0.050763234,0.175277812,-0.048135494,0.24128224,-0.157299599,0.154372867,0.139884513,0.058290388,0.262203448,0.322092974,-0.032688438,-0.078735685,-0.005364027,0.11611194,0.108835687,0.023929758
1995/10/31,-0.0369671,0.399175237,-0.231796237,0.202261368,-0.09959844,0.226481696,-0.2561235,0.220868805,-0.071231868,-0.007595972,-0.185800136,0.127801499,-0.021552315,0.050672239,0.05080406,0.162514299,0.073673826,0.416308046,-0.10724282,-0.057044815,-0.17916683,0.081190107
1995/11/30,0.060912423,0.11604627,0.112864091,0.027074496,0.326722869,0.082479615,-0.01386813,0.03537695,0.284803147,-0.035589018,-0.02356815,0.223782578,-0.011557324,-0.005516424,0.009082006,0.15782618,-0.086837715,-0.136042788,-0.021553517,-0.166711697,-0.123085632,0.03695379
1996/1/31,0.125444774,0.616118188,0.006362343,0.514039281,0.036092728,0.222542937,0.113938134,0.52100148,0.017386503,0.140910225,0.135654553,0.455863894,-0.045963049,0.016426203,0.091345653,0.307695368,0.020856957,0.228634565,0.051274926,0.066557281,0.161560308,0.069177881
1996/2/29,-0.033730183,0.334657937,0.020868519,0.220636079,-0.000512064,0.015665631,-0.147305125,0.235000879,0.116166916,0.021339594,0.079467743,0.070890421,-0.092379381,-0.207229666,0.107960467,0.20872855,-0.141684288,0.259743144,-0.109023558,0.171152715,0.052186416,0.051944017
1996/3/29,0.173341714,0.337843417,0.163718952,0.322149044,0.164451255,0.198890747,-0.053029305,0.221814727,0.056810318,0.176032107,0.263485196,0.399619642,0.201944573,0.226679449,0.074711211,0.196420008,-0.010020593,0.271269074,0.214303432,-0.044729073,0.166146166,-0.007118759
1996/4/30,-0.00616352,-0.078081266,-0.016153573,-0.021852874,0.203316179,0.011185951,0.020488253,0.008162735,-0.206329754,-0.071256679,-0.04875483,-0.097944742,0.079296545,0.149215649,-0.097517037,-0.05430928,0.108613028,-0.085746493,-0.022021393,-0.076451883,-0.094784545,-6.04E-05
1996/5/31,-0.141513576,-0.010388193,0.116970298,0.231731585,-0.086174965,-0.158724819,-0.047645901,0.27358282,-0.031345261,0.126305547,0.131436582,0.017585075,0.150671822,-0.209487945,-0.072075715,0.172033778,-0.021214072,-0.018118847,-0.082937879,0.18633188,-0.164897915,0.216511982
1996/6/28,0.047426962,-0.432088606,-0.16278662,-0.170318383,0.027641597,-0.265583224,-0.042159451,-0.233692731,0.147250033,-0.156649094,0.157503662,-0.070833935,0.130931116,0.013029539,0.084201248,-0.345095672,-0.072900561,-0.374409413,0.132772097,0.006446214,0.067543687,-0.149027588
1996/7/31,-0.103734596,-0.53877414,-0.034711214,-0.344707983,-0.02046865,0.276570161,-0.238442796,-0.333032918,0.107467202,-0.073173179,0.068100113,-0.264103117,-0.078377445,-0.120321579,0.008851604,-0.266743644,0.012142794,-0.001712548,0.036387079,0.043229446,0.042472924,-0.170518275
1996/8/30,0.335553311,-0.082733182,0.041203188,0.127150827,0.023720505,0.317581535,-0.06304218,0.105447658,-0.25752689,-0.016171306,0.022426744,0.07924059,0.162643626,-0.199598281,0.030966043,0.02029847,-0.066639775,0.149896059,0.038982299,-0.104221082,0.09057247,0.061023478
1996/9/30,0.015543574,0.124769781,-0.013896965,0.253469094,0.29535685,0.145055086,0.276320152,0.209793912,0.046963942,-0.01548601,-0.079716561,0.209674316,0.056042365,0.059709887,0.100912003,0.177412496,0.104675394,-0.096320164,-0.150725908,-0.151052746,0.104055295,0.077712678
1996/10/31,-0.173161068,-0.209744165,-0.07125842,-0.202665709,0.084226968,-0.04825599,-0.063401917,-0.231357964,-0.060619332,-0.120342866,-0.124353162,-0.082032542,-0.081943285,0.148212408,0.014252921,-0.169080442,0.11361345,-0.265224493,0.109003361,-0.097584104,-0.093878421,-0.047153926
1996/11/29,0.057820776,0.315459297,-0.033480879,0.232899242,0.004037582,-0.076433444,-0.082503576,0.167447108,0.130304629,-0.048742198,-0.082339382,0.008955938,-0.107775738,-0.02872946,0.15035075,-0.007174285,-0.093556071,-0.09035228,0.095018051,-0.092154867,0.021757511,-0.04362724
1997/1/31,-0.180745271,-0.197060732,-0.106433091,0.092676319,-0.128657693,0.034483608,-0.222754597,0.177828437,-0.187767942,0.001459449,-0.18465194,0.024313055,0.20635308,0.002362623,0.148921697,-0.098749587,-0.159809957,0.061372392,-0.018511461,-0.041601316,0.116714361,0.123813098
1997/2/28,0.041489495,-0.139097431,-0.078090709,-0.082290216,0.050930856,0.04484815,0.076707904,0.085314598,0.133558041,-0.08114974,-0.017421283,-0.136557175,0.025616292,0.233399924,0.080530864,0.065813699,0.019407777,-0.054956596,-0.104063336,0.205628003,-0.035077856,0.109517918
1997/3/31,-0.12377969,-0.01882011,0.002100174,0.032599273,0.005611112,0.15598481,-0.066864824,0.092010706,-0.144864747,0.036477672,0.08407289,-0.160325105,-0.045034911,-0.025755936,-0.218488767,-0.066661704,-0.319789177,-0.067165733,-0.034921028,0.170965964,-0.133580122,0.073463789
1997/4/30,0.055005261,0.026285877,-0.082392903,0.028011812,0.008246102,0.052840037,-0.289802059,-0.210279969,0.081143761,-0.032372002,-0.003314859,0.312575581,0.112438611,0.114932167,-0.123988633,-0.151572105,0.170637764,0.164594617,0.017962687,-0.117190431,-0.170624808,-0.116758631
1997/5/30,0.22776607,0.370079232,0.158173602,0.341857027,0.075616806,0.080746975,0.163274574,0.279724506,0.010523114,-0.090158956,0.074386994,0.240965202,0.111499688,-0.103107083,0.192161244,0.142673212,-0.2258462,0.088333378,-0.032897434,0.333832872,0.208175924,0.169695598
1997/6/30,0.210808952,-0.207605464,0.065749065,0.016224636,0.261902509,0.23603078,-0.103600999,-0.029438594,0.253049926,0.102594391,0.255041114,-0.11515078,0.08582791,0.185153051,0.159400783,0.163068322,-0.011965544,0.118693485,-0.270599253,-0.074855439,0.005224661,-0.192215147
1997/7/31,0.031352466,0.472747743,-0.047019721,0.076602167,-0.186310996,-0.022148903,0.041647317,0.101175248,0.00413704,-0.108611165,-0.033973891,0.214901394,0.32759429,0.069607259,-0.100837294,-0.06685845,-0.079923114,-0.122179094,0.233093,-0.055650273,0.053762516,0.061354181
1997/8/29,-0.039498624,-0.203915879,0.01204703,-0.290145647,-0.053337066,-0.082365002,-0.076973339,-0.179697176,-0.045648968,-0.103669158,-0.141540177,-0.075028828,-0.091823161,0.063170623,0.048486495,-0.003844937,0.155548266,-0.089114583,-0.12555427,0.025171842,-0.125195896,-0.089474687
1997/9/30,0.108087591,0.092692019,-0.068129033,0.088623195,-0.01434078,0.178595891,0.030053541,0.228269392,0.036261247,-0.184227849,0.163065694,-0.0358426,-0.030007707,-0.024332677,-0.047950899,-0.147411126,-0.011399063,0.099454607,0.106701964,0.203446184,-0.120835634,0.148847872
1997/10/31,-0.095150376,-0.209408538,0.031104838,-0.299015141,-0.125498993,0.272794313,-0.077952325,-0.068463406,-0.307174821,-0.037259999,-0.104167759,-0.081777925,-0.164327541,0.109976678,-0.083546144,-0.281807023,0.084812872,-0.260292001,-0.099956641,-0.301864291,-0.025877119,-0.156693799
1997/11/28,-0.098658886,-0.012948093,-0.119251138,-0.250021394,-0.08628088,-0.148634015,-0.001892162,-0.246498122,-0.068466509,-0.014670318,0.053770548,-0.047636734,0.190212333,-0.076667595,-0.072909945,-0.129824404,0.139851157,-0.207715146,0.035349847,-0.054233411,-0.152964975,-0.108959885
1998/1/30,0.08882311,0.093869566,-0.047332711,0.230376216,-0.042919677,0.321998465,-0.025518513,0.19319273,0.181426158,0.201272857,-0.013536089,0.24369303,0.283471781,-0.04114197,-0.091380345,0.044123668,0.285697661,0.315327469,-0.240780757,0.235774659,-0.054099055,0.300932817
1998/2/27,0.065689063,0.074249506,-0.15620788,0.243139405,-0.120366653,-0.13275519,-0.139505851,0.174442164,-0.407688962,-0.087218132,0.058692886,-0.078192112,-0.158886797,-0.076506719,0.118169517,0.113449296,-0.184474537,-0.183086483,0.002286696,0.004224702,0.086304682,-0.045292115
1998/3/31,0.140909398,-0.017830375,0.069418507,-0.075280334,0.031181942,-0.173231664,0.068555307,-0.007372548,0.013538374,-0.093408956,-0.004526177,-0.027509255,0.097354963,-0.091176969,-0.059701617,-0.093319838,0.08180269,0.054173326,-0.136498667,0.036921841,-0.142311744,0.081339621
1998/4/30,0.174285007,0.349532059,-0.088489346,0.327040125,-0.03115454,0.055506383,0.078261091,0.00683687,0.025796651,0.307178981,0.127641064,0.196113827,0.045262659,0.179202589,-0.117542009,0.195018568,-0.079233676,0.155514812,0.013766428,0.033148427,0.011114731,-0.041309266
1998/5/29,0.002305645,0.299387229,-0.20665884,0.049557966,-0.058405501,-0.119501775,-0.100252275,-0.095112393,0.004233169,-0.024090554,0.017469501,0.006433592,0.086441444,0.054220234,-0.045182427,-0.031292918,0.077774069,-0.081342948,0.065369818,-0.063208398,0.03082047,-0.225032805
1998/6/30,0.110864007,-0.053760012,0.109251491,0.01835319,0.110018292,-0.186417142,-0.086776735,-0.20815373,-0.031191824,0.064019764,0.054596243,0.234592609,0.007052365,0.356542314,-0.023779388,-0.027869511,0.17251648,-0.084895943,0.11729344,-0.010352864,-0.050233086,-0.096124552
1998/7/31,0.025817926,-0.263381055,-0.061206535,-0.00159135,0.057159656,-0.008665357,0.041689486,0.114499319,-0.042438768,-0.038643797,0.178079533,-0.052779804,-0.180107778,-0.127006412,0.061788457,0.22362959,-0.12117512,-0.225547506,-0.296349666,0.008030741,0.040797259,0.262258691
1998/8/31,-0.027339251,-0.251638387,-0.114426322,-0.128067602,-0.093588677,0.091125457,-0.002694335,-0.02735911,0.171317882,-0.161019659,-0.030809631,-0.127358742,-0.097026573,-0.022861074,-0.085447537,0.002613884,0.019431205,-0.346033797,-0.239816753,-0.06219192,0.012263699,0.029564458
1998/9/30,-0.069057702,-0.164012473,-0.169117532,-0.183315851,0.025417195,0.083849481,-0.047017705,-0.079870462,-0.115753388,-0.018003677,0.130656126,-0.295272301,0.015306675,-0.129316426,0.05972162,-0.127995095,0.124441649,-0.071704497,-0.158794253,-0.170010988,-0.007095611,-0.05685973
1998/10/30,-0.018859982,0.232200473,-0.217595581,0.292707074,-0.160793372,0.006142641,-0.018075503,0.222467611,0.119748634,-0.182087175,-0.041882431,0.225722952,0.089333087,0.205487104,0.000896494,-0.025457074,-0.023102552,-0.086142465,0.083497117,0.137946506,0.045613765,0.113826753
1998/11/30,0.008774367,0.206626919,0.061231137,0.101241132,0.006553936,0.003142223,0.061262922,-0.062876813,-0.000349804,-0.047034933,0.166598185,0.161012355,0.226474212,0.110830867,-0.007779901,0.039679387,0.00647921,-0.081116756,-0.101939816,-0.059905905,-0.074116831,-0.17907877
1999/1/29,-0.132351326,-0.103083022,-0.307079787,-0.135167841,-0.06951167,-0.0651507,0.058504819,-0.128163419,-0.025854151,0.178375325,-0.083613862,-0.013113824,-0.307772553,-0.068458387,-0.099973112,-0.008187556,-0.068163523,-0.012922796,0.050209905,0.069292133,-0.073116167,0.057641131
1999/2/26,0.235296997,0.025307178,0.197477689,0.112230807,0.138552612,0.091023214,0.227379962,-0.046280732,0.28220837,0.026886277,-0.027512978,0.044362359,-0.115017589,0.065793646,0.040639454,0.058881658,-0.129506176,-0.01316326,-0.043047313,0.101344947,-0.015474228,0.021847282
1999/3/31,-0.136700646,0.02848938,-0.057095951,-0.134701828,-0.006840835,0.009462943,-0.108345372,-0.031391479,-0.247433954,0.207947901,-0.157142778,-0.068617134,0.219854893,0.024447483,0.085930532,-0.113036997,0.208470638,0.302710584,-0.188503932,-0.095613213,-0.064771872,0.009750775
1999/4/30,-0.247730389,0.165520569,-0.120959808,0.353153751,-0.011940872,-0.014384572,0.047230381,0.219172393,0.078844069,0.051519963,-0.395577635,0.224453527,-0.144615492,0.064903357,-0.09853447,0.056336866,0.388428177,0.296666305,0.040910499,0.159453011,-0.01460494,0.246431821
1999/5/28,-0.075939741,0.05835181,-0.207612613,0.136582192,-0.034245059,0.326387286,-0.165843466,0.182231862,0.034261791,0.050858515,-0.242688361,0.209752525,-0.160711052,-0.015008287,-0.075053151,0.136718923,0.118403772,0.210182483,-0.018571771,-0.058664849,-0.27775824,0.095151134
1999/6/30,0.011038274,-0.082315051,-0.0428536,-0.131215714,0.058677455,-0.035731639,-0.103584759,0.056866472,-0.011905879,-0.01367913,-0.046205172,0.076244626,-0.057117811,0.056619891,-0.107187523,-0.033806606,0.09488919,-0.267630689,-0.004908544,-0.104274601,-0.054736842,0.10258
1999/7/30,-0.061544647,0.221023266,-0.131408619,0.2553136,0.055331853,0.054815251,0.004832028,0.32583901,0.115947628,0.090515303,-0.01643404,0.12405677,-0.017457545,-0.103860652,0.040320807,0.128936514,-0.164834646,-0.117107236,0.187933354,0.058055247,-0.205794253,0.007775528
1999/8/31,0.057658956,0.147265407,0.311249714,-0.004113195,0.052797718,-0.199684069,0.068155347,-0.312137216,0.019738291,-0.001743688,0.07930083,0.143048241,0.05624297,-0.043845299,0.044216581,-0.106079253,-0.451435658,-0.34271876,-0.072224241,-0.169068013,-0.020236091,-0.145923825
1999/9/30,-0.118221726,0.118442637,0.038208431,0.27098166,0.064689978,0.054784604,0.144049268,0.08511387,0.070788241,0.11377538,0.109336121,0.267508277,0.084073859,0.018300071,0.130163032,0.091385574,-0.135824048,0.081325902,0.063909972,0.111015173,0.049632839,0.134201388
1999/10/29,0.024251377,0.448401685,0.079447674,0.422033726,0.100993014,0.155881099,0.051443433,0.095476788,0.019965384,0.2690776,-0.03584413,0.305762534,-0.057578163,0.00191271,0.122880127,0.265404293,0.259098638,0.437938426,-0.105194447,0.278290402,-0.066262854,0.179474074
1999/11/30,-0.080211391,0.147391945,-0.201635794,0.396064147,0.066146968,-0.104953022,0.071122445,0.094745097,0.065908473,-0.032016981,0.116457902,0.202714703,-0.199136677,0.099311985,-0.020606239,-0.002103733,0.025133962,0.419633053,0.035278493,0.338290096,-0.095750404,0.077461994
2000/1/31,0.103765949,-0.124400644,-0.034954027,-0.118785166,-0.011288595,-0.104489926,-0.012860542,-0.121460912,-0.018287757,0.000408377,0.098938004,-0.242534556,0.036291098,0.034721861,-0.100374409,-0.02439998,-0.190450857,-0.215307911,0.149483675,-0.140680182,-0.010441379,-0.202997003
2000/2/29,-0.130793517,0.220738559,-0.045812659,0.14325888,-0.179416464,0.033108813,-0.115886975,-0.052106014,-0.173248962,-0.016484706,0.045600635,0.161530164,-0.023461556,0.060608209,-0.223482224,-0.021676701,-0.156810588,0.259740147,0.120804529,0.259738347,0.031297137,0.103920289
2000/3/31,0.069556622,0.033668922,-0.114215264,-0.135085514,0.091035033,-0.187401708,-0.150362104,-0.226535271,-0.057513276,-0.003182207,-0.058611604,-0.040182187,0.103179464,-0.023103204,-0.150316842,0.016001837,-0.201203409,-0.254287951,0.096367334,-0.339742487,-0.160701333,-0.394924045
2000/4/28,0.185724435,0.026991183,0.153522314,-0.055236004,0.397293202,-0.034412048,0.153960053,-0.022087007,0.13782662,-0.07843252,-0.004976905,-0.216466228,0.236572143,0.036676111,0.096853683,0.043856492,-0.10370156,-0.166473257,-0.196151339,-0.055368791,-0.057348114,-0.021216313
2000/5/31,-0.028879233,0.152617711,-0.276783666,0.359007351,-0.207642258,-0.14440686,-0.026297698,0.15005447,0.018327047,0.234377983,-0.145724656,0.2120081,-0.083729061,0.098811092,-0.135316444,-0.008923685,0.052291325,0.119902804,0.208441707,0.240869815,0.181212769,0.156993444
2000/6/30,0.10195671,0.085913456,0.011474711,0.095064927,0.368386384,0.047013046,0.097949619,0.079274038,0.213006016,-0.043157573,-0.035254047,0.056058158,0.027484265,0.039236364,0.079153424,0.079862739,0.031508933,0.093485734,0.054045926,-0.006890903,0.055018621,0.080557452
2000/7/31,-0.143101907,0.106111446,-0.081187916,0.187061265,0.00757212,-0.05939803,-0.072714934,0.132829451,-0.229226672,0.113118869,-0.066211083,0.139895648,-0.008220371,-0.013189062,-0.000397393,-0.02712781,0.07478747,0.192380564,0.242445886,0.092334472,0.013242952,0.118371378
2000/8/31,0.035251968,-0.013680797,-0.097732763,0.303731039,-0.092636191,-0.140821018,-0.05501129,-0.130671227,-0.007945757,-0.062643993,0.143158259,0.076481468,-0.047568672,0.112538201,-0.065199055,0.199166922,-0.007386768,0.072979044,0.161220027,0.106185031,0.008086637,0.134959793
2000/9/29,0.030663796,-0.024714799,0.166498178,0.077496227,0.143770085,0.006324846,0.237865097,0.078082042,0.016575475,0.151114467,0.099173246,-0.030809695,0.040032804,0.044594467,0.090108184,0.029416157,0.05606189,-0.057905339,-0.025874519,0.052215372,0.140490822,0.153997926
2000/10/31,-0.022645445,0.209525246,0.043286336,0.281563312,0.03378581,-0.119228189,-0.017400591,0.134323704,-0.092495633,0.256714382,-0.112707808,0.28900796,-0.079971051,-0.117168649,-0.071849353,0.161217505,0.098001298,0.576811658,-0.000436013,0.430186395,-0.083024359,0.146024531
2000/11/30,3.05E-06,-0.005506824,0.016542515,0.376747207,-0.181264367,0.038594864,0.049786526,-0.122490756,0.053647885,0.313617444,-0.160306566,0.09747695,-0.128595799,0.012113668,-0.025680395,0.170079796,-0.02114451,0.500273935,0.156460911,0.457735217,0.202451729,0.013533159
2001/1/31,0.050695054,0.033442353,-0.060024655,-0.02979594,0.263782013,0.113645846,-0.051539394,-0.003041805,0.019014729,0.006341282,-0.183638672,-0.095518729,0.166081765,0.032916771,0.004861995,0.06009077,0.066543092,-0.091861929,-0.082456209,-0.009904648,-0.065993072,-0.116822737
2001/2/28,-0.135261049,0.237996846,0.023458038,0.238368935,0.017198989,0.024576967,-0.268573252,0.069788833,0.009430732,0.120388599,-0.106593429,0.106162547,-0.05772352,0.162696984,0.033605267,0.171429917,0.181430122,0.602035459,0.056278748,0.557286324,0.063485384,0.435330528
2001/3/30,0.171414714,-0.166217479,0.046159661,0.003570156,-0.036745441,0.034210566,0.268857044,-0.121627618,-0.061633405,-0.058502157,0.174844392,0.067909564,-0.025281617,0.073638757,0.008691825,0.123454674,-0.146726222,-0.336149564,-0.062184409,-0.195322757,-0.281301383,-0.255259258
2001/4/30,0.066854334,-0.25445613,-0.129911794,-0.266515038,0.120470448,-0.141894723,0.013896312,0.065789455,0.034154039,-0.203167862,0.11337771,-0.098557631,-0.045326235,0.082757272,0.043660977,0.024176573,-0.292416744,-0.222257855,-0.100565309,-0.189785685,-0.22908746,-0.120168847
2001/5/31,-0.152687243,-0.301785878,0.107905367,-0.153125946,-0.022830462,0.064986017,-0.043040058,-0.04990706,-0.146517509,-0.079851337,0.161313743,-0.19139426,-0.027387039,-0.074439306,0.160953461,-0.112901276,-0.233010736,-0.479632997,0.093118214,-0.341474292,0.065300437,-0.32493138
2001/6/29,0.101206231,0.16244247,0.043733262,0.301186171,-0.19548546,0.064022215,-0.14845682,0.132893238,-0.069081697,0.09222911,-0.281277488,0.214331088,-0.007437644,0.019646064,-0.042731536,0.222394031,0.040183704,0.39653145,0.007899437,0.437223922,-0.154599434,0.450713586
2001/7/31,0.096455665,-0.06775123,0.11579661,-0.01646376,-0.003376987,-0.08426263,-0.173551833,-0.031860212,0.175000298,0.017064218,-0.116604953,-0.005528593,0.01119046,-0.048864666,0.078384271,0.038274496,-0.240787926,-0.08256863,-0.009879758,-0.009233918,-0.082897305,-0.053584415
2001/8/31,0.170786239,-0.035810607,0.062714915,0.195612819,0.083127532,0.044384297,-0.090341677,-0.114557191,-0.026494429,0.024499284,0.208147578,-0.019249437,-0.063417533,0.03514576,0.093488115,0.25989263,-0.030368854,0.273789617,-0.039640094,0.214395146,0.013567619,0.064176699
2001/9/28,-0.234676432,-0.176951206,-0.082385728,-0.0425082,0.111465199,-0.095233389,-0.259801623,0.06597308,0.006520181,-0.032616216,-0.021054047,-0.193684623,-0.075811166,0.053695392,0.147395964,-0.168469397,0.310870755,0.014737479,-0.061447276,-0.073282051,-0.225664817,-0.060703719
2001/10/31,-0.08372124,-0.165884037,0.1035073,-0.216907191,0.131617744,0.072921618,0.006304188,0.236934694,-0.07478296,-0.069096138,0.057199378,-0.172578089,-0.033201926,-0.230656338,-0.070752831,-0.238045369,0.181778571,0.027349093,-0.154256647,-0.109261818,-0.05482771,-0.195830506
2001/11/30,-0.162412338,-0.285687534,-0.057665189,-0.453375046,0.079712352,0.26412285,0.037033405,0.256063123,0.010076454,-0.395709939,0.045772995,-0.216334222,0.117714823,-0.075091174,-0.00445152,-0.482437035,0.140829792,0.018387806,-0.030295343,-0.195864084,-0.047989294,-0.444176099
2002/1/31,-0.11923126,0.031555262,-0.424752882,-0.034885427,0.104807923,0.168442853,-0.06439808,-0.051638762,0.10539011,-0.058770917,-0.105699543,-0.206579521,-0.01520333,0.006665242,-0.191055847,0.131895316,0.181682684,0.06025291,-0.188975815,-0.008802967,-0.009360704,-0.177737408
2002/2/28,0.039272547,-0.031329196,-0.098760815,-0.063552659,-0.021617331,-0.138998067,-0.026243555,-0.166833917,-0.053020632,0.083457452,0.084092037,0.012323937,-0.047081032,-0.153478264,-0.228889082,-0.102131713,-0.586542657,-0.662380285,0.025167872,-0.007206731,0.057804646,-0.267192656
2002/3/28,-0.29963157,-0.250919924,-0.435756265,-0.30852593,-0.060534126,0.221227729,-0.033609729,0.067219018,-0.081457467,0.142960624,-0.385350769,-0.259074207,0.365770452,0.0059064,-0.302651149,0.009484628,0.331300132,0.622269451,-0.11328419,-0.023834097,0.011989166,-0.215426802
2002/4/30,-0.199802635,-0.073416978,-0.307462483,-0.323555955,0.255953076,0.21353432,0.093740271,0.016152335,0.128136538,0.022630072,-0.272043349,-0.326426125,-0.043176564,-0.038013021,-0.33050907,-0.060512272,0.28501291,0.415488916,-0.143972678,0.003141436,-0.066815168,-0.189887691
2002/5/31,0.177729149,0.321286329,0.151953943,0.404379122,-0.055935359,-0.079739254,0.077118444,0.030200088,-0.089183928,-0.080243239,0.168157672,-0.000628597,-0.120130605,0.036319755,0.106936833,0.113694321,-0.207990214,-0.471438906,-0.00274364,-0.010084159,-0.035067344,-0.072069436
2002/6/28,-0.338789261,-0.011551586,-0.251148202,-0.095553201,0.139333907,0.29707836,-0.01311103,0.090199588,-0.073474957,0.275728348,-0.323996312,-0.141209086,-0.004114685,-0.077012924,-0.213044437,-0.164015465,0.20713987,0.370698122,0.064396525,-0.094110216,-0.030742117,0.045732941
2002/7/31,-0.253017521,0.08227579,-0.215281403,-0.047069605,-0.049100675,0.237594468,-0.063961513,0.145884751,-0.073570145,0.230572082,-0.092002231,-0.215045218,-0.149205397,0.008012698,-0.275042908,-0.136349096,0.134145538,0.265432937,-0.019881232,0.089093121,-0.113140542,0.060623385
2002/8/30,-0.245841839,-0.094431148,-0.24895036,-0.345341287,0.003547091,0.219766781,0.005532581,0.103634127,-0.036218099,0.023695272,-0.137272144,-0.08932071,0.108172753,-0.047004932,-0.077416169,-0.007159164,0.334858308,0.112959397,-0.086825007,-0.092917002,-0.089523463,-0.069865612
2002/9/30,-0.2098789,0.064185858,-0.449597145,-0.342639314,0.137669532,0.291308697,-0.016159994,0.190067422,0.006777762,0.063386733,-0.16917712,0.071114065,0.124518825,0.221659376,0.116699949,-0.056462033,0.448370763,0.350490647,0.064466035,0.010700471,0.009437533,-0.0122032
2002/10/31,-0.032016736,0.022435412,-0.274523737,-0.152989264,0.246580466,0.065449128,-0.014049027,0.063947802,-0.164260019,-0.027825279,-0.353868807,-0.141293437,0.007883365,0.106827837,0.121642634,0.021435476,0.479908614,0.283283241,0.123080914,-0.036969832,0.015865308,0.114680502
2002/11/29,0.012187331,-0.10757443,0.194078563,0.064263953,-0.249418293,-0.28472939,-0.12390496,-0.04183561,-0.003384679,-0.097663801,0.334730719,0.09665638,0.005945221,0.125418119,-0.177815543,-0.356997995,-0.214806343,-0.394993351,-0.014020455,0.028261582,-0.045733787,-0.017946132
2003/1/31,-0.076959748,0.005040023,-0.141958137,0.177173476,-0.294973085,-0.285345909,-0.09157468,-0.172879283,0.059494282,0.094285312,0.034316807,0.19215171,-0.174007826,-0.028132213,-0.38286087,-0.195927387,-0.273617422,-0.416757101,0.068001961,0.057116777,0.003938716,-0.033834546
2003/2/28,0.060692112,0.049889805,0.074000653,0.097136771,0.130944998,0.163572308,0.030831072,0.065551899,-0.083851733,0.123337586,0.101558933,-0.091764822,0.054719527,-0.076948667,-0.009955818,0.098520621,-0.176947428,0.106976461,-0.152104862,-0.168228282,-0.042245544,-0.083827549
2003/3/31,-0.034978639,-0.016561061,-0.210631642,0.207070479,0.092663692,-0.096015487,-0.054715376,0.011095697,-0.113378063,0.166036655,-0.169521932,0.013857948,-0.085215825,-0.014028891,0.119472308,0.002584897,0.171583222,-0.042431209,0.03663181,-0.005834888,0.000247389,0.027708687
2003/4/30,-0.151329418,0.099379556,-0.325220887,0.002154366,0.39353428,0.187134159,0.121649579,0.331607063,0.03037259,0.069017113,-0.391701704,-0.072549664,0.032574844,0.015547052,0.233693433,0.267872672,0.223733022,0.024155781,-0.229862561,-0.096983314,0.02696165,-0.022544994
2003/5/30,0.021379979,0.018565985,0.149977114,0.10823678,-0.211160545,0.098451206,0.055752896,-0.194529283,-0.074993023,0.090952403,0.352831229,0.122742254,0.003682064,0.009830863,-0.241845054,-0.172224359,-0.464152009,-0.099956013,0.048480575,-0.042188349,-0.064681745,-0.128722643
2003/6/30,0.061591208,0.051752165,-0.144855362,0.013579397,0.107842592,0.223001559,0.014577943,-0.010696595,-0.052378311,0.112133824,-0.114520042,-0.123916071,0.356838989,0.001820277,0.129167523,0.278584687,0.174153997,0.066934969,-0.232752199,-0.165972179,-0.044991271,-0.054874502
2003/7/31,-0.22600831,-0.050192595,-0.045460819,0.061826758,0.163225546,-0.045743888,0.109447126,-0.119143028,0.047583575,0.093112645,-0.100236582,0.102400453,0.108368242,-0.143108557,0.252988182,0.210644443,0.098702484,-0.028979586,-0.036368008,0.041121657,0.062539696,-0.012515701
2003/8/29,-0.063975321,0.087997402,-0.154138641,0.05093289,0.148038639,0.23885809,0.075819679,0.091706822,-0.037864651,0.09788884,-0.251773085,0.06907463,0.205056307,-0.06146737,0.077333896,0.102745891,0.422067588,0.355024795,-0.145568901,-0.161650121,0.018806111,0.018099503
2003/9/30,0.056456549,-0.054055796,0.005590367,-0.027500859,-0.020665086,0.171009459,0.131674835,0.193503379,0.016660853,0.116180829,-0.049813737,-0.021157321,-0.098016679,-0.102824143,-0.053595397,0.032747259,0.235340838,0.01637296,-0.005451594,-0.063043864,0.176948586,0.130430805
2003/10/31,0.095776344,0.20333208,0.154392965,0.17930979,0.066247976,0.047203693,0.030249286,-0.039227227,-0.165415619,-0.077466962,0.063549207,0.258666869,0.193890043,-0.011182641,-0.043466044,0.097203238,-0.096574485,-0.229190441,-0.100404357,0.121659715,0.045057924,0.054322531
2003/11/28,0.008414134,0.090343936,0.048636451,0.189816651,0.268652167,-0.032734808,0.249017487,0.227531233,0.010362686,-0.036717021,-0.126268786,0.006857526,-0.030496926,-0.022355756,0.244658803,0.221839537,0.460403716,0.372006692,-0.144434331,-0.074757151,0.123707323,0.124284018
2004/1/30,0.104031357,0.065261018,0.053507317,0.07763439,-0.248875388,0.063592873,-0.079299867,-0.027683224,-0.071456235,0.158734159,0.060216698,-0.4620144,-0.005460679,0.034418178,0.019805774,0.005183894,-0.166893823,-0.342487576,0.201213707,0.054613718,-0.053679646,-0.042662109
2004/2/27,-0.071741282,-0.276271604,0.045470196,-0.131357387,-0.319694336,-0.051927968,-0.126873089,-0.236470496,-0.026733771,0.158065054,-0.035484389,-0.082891417,0.02015135,0.118861291,-0.027184631,-0.02517066,-0.244947195,-0.438985969,0.071315255,0.015585099,-0.002745401,-0.128933474
2004/3/31,0.034378616,0.161561241,0.115695951,0.020851827,0.246395408,0.008362827,0.139162347,0.126265516,-0.078006,-0.100000592,0.069097516,0.069954889,0.051429517,-0.053152072,0.065625204,0.12881758,0.155370935,0.135166365,-0.168270405,0.030255867,0.064405966,0.069945623
2004/4/30,0.251013423,-0.045098891,0.167786867,-0.118754093,-0.08011228,0.040962747,0.022364353,-0.031711542,0.096271033,0.086440431,0.204354086,0.045292148,0.065009892,0.055564253,-0.164951044,0.126157159,0.172313239,0.194926706,-0.021149871,0.107205871,-0.020641548,0.000220444
2004/5/28,0.182264122,0.020179024,0.262474641,0.161038331,0.066593123,-0.139478206,-0.025511743,-0.014195342,0.041118416,0.063327438,0.049745504,-0.023162735,0.063909708,-0.040603127,0.247846082,0.161536843,0.125794593,0.116119349,-0.078991681,0.161397774,-0.029181017,0.010204251
2004/6/30,0.097693348,0.271147637,-0.064526401,0.055054521,0.107311936,0.084717798,0.142426881,0.09395063,-0.081164647,-0.103750265,0.090816904,-0.066235752,-0.010101145,0.004223683,-0.295828872,0.193088138,-0.06163437,0.118541274,-0.010992297,-0.020605799,0.024349548,0.09831865
2004/7/30,-0.092540342,-0.098426874,-0.142285064,-0.021799278,-0.20638445,-0.060678163,-0.175635928,-0.115243381,-0.07858277,-0.104312559,0.095143758,-0.024736959,0.023195395,-0.013723646,-0.025227595,-0.190364535,0.003981226,-0.20128814,0.054496408,0.147941765,-0.060949135,-0.048919803
2004/8/31,0.0093198,-0.113256734,-0.124284794,-0.205614074,-0.032201522,-0.170124923,-0.154170468,-0.231450027,0.105627525,-0.021985659,0.142337966,-0.049234338,-0.001734776,0.086769857,0.054929998,-0.07452916,0.05413819,0.115313292,0.008326611,0.107580514,-0.063030462,-0.02724619
2004/9/30,0.07425964,-0.189439559,0.056040651,0.016749464,-0.188259873,-0.03299308,-0.074146981,0.072929424,0.218300062,0.077680423,-0.034771661,0.038726045,-0.062667043,0.08847932,0.05781659,0.040879267,-0.134092438,0.021766066,-0.026284845,-0.077257032,-0.063630385,-0.072942036
2004/10/29,-0.258790729,0.050377145,-0.001126355,0.097103969,0.077449746,-0.032946812,0.008045174,-0.009961765,0.137974002,-0.02105517,-0.103975481,0.206716473,0.035256877,0.197323289,-0.187850378,-0.013238288,-0.140850025,-0.016419143,0.133031054,0.13908749,-0.062699108,-0.033609001
2004/11/30,-0.129596934,-0.023422359,-0.093089935,-0.032169488,-0.124940016,-0.092386476,-0.180716313,-0.02867504,0.073282657,0.203524531,-0.10430236,0.003765133,-0.046181538,0.101008916,0.325187233,0.004950264,0.126419686,0.138865885,-0.038047317,0.167301059,-0.130562951,-0.010669523
2005/1/31,0.207616163,0.043276812,0.132878243,-0.068425995,0.167268758,0.086315489,-0.01587906,-0.059412966,0.010510303,0.053839193,0.116568999,-0.13853095,-0.003047511,-0.116406555,0.110568851,0.056844577,-0.117956069,-0.047257011,0.002585369,-0.002475412,0.113991352,0.041794012
2005/2/28,-0.061625637,0.038199675,-0.082070529,0.009227048,-0.17367048,0.100336016,-0.212290641,-0.09271885,0.230652265,0.094316872,-0.17652063,0.010051881,0.052578691,0.179201378,0.07862685,-0.056408097,0.106519646,0.343354374,0.103385592,0.159598566,-0.160077903,-0.1183515
2005/3/31,-0.058030029,-0.100186334,-0.055535245,-0.051497419,-0.214132158,-0.113311511,-0.140073973,0.085725495,0.036359181,-0.126264431,-0.241254333,-0.007252895,-0.002395138,-0.036833163,-0.112072268,-0.105889232,0.195074373,0.189268397,0.007178305,-0.111250704,-0.066082256,-0.020076136
2005/4/29,-0.201650021,-0.075708584,-0.055505592,-0.016122295,0.057786831,-0.077741868,-0.090646619,-0.058309035,-0.095564279,-0.053457792,-0.101225507,-0.001999246,-0.014711915,-0.233137077,-0.042831012,0.081241978,-0.198756943,-0.292408985,0.017531808,-0.221935589,0.122773331,-0.172678076
2005/5/31,-0.161749608,0.015378465,-0.189196209,-0.140717831,-0.07696143,-0.025462904,-0.105391596,-0.060032997,0.16852921,-0.026866862,-0.088842225,0.026172233,-0.025434483,-0.053821059,0.131667195,0.038135718,0.086570937,0.072894337,0.077456518,0.104558933,-0.03800521,-0.015696488
2005/6/30,0.214424312,0.177667113,0.210911672,0.175182171,0.148282087,-0.398170582,0.012975979,0.14900422,0.097203756,-0.096436533,0.072476911,0.057664445,-0.043198936,-0.085958954,-0.12014331,0.170246961,-0.165522049,-0.197346511,-0.109857532,-0.282070665,-0.098554496,0.122811589
2005/7/29,-0.146599948,0.038240025,-0.062718259,0.108613537,0.07520053,-0.08329831,0.078634838,0.084774319,0.035630667,-0.014063247,-0.160246562,0.049191646,0.083960865,-0.041054805,-0.098854457,-0.012440068,0.101305204,0.009794571,-0.062979897,-0.068474093,-0.046884428,0.090504365
2005/8/31,-0.091234965,0.190003988,-0.01168951,0.147825612,0.098610781,-0.111508369,0.134216154,0.276050727,-0.057358602,0.045396218,0.00962329,0.067972329,-0.109199273,-0.102121115,-0.184341443,0.067274083,-0.20358366,-0.064831533,-0.118566254,-0.046320819,0.018139506,0.195390369
2005/9/30,0.02754866,0.167433898,0.106319419,0.127340883,0.276603371,0.106672617,-0.100367537,-0.095336534,0.082632029,-0.050486725,-0.025749929,0.142637376,-0.023655265,-0.042455308,0.27682655,0.148690679,0.04580842,-0.01085802,0.029282438,0.117991256,-0.014722617,0.006766935
2005/10/31,-0.067658893,0.025942007,-0.348976353,-0.010486727,-0.10117201,-0.238880937,-0.111228217,0.013092529,0.075751339,-0.083205404,-0.149188758,-0.013570041,-0.020991841,0.038697655,0.060730537,-0.000281387,0.304434668,0.249766952,0.145739255,-0.012601058,-0.034879218,-0.013993681
2005/11/30,-0.076287116,-0.122859975,-0.10596248,-0.081909635,0.127528206,0.027089854,-0.018656751,-0.193706357,0.012861728,-0.002394308,-0.044119775,0.034203198,0.014207717,0.054111738,-0.379056825,-0.156506872,0.129219053,-0.122481162,-0.002350232,0.006357116,0.049206912,-0.184694212
2006/1/31,-0.056773447,0.105585779,0.045073314,-0.065869143,0.273835482,0.126524046,0.18136153,-0.120008016,-0.094325401,0.019353931,-0.02414814,0.130425683,0.068809129,0.028643256,-0.128642398,-0.108617362,0.220215986,0.050752783,-0.087810566,-0.146084269,-0.006964261,-0.008115599
2006/2/28,-0.021245868,0.273118184,0.069472084,0.261299647,0.022578036,-0.065378923,0.005485843,-0.021669922,0.04541781,0.021451177,0.117869022,0.202246195,0.059629076,0.013212964,0.100601823,0.225878426,0.032878107,0.185603044,0.021140659,0.058476594,-0.065555215,-0.23198165
2006/3/31,0.040263836,0.136319182,-0.070145458,0.080619349,-0.18149617,0.028622309,-0.109099305,-0.069482462,-0.05538391,0.088145718,-0.042275622,0.157509778,0.225767088,0.118779356,0.215173669,-0.05158385,-0.381748866,-0.010830061,-0.121591713,-0.060406448,-0.015905212,-0.151270208
2006/4/28,-0.110971593,0.013576056,0.101764545,0.055834347,-0.003346591,-0.180702813,-0.106573286,-0.068342218,0.015110894,0.247732937,0.096966243,0.166197121,-0.015820705,0.263933716,0.034013787,0.052735191,0.046013455,0.251855097,-0.018655874,-0.03081623,-0.040502464,-0.206497926
2006/5/31,0.17342944,0.032428784,0.048847123,0.071703877,-0.266807188,-0.081176101,-0.074025863,0.090470831,0.071484304,-0.174099258,0.127498061,-0.075111917,-0.027815404,-0.012878678,0.177910843,0.063166773,-0.079847893,-0.29240206,-0.079542591,0.203896228,-0.160840082,0.131483534
2006/6/30,0.051595985,-0.133447032,0.25911478,-0.077412236,0.289907028,-0.00225229,0.057334024,0.093781483,-0.07613374,0.007897564,0.042271211,0.051793662,-0.109124564,0.056214893,-0.001903816,0.115295224,0.213316725,0.130374565,0.01935738,-0.140359397,0.037941783,0.056767836
2006/7/31,-0.082965613,0.161862684,0.21541678,0.176848665,0.278646766,-0.025424533,0.057132882,0.067891526,0.165093459,0.168428499,-0.242168747,0.185038265,-0.120766847,0.108143105,0.107288403,0.322631289,0.190543026,0.163512417,0.005391514,-0.007953152,0.094390696,-0.084853775
2006/8/31,0.055555984,-0.036924509,0.118671704,-0.204911159,0.141484097,-0.171862328,-0.0295036,-0.034708485,-0.119229709,-0.072860667,-0.00463075,-0.020712363,-0.150027456,-0.035255277,-0.063219423,-0.090758806,-0.179274885,0.068223848,-0.160254939,-0.048870658,-0.097104765,-0.043339542
2006/9/29,-0.010703453,-0.005069544,-0.139432238,-0.163707721,0.024358848,0.280857137,-0.089713671,-0.031589086,-0.019986871,0.025700697,0.066952551,-0.147250886,0.012778863,-0.06743715,-0.003873176,0.027916233,-0.061760152,-0.187833449,-0.109842809,0.13142992,-0.079463312,0.001356062
2006/10/31,-0.151041771,0.169961873,0.000832609,0.321342581,-0.118743966,-0.071032701,0.09761498,0.118078311,0.022343869,0.166198709,-0.056898733,0.094995073,0.181843072,0.080490055,0.005985987,0.11759814,-0.071105703,-0.094583436,0.076197334,-0.090739842,0.157373032,-0.088470697
2006/11/30,0.088348066,0.037464424,-0.02154312,-0.022766967,0.122397602,-0.108742503,-0.155109867,0.025902888,-0.055696461,0.045420789,-0.050797796,0.166413784,0.113611897,-0.113916502,0.100776504,0.105764467,0.483446993,0.230999883,-0.125242604,-0.069215631,0.026024182,-0.161650502
2007/1/31,-0.090969887,0.130224161,-0.120710738,0.158966408,-0.022439521,0.128238166,0.211852592,0.083225035,0.152116112,0.046277688,0.022681448,0.181044276,0.012190694,-0.022032148,0.062355261,0.145252898,-0.142548392,0.021133163,-0.040023301,0.101051146,0.11378382,0.076036774
2007/2/28,0.066556451,0.072922232,0.140503248,-0.010955178,-0.071248887,0.047748806,-0.056028454,0.004643875,0.064258357,0.198528816,0.038009274,0.199875662,0.314359439,0.238095539,0.044599592,0.180129256,-0.188094462,0.355181703,-0.074500724,0.069392551,-0.002135464,0.000903928
2007/3/30,0.015416658,0.207018106,0.056007783,0.143547823,-0.261800733,0.041150768,-0.112535106,0.08354475,0.173639652,0.211861749,0.108921265,0.203066616,0.01246154,0.044260328,0.435308144,0.195579032,0.163816182,0.275382881,0.134899791,0.015061651,-0.156347489,-0.013845379
2007/4/30,0.141108709,0.122110545,0.255432567,-0.035869986,0.298960967,-0.11470254,-0.071530248,-0.02676338,0.054963685,-0.057959842,0.227896912,0.084199008,0.171423452,-0.042958854,0.106644619,0.084297299,-0.043396631,-0.288646166,-0.289960501,-0.023437379,-0.126435013,0.029817561
2007/5/31,0.058870646,0.12488815,-0.063229138,0.020154661,-0.154378865,0.166260967,0.081058866,0.126838668,-0.004779389,-0.020510645,0.107441026,-0.039037007,0.031713042,0.080324775,0.079825204,-0.169163275,0.036072531,0.176311237,0.124916273,0.150914981,-0.027628697,0.245447528
2007/6/29,-0.029519847,-0.059394368,-0.050017855,-0.07348423,0.014712397,0.100697316,-0.044551192,-0.091282748,0.045796483,0.062923196,-0.17013174,0.046367325,0.10696366,0.070879958,0.02553373,0.027153305,0.150456576,-0.055674025,-0.123157615,0.148928201,-0.060308487,-0.03654275
2007/7/31,-0.068309473,0.187288442,-0.266849026,0.032462907,-0.126454918,-0.000316184,0.048971598,0.016997443,0.241017775,0.315308041,-0.053925136,0.045100854,0.199565725,-0.074392803,0.145381594,0.23226156,0.32624166,0.332863406,0.063957769,0.111325313,-0.125237476,0.007251045
2007/8/31,0.120739682,-0.044309408,-0.24167918,-0.081106599,0.081008638,0.031571263,-0.15415285,0.000936126,-0.099939243,-0.059111396,0.002240868,-0.008704549,0.192091283,0.072580361,-0.049823166,-0.178377555,-0.062266787,-0.367816513,0.006077812,-0.142770345,-0.094766543,0.046250998
2007/9/28,0.196113827,0.150711859,-0.017925948,-0.074423002,-0.222555094,-0.062668354,0.030693734,0.046674788,-0.055988043,0.073063624,0.070387152,-0.130413386,0.073283011,-0.079585154,0.155753646,-0.000147153,0.138522292,0.070733953,-0.091815367,-0.001292149,0.048373683,0.096517672
2007/10/31,-0.05695019,0.020476361,0.038480352,-0.180134136,0.079277153,0.219430626,0.022787216,-0.027756606,0.044133218,0.137910226,-0.091271578,-0.090080518,0.027993572,-0.046197046,-0.144500818,0.137069074,-0.205598512,-0.056525599,-0.024161279,0.013112428,-0.085288608,-0.030848159
2007/11/30,-0.133631422,-0.170049897,0.152238035,-0.057027886,-0.13637911,-0.070108058,-0.071472147,-0.107597362,-0.07633058,0.055594849,0.118292968,-0.140115163,0.12659022,0.015275455,-0.123316991,-0.126916054,-0.206933254,-0.058092939,-0.23695572,-0.168199026,-0.038078324,-0.04823436
2008/1/31,0.081440126,-0.202691145,-0.020893127,-0.119671275,0.08643827,-0.123533066,0.021537727,0.067618994,-0.093960092,-0.036229392,-0.046583798,-0.128628465,-0.070616375,0.064121462,-0.162049839,0.111535043,0.170248288,0.143439186,0.098086236,0.032838598,0.011243401,-0.015418461
2008/2/29,0.023748569,-0.131116697,0.087050938,-0.071278234,0.133158607,-0.014382858,0.032699339,-0.000784191,0.059647741,-0.019773731,0.018675147,-0.012842401,-0.221344603,0.099029556,-0.078576001,-0.066019789,-0.107816721,0.028589642,-0.115210628,-0.24181823,-0.033179541,-0.133581593
2008/3/31,0.007798143,0.146800368,-0.17543233,-0.028356111,-0.162626257,0.016232097,-0.249008597,-0.092336991,0.07514629,0.046576799,-0.046512775,-0.120840556,0.082377117,-0.011517812,0.051906965,-0.058121647,-0.307717701,-0.375113721,0.029414859,-0.111838672,0.078219451,-0.069431363
2008/4/30,-0.105677246,-0.03331093,0.222225639,0.065617671,-0.11064594,0.211054438,0.043753022,-0.159397111,-0.218088572,-0.101859113,-0.082030372,-0.056128251,0.08863693,-0.26885827,-0.087029876,0.210147038,-0.215126353,-0.149521518,0.050260542,0.182478064,-0.024541694,0.086630794
2008/5/30,-0.010946711,0.073337602,-0.022269243,0.12436625,-0.003183685,-0.042359243,-0.05000499,0.048879969,0.090274026,0.089970197,0.106666949,0.017584745,-0.070810026,-0.048333324,0.076653736,0.004931779,0.07306195,-0.019465343,-0.233837598,0.07707835,0.055143417,0.014764615
2008/6/30,0.103173098,0.136300908,-0.124703819,0.040597615,-0.152515024,0.083848084,-0.035855432,0.200100628,0.030093717,-0.009787735,-0.063962628,-0.045942286,0.021024189,-0.044484712,-0.098057042,-0.020189168,-0.188765954,-0.201974711,0.285190807,0.048294832,-0.047776268,0.033315026
2008/7/31,-0.254710031,-0.136608339,-0.240847071,-0.156980004,0.027299318,-0.094350285,-0.275450899,-0.30388653,0.026666645,0.108402441,-0.0025062,-0.062036559,0.036938377,-0.074097736,-0.060161175,-0.07937805,0.236253682,0.09928235,-0.145556343,-0.007267694,0.090318723,-0.12899542
2008/8/29,0.011687193,-0.153208674,-0.078379124,0.064319048,0.067757358,-0.103535745,-0.109991693,-0.09700651,0.109706623,-0.05086489,-0.01648051,-0.213157626,-0.078162231,-0.063113733,-0.028182669,-0.029755562,0.065665625,-0.015268909,0.11183872,0.259219324,0.152818747,-0.014918853
2008/9/30,0.046191343,0.169147687,-0.151835762,-0.048659612,0.037305041,0.004095374,0.045806163,0.065969346,0.053756899,0.056464766,-0.089397817,0.061922096,0.081966411,0.128507781,0.030250632,-0.104061099,-0.124568779,-0.193598234,-0.116804115,-0.208603815,-0.031147856,-0.042299407
2008/10/31,-0.110777658,0.165786142,-0.063146085,0.0972674,0.128184291,0.067936728,-0.262231575,0.225632428,0.035215263,0.014848772,-0.140944764,0.277206279,0.033756629,-0.042118168,-0.022732185,-0.075201648,0.339673334,-0.096014093,0.152471578,-0.022265965,0.174387354,0.099083436
2008/11/28,0.160153732,0.171914518,0.074606171,0.151159831,-0.031146906,0.095451559,0.02226437,0.04419222,0.047208824,0.228850718,-0.005896599,0.000822416,-0.031377108,0.026189454,0.037199088,0.08802598,-0.005194299,0.061921132,-0.021939153,0.309700182,0.104683856,0.490706328
2009/1/30,-0.039333343,0.350868955,0.025472723,-0.015264929,0.129598338,-0.016224169,-0.006845481,0.162829337,-0.156471799,0.022751743,0.054111377,0.352972553,-0.042698699,0.115382559,-0.014864467,0.02367426,0.182357259,0.225965922,-0.008938539,0.001746991,-0.011309305,0.112238037
2009/2/27,-0.011074272,0.218977235,-0.018668025,0.107471498,0.013672562,0.183130439,0.0320088,0.089948743,0.200252225,0.025207336,-0.268924492,0.039470538,-0.166493618,-0.083214014,0.079920861,0.009799779,0.193573363,0.014794556,0.100306384,-0.03695594,-0.031904358,-0.009825257
2009/3/31,0.182713006,0.309157653,0.107447716,0.137963991,0.115051787,0.069226719,0.149787667,0.341099369,-0.083738728,0.03433011,-0.022187545,0.223897112,-0.018896565,0.091192799,0.136766465,0.252767153,0.131301092,0.361473286,-0.129653962,0.3460743,-0.017371293,0.356461045
2009/4/30,0.042694514,-0.197268218,0.125831802,-0.140429913,0.249655993,-0.005912248,-0.005542708,0.001979893,-0.02168717,-0.133237501,-0.117175605,-0.026002191,0.030430413,0.017686595,0.085003279,-0.120371519,0.056731727,-0.064353773,0.126639751,0.145882692,-0.062422468,0.011016632
2009/5/29,0.003047464,0.330334585,0.051606372,0.454757279,0.212241047,0.150542473,-0.015538447,0.18219383,0.064802116,0.125876881,-0.203879815,0.163149926,-0.111960086,0.06194994,0.201704927,0.321693326,0.260191645,0.365201993,-0.022680395,0.183152259,0.052622066,0.222243297
2009/6/30,0.046577641,0.284401935,0.053025496,0.189434832,0.186062565,0.279409016,0.047111487,0.107780617,-0.013223012,0.218594114,0.123752378,0.071484361,-0.046343928,0.139588134,0.015346795,0.217319767,0.09400446,0.064521327,0.005600212,0.099369324,0.021832776,-0.021922709
2009/7/31,-0.079751267,-0.026659968,-0.084998563,-0.097056188,0.081123671,0.186675224,0.132779758,0.172871945,0.009321241,0.109111342,-0.391441113,-0.074322762,-0.119757152,0.203092616,0.16391552,-0.134019493,0.159804966,-0.025310452,-0.033859211,-0.019127229,-0.02849873,0.118966333
2009/8/31,0.152049533,0.320796491,-0.005372754,0.276915368,0.089973247,0.029999319,0.10545986,0.180196122,-0.082163066,0.128172826,0.097805969,0.157814246,-0.048820472,0.150948781,0.096071204,0.080309849,0.323713693,0.462161705,-0.010922164,0.015742491,0.113045999,0.054855425
2009/9/30,-0.266840792,-0.284835636,-0.17779177,-0.163630381,-0.097821328,0.083069676,-0.075748422,-0.223689339,-0.115910731,-0.132990327,0.083872771,0.02491195,-0.020141441,-0.016231205,-0.087943335,-0.203953566,-0.515818828,-0.336126503,-0.036321516,-0.117439058,-0.082354568,-0.210856771
2009/10/30,0.25155697,0.210434135,0.116988609,0.185240031,0.224641226,0.139959739,0.028497739,0.185977195,0.099107934,0.066471062,0.062636892,0.263843988,-0.074560938,0.131472084,0.037290379,0.351761614,0.264179766,0.177918911,0.039032916,-0.185736323,0.051340809,-0.069308056
2009/11/30,-0.028892241,-0.005337259,-0.178018908,0.066586765,0.249707182,0.324477936,0.002531113,0.112111815,-0.006128625,0.036914004,0.060427594,0.112342449,0.09666741,0.085273935,-0.080144506,-0.021571107,0.124856033,0.071580699,-0.001711653,0.045096349,0.089922441,0.170535913
2010/1/29,-0.033685955,0.268202082,0.016625132,0.16083324,0.0787431,0.000986886,-0.098599833,-0.057450723,0.027478168,0.045696713,0.03688283,0.029449021,0.077613129,-0.136077394,0.114947094,0.197033533,0.079767342,-0.036876643,0.037232573,0.035094289,0.038673106,-0.103182916
2010/2/26,0.071270957,0.256964291,-0.044666839,0.13590591,0.104384923,0.117603603,0.247014736,0.245873808,0.085330925,0.110703531,0.092016658,0.279915607,0.051468025,0.231912859,0.024839713,0.244684006,0.03354202,0.208402214,0.081521849,-0.048856996,-0.013249301,0.140257404
2010/3/31,0.18412387,0.261003937,0.011036367,0.190079787,0.221308485,0.055467054,0.202588029,0.17460043,0.006310633,0.35541818,-0.020968575,0.183533838,-0.015883467,0.183786737,-0.049924745,0.346342658,0.371955508,0.494007613,-0.146238083,-0.007516185,0.150687129,0.176582303
2010/4/30,-0.045303968,-0.203976303,-0.036329095,-0.245846084,0.194562492,-0.096988815,0.028270966,-0.149962729,0.189192636,-0.179067558,-0.195448679,-0.021153677,0.090793994,-0.086549812,0.117485805,-0.361882944,-0.092827546,-0.457488394,-0.079406533,0.089346655,-0.019229185,0.084117532
2010/5/28,0.034263823,-0.133055685,0.041788192,-0.08071001,0.080606651,0.027674251,-0.066688122,0.151265702,0.213505825,-0.067023308,-0.109250884,-0.108152937,0.050053487,0.007911638,0.426863488,-0.082168415,-0.204783006,-0.132009114,0.032076801,0.003177802,-0.039870773,-0.028612385
2010/6/30,-0.167318494,-0.223951309,-0.28088562,-0.147719711,0.047584721,0.096208849,0.084525019,-0.005219737,-0.095324298,-0.047997109,-0.104106386,-0.145443977,-0.112347506,-0.083912105,-0.186221432,0.073309885,0.027725591,0.140957365,-0.039710671,-0.190587062,-0.0084227,-0.000795797
2010/7/30,0.008728464,-0.060172083,0.000671024,0.074691338,-0.049956145,0.26344097,0.110493939,0.156177469,-0.110919982,0.109695329,0.05559195,-0.064748921,0.052488827,0.163935447,0.058828445,0.11404403,0.172996492,0.304031426,-0.076410773,-0.040026225,0.099039005,0.101581971
2010/8/31,-0.008673896,-0.053746292,0.000479648,0.021807244,0.145816609,-0.083982111,0.072497045,0.085622011,0.047140589,0.029382369,0.079544141,-0.115535185,0.054492695,0.286749684,0.199829715,0.198702818,0.321026847,-0.01371715,-0.041107639,-0.174715593,-0.015821607,0.040730343
2010/9/30,-0.090490213,0.043372134,0.095471246,0.217468639,0.216834162,0.198242738,-0.042065286,0.071258739,0.120757726,-0.095465874,-0.083385514,7.60E-05,0.015083922,0.160037119,0.065044696,-0.001789175,-0.227575271,-0.07845529,-0.10261493,-0.140814957,-0.081220209,0.053652377
2010/10/29,0.031182374,0.219217198,-0.042154074,0.263925928,0.077727979,0.07290109,0.027782773,0.052440483,0.063029567,0.144509698,-0.072951953,0.140260846,-0.058230301,0.354457319,0.090028338,0.145995415,-0.089273438,-0.047195818,0.023501819,-0.046737376,0.081371413,0.060028706
2010/11/30,-0.082345262,0.069239589,-0.009615102,0.155692209,0.14094356,-0.066868569,0.181692456,0.175217949,0.023076782,-0.016827262,0.034516006,0.077939102,0.046077258,-0.06040179,0.218305127,-0.054382464,0.187849999,-0.048276905,0.086649973,0.155639917,0.225521859,0.144419636
2011/1/31,-0.183242147,-0.179288914,-0.169088744,-0.349263975,-0.111567858,-0.555710639,-0.039763538,-0.175077219,-0.116447426,-0.555517822,-0.310342839,-0.062455437,-0.1221629,-0.303076212,-0.271890276,-0.382083256,-0.205487356,-0.502744299,0.080898729,-0.030400599,-0.050949154,-0.201736823
2011/2/28,0.019274663,0.026106912,-0.183397128,-0.146482485,-0.153766883,-0.149717927,-0.267352842,-0.163257501,0.00463002,0.010433855,0.004040448,-0.018469828,0.153900774,-0.084916886,-0.171852863,-0.08018036,-0.676089978,-0.673077335,-0.149108438,0.427607995,-0.091847093,-0.040719199
2011/3/31,0.11359977,-0.03078628,-0.033274876,-0.063930568,-0.09176495,-0.101286757,-0.053501071,-0.253365925,-0.07525698,0.041153047,-0.034501966,0.091574733,0.052070828,-0.120126935,0.048069156,-0.123705705,-0.436749652,-0.252611298,-0.186172178,-0.100915058,-0.059773276,-0.098135233
2011/4/29,-0.105523662,-0.120867411,-0.065683851,0.065434205,-0.129961969,0.246662821,0.109277937,0.24769499,0.098382589,-0.011470336,-0.051255061,0.056904241,0.068635851,0.210798237,-0.153776459,0.002343651,0.047949547,0.006269518,0.058279527,0.058869882,0.059563553,0.037552969
2011/5/31,-0.142341773,-0.007004302,-0.240207441,-0.08240689,-0.052477731,-0.090727464,-0.270231421,-0.114541057,-0.089966866,-0.087280821,-0.262892366,0.006993216,0.063946362,0.005528443,-0.116748397,-0.236252149,0.035694355,0.120406152,0.052134057,0.238161162,-0.202260202,-0.083507855
2011/6/30,-0.003978221,-0.218203691,-0.098056748,-0.169626794,-0.116870044,-0.073739318,-0.151534833,-0.186995856,-0.184885605,0.041871241,-0.099499829,-0.081181045,-0.022831067,-0.282450497,-0.087253249,0.220819176,-0.001501555,-0.231798345,0.166839821,-0.068374797,-0.07595311,0.021522546
2011/7/29,-0.037371719,0.156516708,0.108443727,0.14916394,-0.11550761,-0.065702404,-0.2535639,-0.082631715,-0.210827418,0.000254335,-0.101106035,0.277472341,0.035106179,0.083526651,-0.112385241,-0.067892331,0.222004796,-0.013368385,0.056692615,-0.099634425,-0.222218736,0.065277378
2011/8/31,0.060073156,0.136524619,0.299456453,0.158944564,-0.008250393,0.019272945,0.222590187,0.219356373,-0.025496428,0.013843853,0.135635033,0.048021485,0.095399647,0.066478346,0.381009967,-0.316926166,-0.237211763,-0.226960456,-0.133102484,0.043258884,0.149559126,-0.099796822
2011/9/30,-0.027520053,0.172597227,-0.061805887,0.133995521,-0.107343855,0.064395459,0.000369736,0.202239856,0.015208737,0.007463882,0.009655459,0.080954272,-0.018907573,-0.03299809,0.003303876,-0.305031433,0.070838562,-0.036143494,0.006939688,0.017064872,-0.0414462,0.068960958
2011/10/31,-0.092846878,0.025316297,-0.131922059,0.1467542,0.049219681,0.040728857,-0.060686719,-0.12538436,0.017408934,0.032491617,-0.118541188,0.024555109,0.19995183,-0.102223944,-0.213999714,0.059134159,0.09707337,-0.133971401,-0.017571524,0.067255057,0.047001708,0.01453549
2011/11/30,-0.038759465,0.123979043,-0.088605386,-0.094379613,-0.330056404,0.028301012,-0.01012158,0.095561281,0.041209475,-0.078721121,0.043774501,-0.058692338,-0.093076065,0.077057467,-0.079860523,-0.262212101,-0.146938787,-0.064997321,-0.053486506,-0.001166753,-0.081112806,0.033392928
2012/1/31,0.239581752,-0.008653986,0.084107728,-0.066870444,0.060058006,-0.123720714,-0.161262345,-0.143706875,0.139621953,0.171468411,-0.000945659,-0.000210869,0.012728462,0.012430493,-0.057316857,-0.014913049,0.047911654,0.186598211,0.028197431,0.13268116,-0.117718099,-0.063031272
2012/2/29,-0.062843277,-0.11271985,-0.041580471,-0.093161492,-0.185943243,-0.131866982,-0.034427752,-0.041452253,-0.107138306,-0.029861509,0.022155893,0.01099095,0.006172004,-0.115110015,-0.062534331,0.396470272,0.077999381,-0.137931091,0.07898429,0.112410736,-0.0340566,0.002077491
2012/3/30,0.224125477,-0.19025324,-0.074819202,-0.202993484,-0.045042209,-0.157268334,-0.046081487,-0.138034981,0.071465216,-0.052186058,0.154338069,0.122176773,-0.006235359,0.010805253,0.032674101,-0.041357745,-0.172963407,0.067741644,-0.208602847,0.080738217,-0.128241306,-0.056241119
2012/4/30,0.05455276,0.090975551,0.147347972,-0.019388867,0.107476504,-0.160373035,0.043207733,0.044740979,0.083317378,-0.014070078,0.050887963,-0.077492825,0.093228566,0.066305066,-0.009255567,0.034417923,0.083002806,-0.01474224,-0.079047053,-0.14243555,-0.062312392,0.038474548
2012/5/31,0.199547232,0.06363929,0.253512661,-0.059808605,0.153386832,0.045144409,0.161847296,0.12690651,-0.075876796,0.075435258,-0.052365794,-0.099146338,0.103829791,-0.039498068,-0.087797078,-0.051441822,-0.111595779,-0.091316481,-0.046297415,-0.129361481,0.088980058,0.150667265
2012/6/29,-0.034435614,-0.124328188,-0.247634514,-0.16243984,-0.102388175,-0.043563301,-0.116306353,-0.20553,0.015730582,0.155186131,-0.073498314,0.016390729,-0.051082668,-0.021710095,0.018703354,-0.030863051,-0.025160433,-0.151093662,-0.069187189,0.091376573,0.048180046,-0.085964474
2012/7/31,-0.034672027,-0.017096384,0.065261676,0.076843924,0.08706444,-0.077266878,0.006076129,0.120689941,-0.019118107,-0.214781075,-0.00440634,-0.031704285,0.062463995,0.021403902,-0.047026949,-0.073176504,0.189001861,0.001932753,-0.042825066,-0.003634558,-0.065512145,0.119329118
2012/8/31,0.106899941,0.172755177,-0.054906708,0.326573178,-0.054839129,-0.089340297,0.067200343,0.14715909,0.091497158,0.151445703,-0.042681806,0.138364476,-0.018897197,0.079670988,0.1579145,0.18305384,-0.261683995,-0.00805091,-0.035374963,0.051486455,0.060038796,0.063066567
2012/9/28,-0.04379161,0.163525706,0.073729538,0.187091943,0.150085445,0.090139326,-0.049406813,0.034812634,-0.015017115,0.000979367,-0.036484128,0.224038909,0.071714995,-0.13755323,0.081825473,-0.02355836,0.08862462,-0.119551461,0.082110784,-0.071221863,0.045037091,0.014402626
2012/10/31,0.020348785,0.059404853,0.134048058,0.102898384,0.031727319,-0.049706926,-0.007656307,0.020102513,-0.162574381,0.123006318,-0.103193391,0.127685843,-0.002489086,-0.021884567,0.117441766,0.180005628,0.038494962,0.086664122,0.022595475,0.206483688,0.019475434,0.092888473
2012/11/30,-0.23508612,-0.332929037,-0.261336025,-0.333141931,-0.148297012,-0.131437544,-0.104160639,-0.439597551,0.00809698,0.131475539,-0.084103195,-0.222676034,0.06973847,0.078927222,-0.07569779,-0.046013315,-0.463610447,-0.18025423,0.037278015,-0.13624922,-0.085694366,-0.369236486
2013/1/31,0.091771632,-0.04710136,-0.047779997,-0.020809802,-0.007378252,-0.106313081,0.126589488,0.03241717,-0.045814595,0.036752283,0.099245857,-0.045658506,0.18656869,0.181363678,0.167861819,0.075175239,-0.071769608,-0.058083812,-0.341922257,-0.028335872,0.066434422,-0.160087645
2013/2/28,0.011556079,0.057098548,0.015543089,0.067616378,-0.078189597,-0.044633593,-0.066369938,0.003182484,-0.009343457,-0.020343324,0.048223414,-0.077425868,-0.05094016,0.017578722,0.116167891,-0.115407728,0.136942185,0.084042554,0.025906031,-0.00709332,-0.018872662,0.046033865
2013/3/28,0.02250967,0.138243145,0.01819545,0.063261527,-0.036472699,-0.076760732,0.0051323,0.17401877,-0.002895965,-0.04079936,0.002150646,0.157634969,-0.10109155,0.103698784,-0.18342689,0.030419891,-0.141145634,0.017735819,-0.133425621,0.143148001,0.023790999,0.240541361
2013/4/30,0.078250247,0.182844758,-0.098993,0.162943712,0.070981576,-0.001010533,-0.128225727,0.200111274,0.01295676,-0.014009039,-0.002495059,0.039715882,-0.065308849,-0.056656957,-0.08355256,0.013520765,-0.110625786,-0.143344644,-0.037509722,-0.092693534,-0.055409194,0.109868932
2013/5/31,0.035703018,0.123668731,0.028203403,0.153385002,-0.049412496,0.02840082,-0.049075389,0.1018167,-0.052560962,-0.004198088,0.166112966,0.146862695,0.101638489,-0.083760742,0.005569123,-0.188195528,-0.053104715,-0.228442129,-0.114713843,0.167152751,-0.025542197,0.132517961
2013/6/28,0.164885425,0.111731314,0.138948033,0.096455656,0.062059392,-0.046128485,0.00760857,0.192724901,0.026240586,-0.156185005,-0.058641249,-0.019515917,-0.00796806,-0.040537485,-0.14251741,0.104180545,-0.010802674,0.148527525,0.036942303,0.001939758,-0.014045992,-0.060349041
2013/7/31,0.061016935,0.219268742,-0.10322281,0.302698645,0.095374026,0.160805102,0.048703431,0.193659783,-0.06785074,0.12923084,-0.130437805,0.176964677,-0.083389146,0.028172536,0.008857108,0.201266574,0.227549623,-0.025794493,-0.036531319,0.082102332,-0.022430869,0.22453846
2013/8/30,0.150848679,0.165626897,0.183858451,0.143606514,-0.000453255,0.005037616,0.094263873,0.145289653,0.10253841,-0.063802504,-0.057812,-0.060543274,-0.005570796,-0.138474615,0.006995417,-0.075331029,0.222224586,0.278926314,-0.069356969,0.013527397,0.006814993,0.166299132
2013/9/30,0.050512226,0.076264618,-0.032464939,0.124447996,0.007568564,-0.155025376,0.04900041,0.100743768,-0.008024968,-0.256596019,-0.024046011,0.000760572,-0.079121369,-0.091534974,-0.27471336,-0.224133534,0.248041218,0.461701946,-0.08387922,-0.029714908,0.012870084,0.061189039
2013/10/31,-0.115493591,-0.049991615,-0.220265964,-0.106054207,-0.041575621,-0.102340387,-0.05911457,-0.053852667,0.128448553,-0.074412325,0.087680252,-0.086659422,-0.023371648,0.044452856,0.162025348,0.131190976,-0.317313303,-0.536374975,-0.015930213,0.01827185,-0.110973697,-0.127167463
2013/11/29,0.043557635,0.1264941,-0.078345142,0.152892475,0.093874364,0.045469846,-0.038785636,0.093635382,0.091944414,-0.085161031,0.177035793,-0.023712489,-0.022925724,0.105963918,0.006425538,0.038694784,0.057284475,0.286887401,0.06976503,-0.082604708,-0.022335099,0.150584029
2014/1/31,-0.030869578,-0.041819126,-0.092485506,-0.135484983,-0.063532156,0.118623892,0.013846373,-0.087031314,-0.038390101,0.113717913,-0.039014007,-0.121838906,-0.023515373,0.065261515,-0.26917272,-0.197029094,0.117531924,0.199536105,-0.004444319,-0.111991204,0.027425284,0.034834311
2014/2/28,0.08726646,0.09026307,0.100190114,-0.040327724,-0.054040035,0.077771328,0.119514164,0.077293778,0.091786258,0.086002162,-0.178926793,0.0220611,-0.039985758,0.059603601,0.113052554,0.071798562,-0.459842367,-0.541822002,0.091237548,0.002649853,0.045231967,-0.122512054
2014/3/31,-0.101252901,0.112636499,-0.279201636,-0.004829504,0.084770725,0.2751031,-0.068954636,0.086401825,-0.003134684,-0.040962517,0.082599149,0.155649812,0.100370511,0.074406849,-0.10825141,0.183231647,-0.037781779,-0.162465458,0.069116199,0.216155429,-0.148032542,0.105348684
2014/4/30,0.060509009,0.033133241,-0.326533733,-0.038792109,0.1291507,0.171548133,0.049465528,0.046448547,0.107614025,0.113315298,-0.122560705,0.020587846,-0.066273552,0.145766251,-0.220878091,-0.126344688,0.195667454,0.156918334,-0.065325003,0.150449721,-0.052044898,0.055839314
2014/5/30,-0.057004929,0.08844578,-0.161840564,0.1994051,0.271205917,0.007758364,0.001018725,0.082260765,0.008311073,-0.19291219,0.007400318,0.067574039,-0.105890194,-0.017686097,0.029473352,0.112667134,0.054206853,-0.163176991,-0.201913402,-0.00965839,-0.000724321,0.026227955
2014/6/30,0.01751573,0.111232258,-0.204648301,0.11797055,0.151633862,0.025921403,-0.025879919,-0.027517731,-0.011053394,-0.269657834,-0.083548181,-0.028008574,-0.040852783,-0.134540689,-0.103812387,0.03712545,0.207502604,-0.131510455,-0.07547025,0.052451431,-0.025260182,0.015009262
2014/7/31,0.050189705,-0.050432046,-0.001473448,-0.029648435,-0.078992069,0.053023526,-0.017660007,-0.060689629,-0.033514532,0.111840451,-0.111469961,0.017259687,0.024754816,0.076204679,-0.030619406,-0.038687582,0.030976014,0.084367691,0.006548229,-0.041134742,0.034100112,-0.008728782
2014/8/29,0.159987312,-0.060970088,-0.020206143,0.110687711,0.168683174,0.004409843,0.182276117,-0.001024584,0.117627249,0.058413683,0.036345484,0.012219335,0.020745353,0.003954806,0.175746767,0.065683325,0.110318948,-0.08813076,0.007830561,0.005102522,0.065612317,0.048586473
2014/9/30,-0.014040079,-0.024974745,-0.05223312,0.026774016,0.067666096,-0.048583497,-0.085252686,-0.088336523,0.136595519,-0.00809435,0.015495082,0.00446251,-0.03625338,0.057291198,-0.010085359,0.097543269,0.028255259,-0.179577355,-0.013043793,0.191798761,-0.059991186,-0.04843657
2014/10/31,-0.064959569,-0.029118178,-0.034865486,-0.010117178,-0.103526521,-0.009434511,-0.080839937,-0.032907901,0.003042169,-0.014079937,-0.00368014,-0.023242642,-0.099556736,0.047425065,0.099667817,-0.054387006,0.030799311,-0.097890769,-0.120282047,0.065873646,-0.067954676,-0.068111569
2014/11/28,-0.020458231,-0.058787441,-0.036322216,-0.301042295,-0.002525784,0.064412918,-0.051872981,-0.156259663,0.036726191,0.064020679,-0.044114713,-0.194488322,-0.042700121,-0.015391817,0.030222229,0.045424814,0.124828243,-0.064996872,-0.057097421,-0.107229982,-0.025410274,-0.014953733
2015/1/30,0.031893071,0.21838327,0.124408825,0.250074442,-0.065006989,0.231459287,-0.036776318,0.236202223,-0.031968411,0.100528862,-0.068865152,0.178524635,0.049563396,0.225932401,-0.010705107,-0.002904584,-0.020743677,0.152313527,1.16E-05,0.156286099,-0.070845815,0.020834633
2015/2/27,0.036607681,-0.177446225,0.033859725,-0.297585782,0.029409892,-0.172912982,-0.018227061,-0.298749571,0.046041177,-0.052254465,-0.064444972,-0.143221737,-0.002216223,0.037290224,0.052266881,-0.059345418,-0.137285145,-0.015941649,0.024142802,0.043261119,-0.098095772,-0.151595892
2015/3/31,-0.251318156,-0.091162371,-0.212412956,-0.096032298,-0.09104586,-0.025137927,-0.139628451,-0.164352554,-0.112398644,0.116162676,-0.145626786,-0.04532823,-0.179709214,0.034587712,-0.010769717,-0.074217069,-0.011998981,0.238986563,0.126559517,-0.047390724,-0.031691467,-0.113357878
2015/4/30,0.090638032,0.119530795,-0.006075151,0.03587414,0.280768561,-0.063429072,-0.002090231,-0.023831649,-0.146947132,0.044939467,0.096452973,0.002327775,-0.07738197,-0.057656041,0.086489406,-0.055469998,0.074735642,0.034909679,0.056298499,-0.050570727,-0.029525251,0.054418825
2015/5/29,-0.122515513,0.04333974,-0.158427277,0.020420506,0.084097806,-0.08036025,-0.051684108,-0.01695145,-0.040507622,-0.029571132,-0.222882719,-0.03857516,-0.01298176,0.066634443,0.042130642,-0.042529255,0.253874479,0.014079458,-0.174524506,-0.015520102,0.038451518,-0.003969832
2015/6/30,0.016442428,0.025647167,0.146792025,-0.008659369,-0.004266651,0.197042854,-0.024649959,0.156142073,0.117256138,-0.115086273,0.076666907,0.014307413,0.332744217,-0.030450425,0.223512129,0.055343403,-0.137128215,-0.223891215,-0.044195028,-0.16764778,-0.025182957,0.028050484
2015/7/31,-0.079290632,0.160881028,-0.062825633,-0.041364935,-0.064338197,0.000730505,0.038744821,-0.037817098,0.030880611,0.004702396,-0.032009757,0.123555908,0.082060819,0.063704625,-0.28163114,-0.057731016,0.093371131,0.154083529,0.057723824,0.008737101,0.187547551,-0.096698142
2015/8/31,-0.126786437,-0.095704707,-0.154317869,-0.084192509,0.042474789,-0.095252461,-0.06032603,-0.175377161,0.110562667,-0.006261794,-0.152078406,-0.002012164,-0.06191661,-0.08338978,-0.120020379,-0.015755006,0.001786479,-0.091538834,-0.065314201,-0.067218708,0.011763381,-0.059993173
2015/9/30,0.056156238,0.173211131,0.041736515,0.145592625,0.104482527,-0.044071024,0.114309996,0.032382187,-0.034615508,-0.014100483,0.12491976,0.158890268,0.014366366,0.154242286,-0.102431012,0.184698519,0.091237718,0.101230292,-0.274609497,0.106107975,0.094333183,-0.0372639
2015/10/30,-0.021485534,0.084482176,0.033650351,0.037579541,0.005202492,0.026447399,0.067249291,-0.26123135,0.100120302,-0.024610995,-0.025455871,0.14105628,-0.009245869,0.070278349,-0.033057679,0.091308762,-0.121352783,-0.159498291,-0.149027678,-0.036690706,0.074284571,-0.069811918
2015/11/30,0.008152045,0.113196277,-0.035445708,0.228569615,0.037863564,0.060041855,0.007358474,-0.06458293,0.041003532,-0.144029887,-0.04702681,0.110283744,0.145986469,-0.043478248,-0.020494621,0.21800608,-0.023915748,0.224622808,-0.41553737,0.208936092,0.041925694,0.004808741
2016/1/29,-0.112476442,-0.107711053,-0.066743226,0.023461592,-0.053575734,-0.065976494,-0.121090811,-0.11153871,-0.122979471,0.01192852,-0.038042605,0.018807925,0.09822763,-0.043743453,0.094449496,0.120025146,0.021313231,-0.045060177,-0.046607406,0.088317276,0.113373244,-0.027942442
2016/2/29,0.059090722,0.129197397,0.024954613,0.122760138,-0.001169833,-0.083162708,0.066405699,0.058737951,0.026555431,-0.043075076,-0.035266535,0.051528864,-0.005136346,0.045492732,0.067585465,0.027875478,-0.146243708,0.162930767,0.115583961,-0.010999986,0.104606297,-0.120132586
2016/3/31,0.082865301,-0.097680382,-0.116855451,0.052703281,-0.021998206,0.073316436,0.032397533,0.028373339,0.113165948,0.036017427,-0.237582606,0.104972398,-0.109198914,-0.025737172,0.04731439,-0.052632685,0.033825835,0.059922787,0.117327241,0.024003382,-0.01349351,-0.018169294
2016/4/29,-0.051079491,-0.030167009,-0.032742961,0.157744078,0.013241766,0.109635707,0.020395737,0.038955537,-0.124144192,0.197953336,-0.122749434,-0.058520797,0.080038111,0.063710056,0.228162583,0.31436539,-0.116425833,0.238078576,-0.053467884,0.124351166,-0.04218281,-0.100988379
2016/5/31,0.095395583,-0.025252566,-0.007847999,0.23908758,0.0608165,-0.153060028,-0.118925191,0.119833087,0.13081415,0.073151811,-0.026592651,0.141102501,0.048163727,-0.01396556,0.016154762,0.227381247,0.10864431,0.243719693,-0.087461556,-0.012444397,-0.218930712,-0.015465952
2016/6/30,-0.070439372,-0.149324821,-0.143695707,-0.426300618,0.036260523,-0.000276509,-0.205786612,-0.156182875,0.017566487,0.062471565,-0.018848165,-0.266651803,-0.023158921,0.072603809,-0.123314494,-0.477954568,-0.059440269,-0.491812646,0.235076783,-0.303485804,-0.087013451,-0.007002751
2016/7/29,-0.162724151,-0.104679919,-0.125540995,-0.079754383,-0.056359834,-0.096586059,-0.052782838,0.168970768,0.044425683,0.144813673,-0.009209178,0.093949341,0.03306834,-0.15935026,0.11288375,0.075776043,-0.106261238,-0.161577901,0.127862363,-0.260824294,0.071288813,0.065566227
2016/8/31,-0.001158796,0.063724993,0.103561348,0.253806144,-0.114902987,0.089842223,-0.06100166,0.087022583,0.026691006,0.103961454,-0.038162871,0.145455618,0.056747664,-0.068271034,0.113823102,0.232013409,0.036124944,0.121152792,-0.01355391,0.021423375,-0.061439693,0.0250822
2016/9/30,-0.143843051,-0.069445914,-0.022684636,-0.070898569,-0.068001337,-0.034991437,-0.159222678,-0.338834326,0.098231609,-0.113950987,-0.116190316,0.153965248,-0.046843562,0.11808886,0.100794671,0.127177373,0.125708587,0.02818457,0.102106474,0.133782808,-0.012770695,-0.127290093
2016/10/31,0.111818139,-0.003849152,0.1536916,0.177260893,0.072219498,0.143582045,0.172852773,0.083056671,-0.056820198,-0.011689745,0.14568931,0.007020401,0.003026196,-0.003531174,0.036990268,0.135457476,-0.203231897,-0.123512,-0.172524182,-0.067312575,0.061967231,-0.020197315
2016/11/30,0.041921119,0.034110903,0.159931647,0.177865995,-0.070530988,0.070438786,0.100529357,0.205397526,0.150850888,0.021587798,0.050640138,0.03093863,0.052409333,0.132269079,0.049038006,0.089389093,0.003053439,-0.197040297,0.154887801,0.149435037,0.03619468,0.018006167
2017/1/31,0.294631724,-0.13461097,0.065383795,-0.002308303,0.056678508,0.04581431,0.100459344,0.062662482,0.064806525,0.164215194,0.019843943,-0.129004499,-0.134907879,0.126130597,0.058571689,0.018857578,0.045365959,-0.168483659,-0.098529165,-0.046605406,0.089684135,-0.013464821
2017/2/28,0.124165603,0.052984,-0.00736275,0.145562814,0.070500118,0.137858567,0.20615376,0.128994702,-0.007871985,-0.03292808,-0.12216862,-0.014422307,-0.030958206,0.126433685,0.126191581,0.153678425,-0.043924522,-0.097576638,-0.132542844,0.035721125,0.043492902,0.06516935
2017/3/31,0.148013388,-0.184428392,0.028781334,-0.038920226,0.263368288,-0.241008575,0.211263717,0.009768387,0.060545569,-0.260254527,-0.037361842,-0.03003841,-0.085992806,0.066538272,0.053453209,-0.086843553,0.392637431,0.170324507,0.035903631,-0.008249344,0.08271484,-0.065948037
2017/4/28,-0.012691848,0.015239117,-0.109313493,-0.197537916,0.093744353,-0.068314499,-0.003529765,-0.129549335,0.033064437,-0.026492983,-0.118671173,-0.070037296,-0.320115344,0.005036741,-0.101602661,-0.12433545,0.221728109,-0.10804135,0.044249186,-0.208179255,-0.047342959,-0.144649258
2017/5/31,0.118099049,-0.011293686,0.06867068,0.234852369,0.030790088,0.026535505,0.096668317,0.142220086,0.161938726,0.118523903,-0.059615155,0.04312258,0.047891157,-0.04773311,0.152264901,0.168296236,0.373797468,0.135165896,0.002589983,0.174513257,-0.012584867,0.024271937
2017/6/30,0.086449422,0.125333928,0.069684231,0.080534545,0.16413619,0.00860827,0.129698915,-0.004973284,0.057370723,0.037043655,-0.003905607,0.130866043,0.11293398,0.08574823,0.182365951,0.2028308,-0.187274195,-0.167443162,0.013001273,0.176052888,-0.000760098,-0.044579739
2017/7/31,0.180733845,-0.000861105,0.070043425,0.023420414,0.283323259,-0.161005229,0.118042996,-0.029728399,0.189630862,0.010547087,0.000127854,0.014082599,0.040193582,0.077090485,0.112755585,0.129029161,0.300932359,0.213959964,-0.065076307,-0.027845843,-0.103763397,-0.148119209
2017/8/31,-0.18638882,-0.045388603,-0.115393537,-0.065122704,-0.402056478,-0.191722224,-0.336698355,-0.149586491,-0.043339817,-0.101431914,0.042926192,-0.067495792,0.123436035,-8.93E-05,-0.201232095,-0.222587001,-0.654041882,-0.563932525,-0.11547544,0.192051031,-0.172669748,0.1298454
2017/9/29,0.013794056,0.024653632,0.096745209,0.2569401,0.264260037,0.123226961,0.138544014,0.021850101,0.13624426,0.082093183,-0.059111214,0.111865592,-0.05328136,0.10438514,0.221609869,0.467956859,0.423041311,0.498614741,0.01144894,0.01167944,-0.077557639,-0.044435706
2017/10/31,0.157861745,0.027395736,0.209446735,0.059175198,0.198154555,0.074021268,0.221780402,0.046864881,0.143273718,0.039940977,0.154013044,0.057161548,-0.016871957,0.138622191,0.127450898,0.078675596,0.214665092,0.231666602,-0.098182422,0.016951309,0.004969477,-0.036518573
2017/11/30,0.2560824,0.17252793,0.213495397,0.234815851,0.258755929,0.052672533,0.390319581,0.035805263,0.043970466,0.056562376,0.104835626,0.155660264,-0.012673636,0.099292927,0.137289558,0.284125405,0.177943342,0.085693265,0.028550725,0.20719381,0.111493291,0.069064601
2018/1/31,0.028433318,-0.085632681,0.022569075,-0.007525692,0.03188892,0.09375537,0.051109897,-0.010720164,-0.079463789,0.092929286,0.134571318,-0.031048173,-0.255734341,-0.009279073,0.117453206,0.044928885,0.005016821,0.016422317,-0.050998595,0.063810296,-0.240424262,-0.00852989
2018/2/28,0.170793483,0.205867315,0.056053673,-0.052071838,0.087407022,0.226792274,0.224250532,0.383696326,-0.0900088,-0.020870105,0.061421993,0.051058865,-0.009071238,-0.008280652,0.071410514,0.030777767,0.43444564,-0.002964199,-0.069638227,-0.034051926,-0.104922827,0.138743899
2018/3/29,0.134375218,0.015720126,-0.121060553,0.027136865,0.035266723,-0.057185766,0.041866018,-0.077046672,-0.061741491,-0.174881901,0.029917559,0.001086112,0.045899898,0.109419905,0.003979549,-0.050565376,0.049046182,-0.112217415,-0.047653825,0.189968573,0.128972485,0.017168344
2018/4/30,0.161862231,-0.062950556,-0.01300725,-0.03582649,0.224730888,0.082279634,0.213238057,-0.069374111,-0.065564632,0.028360402,-0.015044512,-0.031810924,-0.211281355,0.012116276,0.309486122,0.04326167,0.133343155,0.099582691,-0.026579504,0.106552656,-0.007132574,-0.031209103
2018/5/31,0.031602167,0.153779515,0.160684493,0.144101041,0.519835972,0.216592485,0.420564115,0.136343388,0.058580934,0.010340671,0.003595931,0.073398357,-0.10316396,0.091833064,0.375865063,0.349402274,0.301300123,0.260827068,-0.265153203,-0.124493766,0.102615643,0.080793859
2018/6/29,-0.11936547,-0.145386896,-0.096401128,-0.186519164,-0.184485853,-0.051446004,0.047918611,0.060211958,-0.041547781,0.106887041,-0.049784089,-0.060284144,-0.016380277,-0.023359614,-0.146359936,-0.084687584,0.034149412,0.03956259,0.22211425,-0.182350404,0.031513264,0.109667407
2018/7/31,0.073222873,0.045765681,0.138782582,0.051103078,0.278312548,-0.003218069,0.366595657,0.134959981,0.092038646,0.194702031,0.036523907,0.164303294,0.072298019,-0.090686004,0.105014369,-0.006555563,0.021848144,-0.097300063,-0.248164772,-0.191972946,0.095526709,0.017090134
2018/8/31,0.030510732,-0.202570132,-0.196494271,-0.189961461,-0.319331946,0.089329635,-0.427867075,0.006227919,-0.035367843,-0.167373923,-0.031348549,-0.0984455,0.024794336,-0.075494708,-0.34349519,-0.256227272,-0.352667385,-0.047472475,0.281878579,0.124533887,-0.043748386,0.006328446
2018/9/28,-0.148564594,-0.28244931,-0.321722508,-0.182149697,-0.297378918,-0.233983213,-0.52193759,-0.299971137,-0.116399418,-0.225093216,-0.13451148,-0.1683896,-0.004958095,-0.064197411,-0.285403928,-0.117733118,-0.22236483,-0.272883222,0.243327916,0.20799047,-0.028897378,-0.053008355
2018/10/31,0.120346251,0.031232627,0.095114797,0.245311966,0.087961369,0.126396819,0.046866654,-0.037301969,0.168672832,0.185078968,0.006127102,0.014606955,0.011150553,-0.021880057,0.050420858,0.245142244,0.316934469,-0.030470705,0.067154776,0.067453738,0.109840125,-0.017325846
2018/11/30,0.002932108,-0.214226128,-0.056443174,-0.244418723,-0.109192209,-0.112355875,0.059690851,-0.061404309,-0.101856246,0.007755781,-0.074060024,-0.081129479,-0.019087625,0.105054198,-0.137634741,-0.055551368,0.199819844,0.572468134,0.167188008,-0.060022275,0.082058217,0.074398592
2019/1/31,0.121822194,0.153210939,0.19396049,0.213543257,0.139728585,0.211706861,0.056867168,0.065636268,0.217295488,0.166614316,-0.018705212,0.180015438,0.070747286,0.043236541,0.110017558,0.08765284,-0.286908067,-0.232385299,-0.056176661,-0.100162092,0.009117334,-0.089115676
2016/8/31,-0.017794712,-0.101198307,0.013339997,-0.041298914,0.084724021,0.013119159,-0.05440378,-0.11353003,0.045910725,-0.042713436,-0.095001599,-0.097667325,0.226856685,0.00274981,0.045116701,0.009200497,-0.148128909,0.039661136,-0.140713794,0.082409125,-0.136015876,-0.030805382
2016/9/30,-0.092743254,-0.06562895,-0.328850618,-0.087665405,-0.01175992,-0.122330209,-0.088989823,-0.084265751,0.000563594,-0.058488166,-0.113078993,-0.02600129,-0.025921041,-0.049419471,-0.019357423,-0.060159091,0.094024442,0.36076908,0.001464458,0.149965139,0.17798119,-0.047832143
2016/10/31,0.044440438,-0.102052874,0.236918419,-0.012917166,0.236945641,-0.098582504,0.402298115,-0.033999875,-0.054319822,0.034956683,0.178142826,-0.037276724,0.007377059,-0.008254351,0.126411347,0.011027801,-0.365222532,-0.145424139,-0.088539389,0.077462241,0.014994197,-0.011353402
2016/11/30,-0.137968148,-0.140904384,-0.152236038,-0.046198391,0.006669476,-0.169156103,-0.140020831,-0.099028998,-0.021286122,-0.115234389,-0.197457412,-0.120041212,0.103046484,0.097741319,-0.169121222,-0.024366437,0.203686648,0.145224529,-0.064754294,-0.033548203,-0.066873877,-0.160706012
2016/12/31,0.09380061,0.072290365,-0.015812773,-0.107121505,0.137608216,0.107000896,-0.006884148,-0.118408678,0.048343859,0.123268084,-0.08114197,-0.016223738,-0.064736288,0.004849974,-0.07690644,0.137625999,-0.107028194,0.093623768,-0.012637823,-0.026293457,-0.070311654,0.026383615
2017/1/31,0.057942701,0.164630733,0.025179514,0.175313788,0.118311114,0.121945634,0.069853286,-0.000247987,0.245835574,0.104024594,-0.037342651,0.22318187,-0.081850209,-0.080760843,0.028934519,0.202509761,-0.103555524,0.00117398,0.115167601,-0.028523654,-0.03338252,0.030267522
2017/2/28,0.169903972,0.282574475,0.109800776,0.206263292,-0.057160651,0.157632949,0.12410686,0.341465328,-0.017101366,0.13992053,0.085138365,0.092998799,-0.012123628,0.153931214,-0.051227775,-0.066804173,0.092409829,-0.200299353,-0.093236809,-0.13688633,-0.015251279,0.194548407
2017/3/31,0.080481024,0.057652283,-0.084687685,0.235443515,-0.179036881,-0.048830848,0.138750198,0.080414275,-0.047896469,0.074173597,-0.011672027,0.091751722,-0.049500168,-0.012912974,-0.003435112,0.177927431,-0.050248138,-0.00463838,0.084022918,0.059886307,0.267329149,0.077858134
2017/4/30,0.08357429,0.233680204,0.247492892,0.273967574,0.082787896,-0.006406573,0.104980564,0.177873846,0.043183891,0.064127871,0.162680912,0.290943689,-0.041118894,0.008287684,-0.01013056,-0.028697999,-0.166368442,0.0897341,-0.115608576,-0.157680226,0.136711574,0.004222011
2017/5/31,-0.00101863,0.146487372,0.023241892,0.298821092,0.114281961,0.114176317,0.100785807,0.21150818,0.059848585,-0.077341219,0.04210873,0.158124073,0.00611871,0.031647142,0.067587776,0.077954514,0.258171618,0.228780564,0.038213498,-0.093625861,0.131376204,0.064208479
2017/6/30,0.096082738,0.117631793,0.224036721,0.057605681,0.099660119,0.016107871,0.029781321,-0.089765132,-0.075922127,-0.067128416,0.086542884,-0.03108304,0.000493351,0.085158571,0.077437294,-0.105696919,-0.153824974,-0.254603663,-0.137931869,-0.155123819,0.15286692,-0.00729268
2017/7/31,0.109572722,0.108895668,0.014571309,0.13468899,0.030816931,0.015290257,-0.184969706,0.101373511,0.090317812,0.104226171,0.001564807,0.116846682,0.052971793,0.07986543,0.033386288,0.152635352,0.168433746,0.250588207,0.096254498,0.15244438,-0.185975072,0.140496197
2017/8/31,0.042928207,0.053767198,0.153110466,0.246453277,0.142945212,0.236346468,0.104029186,0.168792339,0.064685797,-0.039415847,0.126259246,0.073796384,-0.043077986,0.187191864,-0.020597785,0.138202519,0.364373969,0.477955589,0.06620227,-0.117804871,-0.221716457,-0.007926327
2017/9/30,-0.041943688,-0.338243643,-0.198125527,-0.240860043,-0.081445331,0.006693732,0.035805942,0.003966248,0.028525953,0.116152786,-0.025812506,-0.176469985,0.056402069,-0.028660694,-0.056793966,0.276364422,-0.284409073,-0.281361718,-0.11013951,-0.023349839,0.108923919,-0.07247898
2017/10/31,0.075958398,0.047754713,-0.059655636,0.139604623,0.090980215,0.128982496,-0.001461792,0.060493305,-0.047408865,-0.095879841,-0.046804445,0.058266973,-0.020435546,-0.041894148,0.040094957,0.170108107,0.317871135,0.332420502,0.101828591,0.096578811,0.039626443,-0.094233339
2017/11/30,-0.013883041,-0.065618438,-0.028084578,-0.043440227,0.04379129,-0.026546745,0.133029141,0.022905788,0.056957619,-0.071082432,-0.009944555,0.176203668,-0.139026187,0.045896858,-0.193614705,-0.230404671,-0.132030715,-0.109815769,-0.167596329,-0.106657902,-0.064672189,-0.056433667
2017/12/31,0.024840515,-0.032600531,0.146498451,-0.185467429,-0.073806927,-0.030745575,0.120467129,0.146496481,-0.049393363,0.220501879,0.033811546,-0.127993968,0.089109815,-0.048654235,0.103582774,0.180239572,-0.125837577,-0.11232446,-0.183873924,0.082103612,-0.015515226,0.026476129
2018/1/31,-0.105626429,0.066915561,0.096114429,0.260983207,-0.145782251,-0.060531834,-0.023062612,0.108537914,-0.117829635,-0.068653604,-0.131457232,0.002368633,-0.1309577,0.079663056,-0.054839492,0.156788977,0.055457232,0.301054748,-0.043013902,0.042888464,-0.219315991,-0.032863316
2018/2/28,-0.131378258,0.032292732,0.2881396,0.285761221,-0.070406216,0.026926154,0.060026621,0.185487684,-0.164864684,-0.064957954,0.075861574,0.075666006,-0.034177585,0.004370378,-0.18118096,0.090641936,-0.15470931,0.274847309,-0.043887145,-0.053953727,0.046925966,0.000634831
2018/3/31,-0.042029336,0.128885588,-0.09594111,-0.035259651,0.08105463,0.175424721,-0.022194542,0.052815322,-0.071196987,0.092140859,0.094975429,0.10875019,-0.023499824,-0.068990303,0.079219945,0.257620562,-0.124131132,-0.138096875,0.138791982,0.053191897,-0.322863736,-0.020402974
2018/4/30,-0.124584359,-0.084625093,-0.130296624,-0.117511903,0.141230499,-0.085839934,0.064946633,-0.119772905,-0.011460937,0.058562903,-0.206540047,-0.140739157,0.119194561,0.062019255,0.004668836,0.195780402,-0.242943898,0.003904119,-0.281207733,0.103550082,-0.128445514,-0.066219822
2018/5/31,-0.022044408,0.145770743,0.216716102,0.180680509,0.032582461,0.147617809,-0.046025041,0.242879686,0.056469848,-0.098092605,0.036831,-0.047094578,0.025776651,-0.127496186,0.080812472,0.266888528,0.014094097,0.332689439,0.133157321,0.078963854,-0.028046409,0.024337285
2018/6/30,-0.076810995,-0.032074884,-0.023196209,-0.002063211,0.432340346,-0.029731101,0.186389666,0.027580606,-0.015658981,-0.089945105,-0.02541303,-0.030944799,-0.052249564,-0.172389616,-0.095133199,-0.15877691,-0.278896368,-0.071139501,-0.0778849,0.138850405,-0.000109228,0.04101298
2018/7/31,0.094789252,-0.052291797,0.007476058,-0.074966084,-0.006226638,-0.198985152,0.059175896,-0.057652807,-0.006059947,-0.061722597,-0.038240157,-0.123930136,0.005274058,0.087767537,0.070484489,-0.065996148,-0.046314768,-0.317786658,-0.047571237,-0.1989766,-0.200674493,0.045404366
2018/8/31,-0.094341523,0.149201628,0.274457007,0.286277689,0.200539889,0.004194764,0.268769798,0.165935282,0.133631218,0.128476459,-0.057469861,0.165362665,0.020898289,0.154832925,0.242773036,0.050139213,0.169055926,0.43280172,0.116931133,0.040772279,-0.197239376,-0.191877022
2018/9/30,-0.055258283,-0.122095659,-0.126377437,0.024196232,-0.112912845,0.003956875,-0.076032593,0.093564581,0.037897861,0.067702156,0.031799867,0.042112774,-0.004234123,0.021257977,-0.099996306,-0.067221138,-0.020492922,0.112876075,-0.06713417,-0.098130778,0.200921034,0.071227143
2018/10/31,-0.053293341,-0.236240411,0.134431836,-0.233745562,0.263682038,0.038463628,-0.178412967,-0.047852345,0.036028178,-0.232451829,-0.019128592,-0.073368303,0.064677203,0.003183886,0.108064569,-0.390974122,0.171357225,-0.035740906,0.102163608,-0.189358416,0.108003488,0.117041238
2018/11/30,-0.008234263,-0.03367626,0.046232676,0.013019964,-0.185721253,0.236236081,-0.116032168,-0.086845103,-0.089307036,0.054046373,-0.141664363,0.084769977,0.137705718,-0.036007592,-0.094763074,-0.136002004,-0.13415773,-0.017256656,0.00644769,-0.305070391,0.01745897,-0.021492465
2018/12/31,0.043718523,-0.051678557,0.300191423,-0.067664787,0.107872519,-0.028880495,0.137122536,-0.059963403,0.162053255,-0.087787679,0.107838142,0.093302292,0.010480251,0.119897318,-0.022518892,-0.177720766,0.236962065,0.118964899,-0.135282517,0.148919609,-0.099460462,-0.15944935
